id,password,length,charset,entropy_bits
1,^Xnpqd%A;wVPU.&vjw(YUD&Qhf^<e|P:,32,alphanumericSymbols,201.1
2,3*$PnACkQ!9n-%hTcsFZ2b|?U$yR=&9s,32,alphanumericSymbols,201.1
3,"i{N%>>Ah:=w|k.@(](!]e[f{3d~4c<M,",32,alphanumericSymbols,201.1
4,nLvkce*fr#H>=g_@^quCQM9X3T7)a]YT,32,alphanumericSymbols,201.1
5,H]?^/XV%!|[<cQ2JfEqn2Z^.=YvxC<PT,32,alphanumericSymbols,201.1
6,"YL%HEm).|?R<q(FH,mpm;!*_MgNi}C,-",32,alphanumericSymbols,201.1
7,"fTe>g^P!cZzkR;AD,.u!c_;m|W_gr3WC",32,alphanumericSymbols,201.1
8,")FkZa^|M-4&key%,9mt3;XP:x$j{.2]}",32,alphanumericSymbols,201.1
9,g*pbV/egFsqiy@n@n%WRpaVJK4KH!<ZJ,32,alphanumericSymbols,201.1
10,X|U2VbrehXKi.LKaqq)a$vAb/z4yCY#Q,32,alphanumericSymbols,201.1
11,FTX;hX|a%xei<W(Nr(Q.Y~:dM%rs4g_n,32,alphanumericSymbols,201.1
12,"Jt*,.F2n)g^)WhpFPd~p4MiV%R>crx<>",32,alphanumericSymbols,201.1
13,"x{nb)i;UY.X,wxP}f/MAMHFX?bC7T@qx",32,alphanumericSymbols,201.1
14,)Z7{3j.+X|-yYcLH4*(jjd]*7>[wM(v>,32,alphanumericSymbols,201.1
15,"dm4a9~)pC+,wZ/vd=:@-*[rFc4Cp;Kgu",32,alphanumericSymbols,201.1
16,r>fya!!#.pPTVVX4R]$~F=Z]i)b7A3iW,32,alphanumericSymbols,201.1
17,rX@!d2+r<>tkUD%!^N.=gwZb$%)u<_};,32,alphanumericSymbols,201.1
18,"?~t4}C^UE=bHRg,w<!kyD>s/&Z-JE)TU",32,alphanumericSymbols,201.1
19,/)DJu(e#i2VQf<UtUA;X=?{wryJqF2.Q,32,alphanumericSymbols,201.1
20,"=s3!hk^}W*^xM#|}A{{,4]b3Cr:4@_a<",32,alphanumericSymbols,201.1
21,P(7?C.qArd2_%Z(~_Wv47TQzs;JH9~y=,32,alphanumericSymbols,201.1
22,2@7F+Xx;A*zM&F>vW:|:p<|v/iA%V_W3,32,alphanumericSymbols,201.1
23,"FN;kw:.!9/~#mV)PZQ}rc9j]T2,N!$sK",32,alphanumericSymbols,201.1
24,U.i}sN|{4$mUWtw~)gKi%*)Ymp$_LFCE,32,alphanumericSymbols,201.1
25,rpvYb=r^JK]H+%Jc4?Ww^PQHdCY3n:$/,32,alphanumericSymbols,201.1
26,"s.c[n=-N+DzWK(cha-W}39],E)m/n+?@",32,alphanumericSymbols,201.1
27,htZ^fAcZ(k[f{[%fwhqbA+M&aZRx;xZc,32,alphanumericSymbols,201.1
28,"Wa@NJ/F@aFT+XLgHNp]ar.fP&^Mr),=]",32,alphanumericSymbols,201.1
29,"x^3MV,{;r!LnQUFuRJgyP+LHv([(+=LQ",32,alphanumericSymbols,201.1
30,"t:NdZyb{=vY:vmW%Wkek/,,eZRcRAc-k",32,alphanumericSymbols,201.1
31,VY*Fjm^QQ2rs/4?3DeuxF/RDhWT)e#h<,32,alphanumericSymbols,201.1
32,m?^Pvz$+|+QUyg);CTW_hEta]JMt_kpQ,32,alphanumericSymbols,201.1
33,A<;-z$m7R[rbuakeiY+rirt]:z_9qFx:,32,alphanumericSymbols,201.1
34,"R{RCtyDKCn(s:&74Y[U7vMm7@,kMgK-e",32,alphanumericSymbols,201.1
35,i:2RR]uUAxN4Tu_zgQ3JT~m<+^~Mn{YD,32,alphanumericSymbols,201.1
36,NgpNdR^)raHE2b2^_T}@9vaw;Fb/(VEf,32,alphanumericSymbols,201.1
37,CzP@P#PgUznYQUV|b^Y-/n=|ggFzwZwh,32,alphanumericSymbols,201.1
38,"%W#KfJ@/>eNRP!A[je(PU)qND_^]9,/.",32,alphanumericSymbols,201.1
39,JnjERE(ct=.3b*d&X^zQ<Y.?y+eXnF>c,32,alphanumericSymbols,201.1
40,xLc~9Pg-xv+PH-3_U*kkyi>&g4upjW/&,32,alphanumericSymbols,201.1
41,%juC}c/:--DDk9MJ__@$w!]nQn.Fn=R|,32,alphanumericSymbols,201.1
42,%NQn7Vm:%(7p{@+m;-ahTH?@^nm^?;|M,32,alphanumericSymbols,201.1
43,":NdEax]nPD=]vmiX;?j,}aePEL2/]b_U",32,alphanumericSymbols,201.1
44,DD^NgrAAya[+M?)PL;P9fCf?UMr}7kfV,32,alphanumericSymbols,201.1
45,wH2X$&TPkvEh;2gL*YWE=d3>]h$e9.uQ,32,alphanumericSymbols,201.1
46,&*[D_J&?X</:!$$;wbs;w3]W@APvVAJa,32,alphanumericSymbols,201.1
47,c(dsNTwADgygg.M3|R>_74g@e9fC92H<,32,alphanumericSymbols,201.1
48,b-;A]grx3_U%#v!|3HuxN}#F<<mg=Y@$,32,alphanumericSymbols,201.1
49,!$39MN+a|$*kCw}kR(t/#D[:suJp*WV3,32,alphanumericSymbols,201.1
50,AAUrn}wduTd_;dhb4>b^MbT%Dtv2iQDH,32,alphanumericSymbols,201.1
51,",(/AqcDY^#AVyL:WuZ%~-3ex<:NN~qpb",32,alphanumericSymbols,201.1
52,"?&LDZDFs][AU)>$JfT^qb,:abN)<p&ED",32,alphanumericSymbols,201.1
53,E<Z.7Ax&K=u=yV~?jE!?Fu;#]Xb^&P&@,32,alphanumericSymbols,201.1
54,"V7CjTQt;:dzHw(,+|[!R:-zgDWx|?r+:",32,alphanumericSymbols,201.1
55,C#_Kx_=n~^V@zxXLs(h-xQnX?>._=(;h,32,alphanumericSymbols,201.1
56,:kQ3JNfzA<CN]}g.{_>}?ffQp*3ZZhH},32,alphanumericSymbols,201.1
57,}ab!:h(FHntsR&v?)[?E7KVJt?};p&n.,32,alphanumericSymbols,201.1
58,(e*;r?Yh?Z!-Pk!:L-gYb~}~a9{MUi/N,32,alphanumericSymbols,201.1
59,}|([#+b-J&Vn*+A/k^3P$.PjJc!~/M[<,32,alphanumericSymbols,201.1
60,$HY-m(*d#dt}=<}F@s4!T)yw={|&nm@q,32,alphanumericSymbols,201.1
61,CF]Q;zbk>i=]XaW)R}:vAE(;+-XqJ~PA,32,alphanumericSymbols,201.1
62,YTHC3=Q?s;RYbP9;t%DAFimN#;d=XM#{,32,alphanumericSymbols,201.1
63,Naeeh%@Cxi(i?)X;n3+uj_hbq@H?NK|R,32,alphanumericSymbols,201.1
64,;vPUXMg@mPp+tknL2a{:fy-Xspk.(JD@,32,alphanumericSymbols,201.1
65,"Y2T]a^msc[;?zwgpH!Ee&Nt.M}c%?,dZ",32,alphanumericSymbols,201.1
66,~Kgaas=Aq[Xv^):ni|?%3Q]#%)<fFNDi,32,alphanumericSymbols,201.1
67,47D?gZ/dzvZ!Vwf&~74^PZ2:}yJin^hZ,32,alphanumericSymbols,201.1
68,:):^nn!jfy@!j;<hcPt:HCsV}$s+v(uV,32,alphanumericSymbols,201.1
69,".q:P-ig}Q+h,X/|2@=nZN9-_!*Jmkyqb",32,alphanumericSymbols,201.1
70,Nqi=:[C*q4nNi4gV&.[hmK~;%UVi94^_,32,alphanumericSymbols,201.1
71,":,-:wi;_m,f3ruedT@Um*zr3q3w3tt{L",32,alphanumericSymbols,201.1
72,[yq3T</@iXX$<K3uKK!E=fJA<CXzWAhV,32,alphanumericSymbols,201.1
73,)!;XqpQ2NQ(tcpU!-bm/)VTbyzA4Mw}H,32,alphanumericSymbols,201.1
74,"V!r@>@a^]a2Da,(*M3AU$!K^=(3pssL>",32,alphanumericSymbols,201.1
75,keWJ+:jF[_*PD3^$?]?U+J@J^w/?|u]R,32,alphanumericSymbols,201.1
76,iJAWUX?@iA?:]KDY;pXq-p>/Rv{w;W+^,32,alphanumericSymbols,201.1
77,"?V/-rs,3V|>x/R(%3/?@i~<]mq!,XC>h",32,alphanumericSymbols,201.1
78,r%uEDss3/f>rD9tCUa4_]_9Z>y~~)F*X,32,alphanumericSymbols,201.1
79,hYgC_/3eK?){L?}nqc_cD!hxYa!Hzys%,32,alphanumericSymbols,201.1
80,F3hCJ(vJvx_+*)Cd&#ms@WbqwCDR7}P#,32,alphanumericSymbols,201.1
81,K<<LWrQfV94CD!nqFWXXK~3T#g:D:Wgt,32,alphanumericSymbols,201.1
82,<@pb}CpRjh}gFvN|Tej@ZKD*4R4##R{+,32,alphanumericSymbols,201.1
83,"2krZ]@b-<d>%L<~zJsR#(97Nr,Rt#uAw",32,alphanumericSymbols,201.1
84,"JPc~yet,.^TebYAQ/-L><NQ_{gj,))9g",32,alphanumericSymbols,201.1
85,XqU}W|&t)r9Q%qnJR}n@dLra|-N;%__!,32,alphanumericSymbols,201.1
86,~2>iD=q#ddvkjHb939^_T3i$=Ugn^;H3,32,alphanumericSymbols,201.1
87,3C.)<gab~die22A9@.9$*(T;*PYq+()N,32,alphanumericSymbols,201.1
88,AEyuZg/4g}Kg@garq7^M<teMaNbmnKd7,32,alphanumericSymbols,201.1
89,")*^/z*iDm,p^:!hAkMmCd!pVsA3^>,f~",32,alphanumericSymbols,201.1
90,"H[dD,[{q=EcjX{d]v4xr:r7Tj]2(D9D;",32,alphanumericSymbols,201.1
91,2ek{pqyXzp2]w{dUjMQ/#!Tb/_?[=*}N,32,alphanumericSymbols,201.1
92,"FkNT&ih:mP@whHQyi-ZFcc/F,K^K+%?g",32,alphanumericSymbols,201.1
93,"^RW%[Z@LY}]&Cs-KPP|N/,jf:z}jcuf_",32,alphanumericSymbols,201.1
94,Ah<$q_rH+Wa{;#x.^RdRyLk2qjJMtF=n,32,alphanumericSymbols,201.1
95,}fxp~}tFJb(*NN#s]|hq+3!({UT{hwYe,32,alphanumericSymbols,201.1
96,MC_a#!Q-M<^Z}JhyZwjQ=@*uu:}CaYUx,32,alphanumericSymbols,201.1
97,MKjthn%/a-3sLqx$y*~UJu9w)y.ir>x>,32,alphanumericSymbols,201.1
98,2sb#Hvd+s:.Wx(!uL9sj3pHWN?_H3Ywu,32,alphanumericSymbols,201.1
99,"]p+~(&{7t4;VADU]w,LD2$42zh^kfDMr",32,alphanumericSymbols,201.1
100,)!{=&R}U-r9L**;=$y}HfY7|_/RstZ9r,32,alphanumericSymbols,201.1
101,%M_h~]/*mY%iy{?U/t!jkZWVJ:(pU7-u,32,alphanumericSymbols,201.1
102,ci~X2n7E^eVL!HzMuZwU<)Hh|rLP|tNx,32,alphanumericSymbols,201.1
103,"q}7mhP@JxAD,agXw9Mcv&<qq~*M)C}!?",32,alphanumericSymbols,201.1
104,b|;wzVn2/[hAgLK_4uEc2{wzNLqHXL=},32,alphanumericSymbols,201.1
105,"[H@2vz&|7g+&d$*%,vqckb|L=~ZP_$_N",32,alphanumericSymbols,201.1
106,FaP:V{Hbu}E:>H$=YFLRK:k~un~:mzZ),32,alphanumericSymbols,201.1
107,uE*!MXAH.2jAf>Qajh_Yj!UQ(~c+J2Ur,32,alphanumericSymbols,201.1
108,Lipk.UWsJuu;=ew3wM7p!2P3t{M}-p{g,32,alphanumericSymbols,201.1
109,Ds74hk!QMmPu-=y~3?a3v7Mx{-J<p:Yd,32,alphanumericSymbols,201.1
110,#H7]u<-~T7f2hqJ_CU3><-%3~y~$u(Pv,32,alphanumericSymbols,201.1
111,CP%)ijVJniEbgNh?n(j@b%CHaw_?Qx=(,32,alphanumericSymbols,201.1
112,"%Dkp,[7X;%W#7rE<$ztKni!zt%;~<u!h",32,alphanumericSymbols,201.1
113,M(4J:Z9@)TVV-4y.Wn29dsrYt>h(p%vZ,32,alphanumericSymbols,201.1
114,y%sC.W-L:@A:%;|&&j=E*c7JfJH;Z)/Q,32,alphanumericSymbols,201.1
115,H9>k4#sem~qK#Np2@J(brth$m!JDtM(P,32,alphanumericSymbols,201.1
116,-%j7$aki@4??])KW#FsYD4RE>MCA{Eij,32,alphanumericSymbols,201.1
117,&gc}_vs.({b<T:m!LDX9QwV!Yk9-*a2],32,alphanumericSymbols,201.1
118,J%3R@@i$@:f=$kZmkHsMXK?Fvvie3NnY,32,alphanumericSymbols,201.1
119,"hEp(x*b3p.NPu_|,>]-QZ4]%/&Q,+Tk[",32,alphanumericSymbols,201.1
120,s!Ym(;RQW^vjg~C{XNUd!cfMuf~s2LLF,32,alphanumericSymbols,201.1
121,Q~qu{$<&zT~K([%-[!e+#@CNvvd(@AE:,32,alphanumericSymbols,201.1
122,;vrju7N(&;z(g+!M#4zvUy{-cd|Z^%%x,32,alphanumericSymbols,201.1
123,|hH3TdLjp_+]|:uU_;d9Fj_)+%|qtCv/,32,alphanumericSymbols,201.1
124,"hscfe#*%wAfpWb=%uJ7%wTnedk@.D}+,",32,alphanumericSymbols,201.1
125,"!HNMf[-Q,:n}mAjWLTrC@^uR}&suJ.<{",32,alphanumericSymbols,201.1
126,HHay|M.bCTA$}@kpMu^((]<ZPC-zg%Zq,32,alphanumericSymbols,201.1
127,"W^K+Db:3/!~3)x:kLCkp#ggqN+^a,u%c",32,alphanumericSymbols,201.1
128,"WhQ+9az3viYK-2Q9q&ntyd@Fkw,xNNJn",32,alphanumericSymbols,201.1
129,#bKKM~>w[rd4{d&_x7H;;UnXM4FsaK[Z,32,alphanumericSymbols,201.1
130,"7us#meX#f((qJ!g>>?^FghJZkxR],wmv",32,alphanumericSymbols,201.1
131,"sY,e)[xRi@LHuxM|_!3++t4bZu[L:+$_",32,alphanumericSymbols,201.1
132,v$L[)(p==fR#aiREu_uEUiqT.YUYbEiH,32,alphanumericSymbols,201.1
133,4/[;+PQJ/XMHyw?h>Nk(#U9a%e$eM}2},32,alphanumericSymbols,201.1
134,"%Ud>?cm/,MA#P(t4fhuJPua4>DFj}uk9",32,alphanumericSymbols,201.1
135,a2/{Lk}u%k/i.Q=|^n+rZinJLkE3vn_2,32,alphanumericSymbols,201.1
136,"}.PY,+byy3}mX%fKgmfUx?s#vH&AzLEs",32,alphanumericSymbols,201.1
137,~4R=^dXD%K3:fT(ym^HVxZE2rKcR@gF*,32,alphanumericSymbols,201.1
138,"4At&mr.3EC)7x[@9sz4_4YTd/cq}-E,w",32,alphanumericSymbols,201.1
139,"(K/!RHv3(_c[&,Xxsz}>KK&2^RYXc&T]",32,alphanumericSymbols,201.1
140,"r|)CtTN3zA>x@,Cm/NQ&nJ|PU?@t7;?s",32,alphanumericSymbols,201.1
141,;mV+Ff+v2mzAK(Dn9MafHpDmAQJ7[a<W,32,alphanumericSymbols,201.1
142,",p<vu)pE2.Y:C{%qA3.rUe7H:rnzdnhy",32,alphanumericSymbols,201.1
143,"?sr,$zceC7br9vd3{;i}cKC|,JY_]}z4",32,alphanumericSymbols,201.1
144,-Tuksr4Y.fMTEcXg.d.micE*a@eaksn|,32,alphanumericSymbols,201.1
145,"q,t7u}AP|u:<aA>R[dCPC{}xJ%Wg,sbt",32,alphanumericSymbols,201.1
146,j~4QZY^yv?sg?7%=c-XMre%~tUd=HiZU,32,alphanumericSymbols,201.1
147,eZyt2caXYV^e}74{p=M~*n=gdvYQ[kEf,32,alphanumericSymbols,201.1
148,nwM]Rc?KYU<QM)Uw~K;27;C+WnD]aF.h,32,alphanumericSymbols,201.1
149,2{x^ns!vN%>XH}rhh*{z_;FxLQ_tUHwW,32,alphanumericSymbols,201.1
150,}+QF^wUz(Ui4m=Xi)9vWp.RCVk!gNV{m,32,alphanumericSymbols,201.1
151,A^ctrF/xdv;Cjj.xnVa+Y|TC>7^$N@=E,32,alphanumericSymbols,201.1
152,f=n[xu#/]|/9?]<vt.y?r<qA3iRNVsL],32,alphanumericSymbols,201.1
153,^%Xb(Yz#4agJnf*Jt$Z;]=|R#d&b(f32,32,alphanumericSymbols,201.1
154,pUt?{_U%R#WVD]^=H=%U=YvR/_4Hx$+C,32,alphanumericSymbols,201.1
155,<JrTx;P#Hq<(wwi#RLEed-Eg3>F*q[ZC,32,alphanumericSymbols,201.1
156,FM|9k@kiCk+xH!42?q/zWdsb3RvE/Du*,32,alphanumericSymbols,201.1
157,"Xn[_{+7Z(aY~h$/LErX=.)c>_[p~4,(|",32,alphanumericSymbols,201.1
158,"{(-b#M)K]P,q+Mn#bT(heA-ifNH@E[|+",32,alphanumericSymbols,201.1
159,?;VAdT$zz~^!#xWz^bacvg~rb^UD>p|<,32,alphanumericSymbols,201.1
160,VCv=*JRY42HV+Hm4v].y^q%DVesPkCLK,32,alphanumericSymbols,201.1
161,y%M(;X$]_U[9zh9nE]L]D~ruq~N!Lk3/,32,alphanumericSymbols,201.1
162,L(9LPp.9]Vf]9{~cC.aX_#?-^.n$2t~R,32,alphanumericSymbols,201.1
163,w4@+.{f)+Ng|$x9~Y;Kb3jd.*j@)FTs=,32,alphanumericSymbols,201.1
164,"n;hYW_<m+Dwg3mF9?_d~b#.F?R<[Y,vP",32,alphanumericSymbols,201.1
165,C2b2fw;;A-ia&ZvvCJf|jLCXpTD;M=A!,32,alphanumericSymbols,201.1
166,&D%=ey{b2Fq.fkTw9%)Ub#m^z42(qwuw,32,alphanumericSymbols,201.1
167,"m{&_n|-WRZ2zYU@&d]t)]Zd(u,[@+ew|",32,alphanumericSymbols,201.1
168,"|y.V$Ph/:yC_DV)~FDg(Xr2[q%,#@;u,",32,alphanumericSymbols,201.1
169,Y/*Kd[MityCHg:m%3t7YKsp#_<=qHH9?,32,alphanumericSymbols,201.1
170,i/Ae7vTg[H~zw^ERg+RgsZkQF9L>;|)Z,32,alphanumericSymbols,201.1
171,}2urW#@VXmJvg#L&@7fM>9+TvQH|+/-N,32,alphanumericSymbols,201.1
172,X%.m(%/2%g@.zR^UF4YKXYHCgvc({C7>,32,alphanumericSymbols,201.1
173,QCRD2+FgvhA&TL[sW!bQmf*x+]dC7{j!,32,alphanumericSymbols,201.1
174,"aud;snN4W72ALg4DkYrn!<9b:[{A,}Hm",32,alphanumericSymbols,201.1
175,[A:~afP^|[TP7]T7VKevEM/a!Zz7=:fs,32,alphanumericSymbols,201.1
176,dd)?xvc!su9A|i;D7$v#M/P!+>@nz7z(,32,alphanumericSymbols,201.1
177,"AHyj},C,whY~qV,sY%3nDj~7(&t%4<sW",32,alphanumericSymbols,201.1
178,"rWpXe,K=[eV+rWKVN^(fCr#Z7.2pq9ip",32,alphanumericSymbols,201.1
179,|Y&nDy^KTn!#2b|kCZEP|HVaUTKh]z#>,32,alphanumericSymbols,201.1
180,.@Vm]^@%kd:rx2XH]){_7]<v*k+zmv[+,32,alphanumericSymbols,201.1
181,Rii+^U<XeJmZDJY;P)bA2DcDZ3MEz}Xc,32,alphanumericSymbols,201.1
182,"kW/$!vfFnkR3,c#_%kQt7&Qgbz*x.$f?",32,alphanumericSymbols,201.1
183,-K{WaFtZ&h>z;kN4~z+9#C*QLa*qhX><,32,alphanumericSymbols,201.1
184,;^(*q(XHt=<Z|7avY-A;^Rnid[;-P/L:,32,alphanumericSymbols,201.1
185,c4X#4]F|QMaJU$9)f;W{yU#AfTer*#a/,32,alphanumericSymbols,201.1
186,ws(ycHT%Vd#^^=X?J]n}>9ug$VyxVddn,32,alphanumericSymbols,201.1
187,"Em@KL=v,iwkj34YtH.~$s_E9k%dkMEvK",32,alphanumericSymbols,201.1
188,UdLL^ZLxLawig.vFenwr*^?a_$U&@N/:,32,alphanumericSymbols,201.1
189,"+7dzP}L%c$-{<JqCzApkz}|]]vc,(3A%",32,alphanumericSymbols,201.1
190,"nk|Z(kKiRPez$UMneD7,P3U]u[L#,af;",32,alphanumericSymbols,201.1
191,[y}&T^qv|)$jHy<-9^%[xMEU3(M[u.XE,32,alphanumericSymbols,201.1
192,JPtgVr4[nFAaP9Env)yygYk!*4z}2n=4,32,alphanumericSymbols,201.1
193,!h#zqhm~!v(<WW7wD:DC~ec2q%QZj#px,32,alphanumericSymbols,201.1
194,"4~7,PM3EW?[A~}_}Awtj?-x&A#epeXuv",32,alphanumericSymbols,201.1
195,Pv=KZPsNeMAREM+:it?.?Y*!M+9u4.s9,32,alphanumericSymbols,201.1
196,)-[h_JEFH#rvsq*.>9/T2U<K|]9zF(7x,32,alphanumericSymbols,201.1
197,":e,eMgfZWmQXqzX^}Db>n@cHm[gs*.p7",32,alphanumericSymbols,201.1
198,/cKQD%@fbk=#2ijWf_a<J9P;}@@|i;(k,32,alphanumericSymbols,201.1
199,";Ze$Ys+Kp,yvTv;&XZ|XE(y(=KMi{,)4",32,alphanumericSymbols,201.1
200,zHm(uTF+{e(J@%}evq*Jh<-rJ(eV=knW,32,alphanumericSymbols,201.1
201,"rd-#3P|!9,TpuMWf7eg;s,mJY2xm=_A3",32,alphanumericSymbols,201.1
202,"(zK,23R+ibF3<ZT]NKV[Cbnd=U.=r_Lt",32,alphanumericSymbols,201.1
203,gJtibg7a_nFHvp&vR(VW@22Jha27{q]j,32,alphanumericSymbols,201.1
204,)hit:[>s_i[Z]yT42_ia-@QkX>@*xHze,32,alphanumericSymbols,201.1
205,q~q7ZJTbq+&XdZF>?;FPFCNCq}r^M27M,32,alphanumericSymbols,201.1
206,"i]{U32A;H>gP!),b_*k!WnT9|![h4CuL",32,alphanumericSymbols,201.1
207,?!pmf:sxENhYWh.(!bhrXsN.sRWbVk^~,32,alphanumericSymbols,201.1
208,3@3.EQ9L;cH~FyL=UA@Ld*h}L@:-pdW=,32,alphanumericSymbols,201.1
209,JcMk.)kJjHxsJd%Yijd~2X|w@&K!ewT),32,alphanumericSymbols,201.1
210,sqy{d.^!]T3^+^TN@w>_cph[s~eR={Tt,32,alphanumericSymbols,201.1
211,2pu^y3;3Nz&-kn+Q#UMTtRVAJQ+Hey[Y,32,alphanumericSymbols,201.1
212,"{qgK.9QtYWLDY-N9g#(,VshewVF@ma]y",32,alphanumericSymbols,201.1
213,mQu*^:qTCrhyQ/H~VKJFUcN-tA7h!JY[,32,alphanumericSymbols,201.1
214,"@rAxHu#+Z#Tz[m&mcv?~;ht,{ku3|RP(",32,alphanumericSymbols,201.1
215,.YjeKZw+P_d7bk]:_*aHTh%aRi.WhbW!,32,alphanumericSymbols,201.1
216,inn=Z/E_efp%4iy(|=jm/]{tr:jY%+>#,32,alphanumericSymbols,201.1
217,v.[FE4--&[%qeKp*9@Hk2:=24XzbpJ%*,32,alphanumericSymbols,201.1
218,_h(*9t%ew/eX7ck@U.4HJ7<pc+KqCXKF,32,alphanumericSymbols,201.1
219,"|:/,QqQPxT%qv]UNdk#&mc^?!,(bkW;w",32,alphanumericSymbols,201.1
220,"[.d@Q}2r^R[v3%*P*r),a;cw,w&&ZWz#",32,alphanumericSymbols,201.1
221,"9<~r[~YK2nnj$e3^!;;PbFmv3#<:U!,}",32,alphanumericSymbols,201.1
222,zP$D4NCndz}eX:pQC3_-CL)XJ~)H){sD,32,alphanumericSymbols,201.1
223,}K*aaA.FaZ&fJ+bV?YzdK|+{nU!^!bih,32,alphanumericSymbols,201.1
224,[)]<X~uuRPR:<zYzm2UK_}@2enuH2pP9,32,alphanumericSymbols,201.1
225,@Ea(m:zs9gTt:3q{Q3C!@&}>!FngE7i<,32,alphanumericSymbols,201.1
226,"R%-j3RH:qWUpv/u42]ZEe!}7KwVM7um,",32,alphanumericSymbols,201.1
227,j_d&%DsyFdHx*/y3tW+~a/:y.;?[R=%m,32,alphanumericSymbols,201.1
228,"(L,K{h{%2m{+:^pWpAUgt{f[td!{LK|p",32,alphanumericSymbols,201.1
229,"hrD.qPmsFv%{<2V-]J@cz[X,cVvX9bNM",32,alphanumericSymbols,201.1
230,-b]mmy?r9#.Lv!)]P&$np$gt!wMYxY)3,32,alphanumericSymbols,201.1
231,DsAWrs4jw7[3X3asQn+tCR~&7b#d7Z9$,32,alphanumericSymbols,201.1
232,Ue(.x[V!]Jn9*p#{;f?<p=!YV}Fj(a;r,32,alphanumericSymbols,201.1
233,g>#Cz/q>MpNF_$mjYcUyjy%{/u;%z!rs,32,alphanumericSymbols,201.1
234,/u?K&CJhxZayu#Fkg?:w3/UPyqv[bHNR,32,alphanumericSymbols,201.1
235,}QtN2VX).DMaV2K^@ffVx7bfmx*hN@p+,32,alphanumericSymbols,201.1
236,Cp=&9r|xF%vy{$<KMRU(XzM(7c$#et^Z,32,alphanumericSymbols,201.1
237,"[rQ^M--3/AiKZ:EW/%jTq$<[T9$N}Nm,",32,alphanumericSymbols,201.1
238,"/p|?,sQ<>}@~MsiKU)zkkLK?F}-^/93j",32,alphanumericSymbols,201.1
239,"c^kg7.Ws)yF,FKr>QDd4WEyc#$CL3>x)",32,alphanumericSymbols,201.1
240,}!$*fJfH|u*hbPc+_D@_^JTU^utCdK>!,32,alphanumericSymbols,201.1
241,];3w3W>Q~M3^i-FFi{k-MXi$vRt[$uD;,32,alphanumericSymbols,201.1
242,mm-gxiy[%nm%+m<&cVi2$Q{s[XAbzjHb,32,alphanumericSymbols,201.1
243,<ux+L[;>upbp/&v[r]s9*D)Z9jd<D39E,32,alphanumericSymbols,201.1
244,=[g$$E%n?XE|ENV/*j~P*&r|&W+^y4*#,32,alphanumericSymbols,201.1
245,js2${[}D{sKp!iXKiH.{(D]ng(nj;W.J,32,alphanumericSymbols,201.1
246,"K#,tLYLCpab9z@pCEzVqb;4h2>wWE+qs",32,alphanumericSymbols,201.1
247,"Ut(igQ,?(4n#ni<ZyhHT&YUr{V!(d.EH",32,alphanumericSymbols,201.1
248,N3:R>Ms<hXWH<3aFx2z7KDeCHHd{Ea]?,32,alphanumericSymbols,201.1
249,aVQU#_cQ:*q}W3!]$&:ZnUqJDZv3+t@A,32,alphanumericSymbols,201.1
250,jrV#MQQc<JFi2/.htwNYWtnT}a-%p]!+,32,alphanumericSymbols,201.1
251,"QZQF~u;Qy<a7g,@uxT?;H-XNyZDtL/uA",32,alphanumericSymbols,201.1
252,"$a4(DQt-&$v,97DaVWiFL~QwXf{J;]J~",32,alphanumericSymbols,201.1
253,FbTxf7r#e7v:-#4*>*j{wU.@~_@Q=cAA,32,alphanumericSymbols,201.1
254,bJMt^kaYx4=Q)XJ]gk%n}$;%.(m}p{[?,32,alphanumericSymbols,201.1
255,KAeqdAUPpe(4;yTi);Q&n/MHvb.$z#;],32,alphanumericSymbols,201.1
256,_p7[)VA4Yq9c<Mpj/tr<NyW-qg7[FY3T,32,alphanumericSymbols,201.1
257,>FZT&nx+(u9ihR<+](J!KC*v|cg>%Hwz,32,alphanumericSymbols,201.1
258,xsEhY:!*{Ph#*bLEnbWnC=!tX?<Jgbar,32,alphanumericSymbols,201.1
259,]?cK>zLxFMXf)Hh^j.:Rpw3zwe?W%=?a,32,alphanumericSymbols,201.1
260,Mir--[|N)J^q+R:uF+f^Ra!pie)?93KH,32,alphanumericSymbols,201.1
261,"bK{~<py^gTje!$RzaE7#-h<_XP&j^F,q",32,alphanumericSymbols,201.1
262,"FzK@sC&EQ{.HH(@}hPxA@bi9Cxq:}F,q",32,alphanumericSymbols,201.1
263,zWV.&XgsL+:WF}k>my/k=4Q<Nt@$%x|J,32,alphanumericSymbols,201.1
264,qs7*FRN(-9!3Ci?/m;Xb7ey/#__9RdtU,32,alphanumericSymbols,201.1
265,:e4*n!~F%xd:K.=d-^A-Hg._-(!Xu^#U,32,alphanumericSymbols,201.1
266,><<EAReuH>H=HAPxx^}~2kxjC7KZpRRw,32,alphanumericSymbols,201.1
267,z?:zMb?-;u=C>EZu:uv94kVF[qvkWEmc,32,alphanumericSymbols,201.1
268,v)7[=+23NF47P#J]-P?_-bgka%-wPgfu,32,alphanumericSymbols,201.1
269,3byQ9}c|U|C{;f~yth(AwF2-!p$cCxs=,32,alphanumericSymbols,201.1
270,C])&XUH^t;Rjs$n&~EA!hysC-?$MMg<g,32,alphanumericSymbols,201.1
271,[]>2qA%@FkH[yU;7_kf./fNTQQac3Z@3,32,alphanumericSymbols,201.1
272,R$-b;u|{WQ@C4Y$gTaY>ewE#g|z#e-z$,32,alphanumericSymbols,201.1
273,E2)NnZ7sH|pyw#*)Tpfid~7q]m>9KMcx,32,alphanumericSymbols,201.1
274,^VrRm9~D7XwWzj3WD/]geWu7@FtDiw*e,32,alphanumericSymbols,201.1
275,i2bV|L_Xa_.JnuXE}:&tdu&~.^W@YX~r,32,alphanumericSymbols,201.1
276,=!?4%UU2i+AwFuj}z^W!xY_ie~@3z!P%,32,alphanumericSymbols,201.1
277,Z/|s@uUH#Q3#vu#R)==&N#K/]H9bhN]!,32,alphanumericSymbols,201.1
278,Dy$2M&XH-}2&z<<{)>i$XR.7Ev2fWH)Z,32,alphanumericSymbols,201.1
279,"Z=#g4f~|J$W~jV$!<.qR?Fc,2(#!ve;E",32,alphanumericSymbols,201.1
280,p7LnE2ach;q:bup!H^ep~iu2cpku]Au3,32,alphanumericSymbols,201.1
281,*p[7-?U/UZ+}.fM$VYPVH&AWqQYK&?cL,32,alphanumericSymbols,201.1
282,d|uk;2tpncr=DR%nyk<QkXzz;UT=P|4(,32,alphanumericSymbols,201.1
283,"c,bbA}ywKH_wj#/{E}t=F/L!WWg({qJ)",32,alphanumericSymbols,201.1
284,-2$Xx>~P{+X]T):smUh^w_TqRm_fh^vQ,32,alphanumericSymbols,201.1
285,mq@biaYPCmDsAr#;WLY9&(dM<wf]~Jw),32,alphanumericSymbols,201.1
286,;kyV%(yzn?(]C$/]m??/jb3y~@g:Ee/E,32,alphanumericSymbols,201.1
287,__MmZvx]JV^{c&%m[j[izN_gL*|9$4~g,32,alphanumericSymbols,201.1
288,W~C(KcWP7L^Fs}P)~Yv[HA4;_gHw/7A3,32,alphanumericSymbols,201.1
289,XJhY>@t[FrUm;D9v*/Lx;#F{tXa{Wf&~,32,alphanumericSymbols,201.1
290,9aX#z4!<rzb+=Pr:(r+#E.|>$TYEb}F~,32,alphanumericSymbols,201.1
291,b_h@|<VmN{}CcDUc*n@XHriE_hU(;L&b,32,alphanumericSymbols,201.1
292,"#9a:,MkmW;tXz4^k2@LK)e=wr%@XL&X|",32,alphanumericSymbols,201.1
293,"7a.D!3c.d||&P,#b4ib|HW}},Es9s4hM",32,alphanumericSymbols,201.1
294,=[P*7Cj2QzN+U]#v}uTtHP{^z_!RefXR,32,alphanumericSymbols,201.1
295,~@Q]*>#YZbdv/m~Cv%}r=.#f#$Ueu&qD,32,alphanumericSymbols,201.1
296,x#Q]cK@v>J3?a=zDr9^4j/kK+Hdiq|hs,32,alphanumericSymbols,201.1
297,"/TZ%+R[R<&;Mg$tXfd*,+yMX@,C{z@fb",32,alphanumericSymbols,201.1
298,+3cKfUq9@hT[>UKAxKP)m?NV(:[KQ39/,32,alphanumericSymbols,201.1
299,"2dbHq?YE4&ewz[TnUCPe4<s_297n&a,(",32,alphanumericSymbols,201.1
300,"*xyQLd@i4)i^,.N|~{;x+WM{V){(&q;%",32,alphanumericSymbols,201.1
301,rJ<XEm-]p2Z~/!7j9=g|gnj~Y]kfxAr=,32,alphanumericSymbols,201.1
302,xw/e)y[V/fY(@KecT-Y@{HVd(L@3)Dx4,32,alphanumericSymbols,201.1
303,Q.pwM9|H:$EyzpQ}|d|44[4c9U74^2p[,32,alphanumericSymbols,201.1
304,"eKkd,-rRuc_Rb^/h[.ke~$VFZ94jEMXa",32,alphanumericSymbols,201.1
305,_D^)z^u)ujY3(Czt#tpqHy+&RW=T&JZA,32,alphanumericSymbols,201.1
306,v^vY]b$xFU~}N/QQbiFR=xQbnyqwC2Dn,32,alphanumericSymbols,201.1
307,LDmc%+p_/L%w:{Wdubt:{=*{hX^)zc{k,32,alphanumericSymbols,201.1
308,%Z|a;z![tm.K?fcDz.j7ytvsMs4aYQ$X,32,alphanumericSymbols,201.1
309,:whu-AP$AwH<X|r^a|9w4!?3j:/]_E)Z,32,alphanumericSymbols,201.1
310,n2#cXycJPmv:7T7&)=k9j}h:K]2(zdjP,32,alphanumericSymbols,201.1
311,>M3-2mnJ$9ZHw>cPqY_Z>tjE<L]+m[uf,32,alphanumericSymbols,201.1
312,7fRYc%9kRt|LX>(7gAYF3N)j^aT[rvn4,32,alphanumericSymbols,201.1
313,"ZxU-^yD&n-,-i%9RXJVnN2LaFY?Y=)*C",32,alphanumericSymbols,201.1
314,>/C{#zdrJdM|Y3h}>qVkKAtyTeY]g@}g,32,alphanumericSymbols,201.1
315,AHt<pybTmk{n&>$2~nnWph-W>|/%!!kz,32,alphanumericSymbols,201.1
316,$pWWPy;UpjdNVvNrF>*g!ie#-nh)ct-2,32,alphanumericSymbols,201.1
317,/9Yk?:+~gM:(X;btPe!+DPuXE3Fpw@f2,32,alphanumericSymbols,201.1
318,"TACr-*bru:e=W$C)wia4:RyZ,JnQsHAj",32,alphanumericSymbols,201.1
319,"qg}}yEU7=[%Z;tD,aD=UgV[W:4[wJ*N>",32,alphanumericSymbols,201.1
320,",vXrEf*WVjUr|c%%K+L&^4[rMp[c}Z.g",32,alphanumericSymbols,201.1
321,*A:_>UcD|V<Hh&<*~Y%tTx-=pjQWrJi4,32,alphanumericSymbols,201.1
322,"w,]^}x|^iC-gw{YNjaTYty:RjY+wVa^X",32,alphanumericSymbols,201.1
323,">ra==$$9d%bCE:s=Q&fQmHc*!J%@44,#",32,alphanumericSymbols,201.1
324,"ZeEZ}aW,#k$PFZC$.]3p!>3jz#<A9k{|",32,alphanumericSymbols,201.1
325,"Z*9pL[jUyDg3W9.,P.#ciN.L7:^=U!^]",32,alphanumericSymbols,201.1
326,y37E&C^#Ay.%&kRi4izc[~CdL9DNZYX(,32,alphanumericSymbols,201.1
327,"f:W;ER|Z*2afm|,.hd>cUD^:X$#Fh2U3",32,alphanumericSymbols,201.1
328,9fe+U/@k+A-F@m=y+e}Z-LdpZ$N$f>H[,32,alphanumericSymbols,201.1
329,))g]nHMh;x?Rv@%K3<]Q$ZQ^s~*d*X#z,32,alphanumericSymbols,201.1
330,/FEdwzJr):URhZ:XteE.#<|Ei=?^s^yA,32,alphanumericSymbols,201.1
331,EVpDvan/)*V7_;Xts7&(9D=~]p&Fikw|,32,alphanumericSymbols,201.1
332,"=&qTvf=F$M|q@^Pt,U,AW>RFE7H&.L]y",32,alphanumericSymbols,201.1
333,!]wLmeag*sTi3{&xyFmyg&).sCRi]!T2,32,alphanumericSymbols,201.1
334,"~7WiVR?;$UQkb[Qq,=EXzzA*UmjUZjnq",32,alphanumericSymbols,201.1
335,P+J2VAMX>$PtP:Cza)kmEzmJD}3+@e$r,32,alphanumericSymbols,201.1
336,K)w3MU.]C?/&):cuz2wD[[z*&$}eNrrJ,32,alphanumericSymbols,201.1
337,h.F&V.-)?C7rE2r@Tw^n[F]HE-ZrvN@n,32,alphanumericSymbols,201.1
338,Cy#u%c@j(rE~ggEa#atWYCU~@9%C24@3,32,alphanumericSymbols,201.1
339,uVyZ;d/LcA=UnV#Z;#Ru?pWzrZrt+$z/,32,alphanumericSymbols,201.1
340,(T<C>{_p@:Px}|9M:2uecCgM>~<3Jj7%,32,alphanumericSymbols,201.1
341,"j]^#=Rm*,JP/.uL%){TKP*4|7dvV}[<z",32,alphanumericSymbols,201.1
342,"Deypep+D:,sQ)}^,PA_3C#h!t3sD;K~&",32,alphanumericSymbols,201.1
343,-b{;&T#%<2/NF(F*uzcmHK^CX:^N{Hcs,32,alphanumericSymbols,201.1
344,:WW|tM[&?(7|LL4|3wDiu#VacFDNrf)n,32,alphanumericSymbols,201.1
345,4w[b]*hihe&qJdq2:%}xexMz{f|9$fdQ,32,alphanumericSymbols,201.1
346,u|+DP9jd+jAU*Ec.pmxP>=|KcdU(x>[r,32,alphanumericSymbols,201.1
347,A.~9fjF&xp@{z4j9M(JQpPAA|$Qs;;ZX,32,alphanumericSymbols,201.1
348,U]DF!hTdqK}/afu|Z#rth):XW]<A.&g),32,alphanumericSymbols,201.1
349,C7nQ*.9Q@)7w*N?-L)ENND${3_C~aWh4,32,alphanumericSymbols,201.1
350,v[N3qbqcFU{TQzP<9J]C7JN&^X]U9g>F,32,alphanumericSymbols,201.1
351,2Uz2fK.t4b/cQh)7@(DHFhg@/~)JfDKx,32,alphanumericSymbols,201.1
352,JXqF~{m2?zh/#M#g9h;Cp|{Nh]?2rjc:,32,alphanumericSymbols,201.1
353,dQn+3_nq/Q|2?F^c4P;.uyKZ|gv?>Fvz,32,alphanumericSymbols,201.1
354,@#vPL)wFWx]UVD%Kp=i$_hPQnX7N$E._,32,alphanumericSymbols,201.1
355,Yx]HW%Z^Uu+_TEf#T7>*cFy_hgdN-Z@3,32,alphanumericSymbols,201.1
356,ahDr^Zsk?hx~.MPe:xX&cwmgk#RZbf}c,32,alphanumericSymbols,201.1
357,|Wp&Z?a=TD+zp]bCHm9nPf2$d{:Fdu}?,32,alphanumericSymbols,201.1
358,"DUUU[#)2E(F=r~A-Dc9RkuuN[.K<P|],",32,alphanumericSymbols,201.1
359,"}Ky3x]<Q.P.xgi(#!7F9(P,Vv&k2=@iV",32,alphanumericSymbols,201.1
360,DeKw%vL{qw:cN-7Tj+NekPa<WT|x-#.w,32,alphanumericSymbols,201.1
361,"Wp,bV$%f;&jZNg$K7!;]g4P.ms:*)#MV",32,alphanumericSymbols,201.1
362,w&[TLA&VF-FKr)qwu-dp43Pnh!??Ar:*,32,alphanumericSymbols,201.1
363,|yqA*^n%]F$2RA!yKZNu&.fgP~V+^;^;,32,alphanumericSymbols,201.1
364,%a$f]C_)z!xtj%yEHKE{:R.C[~>/4|i/,32,alphanumericSymbols,201.1
365,9LmC92bJ;QRz)F}{UYv&@kXu3s-sdv2|,32,alphanumericSymbols,201.1
366,a2qLxX;rwk+:yDYr)a3D2Uw*:)MKKu~F,32,alphanumericSymbols,201.1
367,"U/<K%E{*9F)?,&DX?d24DXQ~k/=hQ[c)",32,alphanumericSymbols,201.1
368,N[4f:V9A(/V%U;i9WaK>U|2n;NH}aVFZ,32,alphanumericSymbols,201.1
369,U:uh|R[gDmJ{::XD$X9pPR!ErJ:7#}#&,32,alphanumericSymbols,201.1
370,"wu?(P^zehe:<i+u&j@,%-s&2iNfUjf42",32,alphanumericSymbols,201.1
371,",v]+E[q9U~#W^b}DhDWhw7TXYH(EC.X9",32,alphanumericSymbols,201.1
372,7}F4@3A+w~bMpnQ+[PYfqbYXMa$u.~&.,32,alphanumericSymbols,201.1
373,")Hg9i]=$(@z|^uhWf$ny/3Z_]q&:,|[.",32,alphanumericSymbols,201.1
374,~Tv?]v?%=3?C(.w!Lki=2wqP(T]n<uz.,32,alphanumericSymbols,201.1
375,"s*;yaeqk?%,Kd~qxtE#CzE#EQ+Mu,]C%",32,alphanumericSymbols,201.1
376,";_4q(rx[{dqR~bqvat,XxP:AAep&<Dxw",32,alphanumericSymbols,201.1
377,ubr^>pjPbW>.m?ZRKNt/({~-F+H>x2^F,32,alphanumericSymbols,201.1
378,"VK&yz>TY!n<.Cn,Pk!/,C:t:HR+iXb{/",32,alphanumericSymbols,201.1
379,"{gN]sz},3ka%LK%.s{>7pw)%h#;aTaC}",32,alphanumericSymbols,201.1
380,"Ac^i9N*XZj&#EZ_g7EJ(KU#urPT,2-{3",32,alphanumericSymbols,201.1
381,",XMn*RZkD^7LdFa{{b~f9nyjZ[_cp~kK",32,alphanumericSymbols,201.1
382,"fgqM&4bnL9$+7,j},:*2mhVV/qd9|y*z",32,alphanumericSymbols,201.1
383,WW<%~Z~TjQ}~-Nf*!wc~sU$XpM9f!X*|,32,alphanumericSymbols,201.1
384,]<CP@]4~umE9&J(#h[>jeUH(EE4|g)#A,32,alphanumericSymbols,201.1
385,uZ;~]|v%/hRDx?^9sLcw>Fh>^x@3.j]m,32,alphanumericSymbols,201.1
386,:[^k|(a/*2wwtKZ:!.qQ_Xm{dYCmNADR,32,alphanumericSymbols,201.1
387,"H[j/q7<m:Z/T>@aM2}igrZ(Yup$9,(X,",32,alphanumericSymbols,201.1
388,"q(LKR+4/<4#~m[<eA,;jxJ:LAd+J{,i{",32,alphanumericSymbols,201.1
389,"f=,9@!aHF{g()=<AY(sh}&Ru~cw:J/cH",32,alphanumericSymbols,201.1
390,"|ur?(Xez9&Ab<v_aQ^],C]7q^wxD?(Wa",32,alphanumericSymbols,201.1
391,"wPdir(#bMg|QW?!bJW]4UuyfTu^t_N|,",32,alphanumericSymbols,201.1
392,xiyL)Cv4X;.pZ$MLJn&%#|4^2+2zM:)N,32,alphanumericSymbols,201.1
393,qFe$gr{m|emU2QX#nTK#uMbVz;r-]nP4,32,alphanumericSymbols,201.1
394,@4n#=Q:s4-~E%;7P{PKNFY/k!D]J9]|e,32,alphanumericSymbols,201.1
395,nt?F<x&k#CpRmMxj-:Pi_TQE{i#rb(n{,32,alphanumericSymbols,201.1
396,"qg=.DvLZ~#m9U.]2F{cZrnN;(][(fw,;",32,alphanumericSymbols,201.1
397,Kc{W&X@hVPiu$;|$!pcZsqjwc<.=Y}&/,32,alphanumericSymbols,201.1
398,"TNwrNK/J.%$=}hFrLC-{k#d_,xLaAVW-",32,alphanumericSymbols,201.1
399,<pfE(=h[w;zHsAMLuhFT9{Fvax:mha}i,32,alphanumericSymbols,201.1
400,vw$Mau!Ny.4_sVx[]2Rf!f)FAiH9QQX^,32,alphanumericSymbols,201.1
401,N_h%]m)WUQARX%wWw3Nr~;Y%k?]emnZK,32,alphanumericSymbols,201.1
402,E2(N|Ky[ic/xHLd<_hDV{%*@mNZTdH=?,32,alphanumericSymbols,201.1
403,au=^4q-#%*hNTfqdT)DbgZWX3j=-)X+x,32,alphanumericSymbols,201.1
404,/!n#cJAEh|py7~]+#&9bLDJMFU;MspPX,32,alphanumericSymbols,201.1
405,J*{y[sRdzEQq==DNb3U|tuDR}JWPK?Er,32,alphanumericSymbols,201.1
406,(?4+EmH}J>i(x=yJq{^&X!33.jkspqtt,32,alphanumericSymbols,201.1
407,Uqx9Y|2;;;kqET{aJHcR%QL*:9xe}F$q,32,alphanumericSymbols,201.1
408,.Ex:=m~*u%2LNtW4TR_WqR^n_%Y|>HY!,32,alphanumericSymbols,201.1
409,uEVYb|E[{%?uY+^uE^rW&UcEs2(Di)Ft,32,alphanumericSymbols,201.1
410,X;9[k==Ng~@t^VQXUkf%uEH[*=K/c_Vv,32,alphanumericSymbols,201.1
411,;yAnpr+^Le_Jb?aiKLZ;PTu^(HC<#*m?,32,alphanumericSymbols,201.1
412,kbdkxD?p3>~LLz]rLxVeg)Y7#QEW*$Xw,32,alphanumericSymbols,201.1
413,"c~mKcvN,HsgZc|9q~{dW]r9!?^J,{Zj{",32,alphanumericSymbols,201.1
414,Vnr]<)<PR?;fp+Q(@K-A]q393}<f7H9T,32,alphanumericSymbols,201.1
415,"K-(cAj~/^9t-hUDdtj,K>r[9f7YtZkrD",32,alphanumericSymbols,201.1
416,g~ap|uN4FT%$ebu3*F)aY-U@q$=Yyvq$,32,alphanumericSymbols,201.1
417,"[-,f37uKxd2|{e)i9[*WK^7q%UXvt%4T",32,alphanumericSymbols,201.1
418,"ypv:4.p_sbw(U&9+sCaptC,m*=uep!@g",32,alphanumericSymbols,201.1
419,}J|{9x>f+fcePvE.fDE^vc)uLTN(XaVF,32,alphanumericSymbols,201.1
420,KjzX:+=@Kb!E&c;%[A>{@dYDqWw{EEX7,32,alphanumericSymbols,201.1
421,C&4Lvs|3YR=]+43$evP$X^3]g<qizw{b,32,alphanumericSymbols,201.1
422,43.aAADg#iFKQ;=&4C~t~<>PxygbQveD,32,alphanumericSymbols,201.1
423,~qQs(Y:=U:|/X[PH9w@&<gT[ws/d@gVg,32,alphanumericSymbols,201.1
424,7MybZW*AkLQ+$<C}qp!W*:)X/ErCU|3Y,32,alphanumericSymbols,201.1
425,Y7};HTC}pw?|=*pmAv3fi!a~Q|jZ+@L?,32,alphanumericSymbols,201.1
426,!-#ic%*d^NEaj@bKf4Tvhnu#2f+t#qt4,32,alphanumericSymbols,201.1
427,vW!Mtwby~rbTyC:NjRcmP(qM2!:f-dtY,32,alphanumericSymbols,201.1
428,U{/*[@xQxuKm%c}~UJhW%zhKK~.!zw;$,32,alphanumericSymbols,201.1
429,"N|7qN|w,QH|T/Rth.mQJ3v}tbVZ&X|c[",32,alphanumericSymbols,201.1
430,b@#<](@9z:!>YJ4_U}*.MR_=F{<EJ%]j,32,alphanumericSymbols,201.1
431,UxuZ+u;_|Ly>{4TQmvfM32~&~_<JL:XQ,32,alphanumericSymbols,201.1
432,"K(|.7@*/3bLC>NXat,-<YdaRfcdjfbw=",32,alphanumericSymbols,201.1
433,"[K@]>/D??fUZUFLf^MmtzK,J)TYC]ryF",32,alphanumericSymbols,201.1
434,"wd[zDbY4g$:s2X=y|VCmvH,*@-uxDA)U",32,alphanumericSymbols,201.1
435,y<./~YKkc!2hFE-_zesmzVPkk:jP]V^F,32,alphanumericSymbols,201.1
436,-P>v%aYLjc;;|*M*nc&_u#KZ|_yA)r[N,32,alphanumericSymbols,201.1
437,%!icbpi:?!wCj/Um4TtD_?tvAkXa#T?A,32,alphanumericSymbols,201.1
438,DNU(9:gU9YJ~mz!=;QVNW^zpi_H(s.wF,32,alphanumericSymbols,201.1
439,#v=bN]DT2P]s;RF^^+TD3xWZ3hWxy~)h,32,alphanumericSymbols,201.1
440,"s+%?EE,aqA>y$tq&>nH(s?=,^d/ZCt_E",32,alphanumericSymbols,201.1
441,"T/fYm-4>h9,Q3vr4L)$;2Hq_UYp!rziT",32,alphanumericSymbols,201.1
442,[EdF9RRJ!>!pp[umF(=(j(b3yTM:*:n#,32,alphanumericSymbols,201.1
443,"cbpvxAnXU^adxmMh3U>J,m4pMpy?iubb",32,alphanumericSymbols,201.1
444,M;QpWFP~Y[]K./9nq9(mArq4^Q?{t^&?,32,alphanumericSymbols,201.1
445,vPDUF#LP{CeV7i:tay4AE?w|mQwR_?{;,32,alphanumericSymbols,201.1
446,Z4Ja:}^HJD4D$cwQM(Y~[Q/VzYg;^ZK<,32,alphanumericSymbols,201.1
447,M=DN%9sM|*Uhrd>J/?sA~<<:sF}2)~P~,32,alphanumericSymbols,201.1
448,~&XbC~|D}C;v~9b<F^9>N~xx.]9uYL|-,32,alphanumericSymbols,201.1
449,:UJ#L!@XLzd:*wF=+g[y-APwMZtuvCQ?,32,alphanumericSymbols,201.1
450,"7+X,~dvpRgMitYZZ;XuCR)mqQc2vRVag",32,alphanumericSymbols,201.1
451,"qTwtjvc()xX=!yp3!,~L/c@fkVVPpQxW",32,alphanumericSymbols,201.1
452,"}M4N]),b[|&^{*%A:}KybE)ap~,[V3)3",32,alphanumericSymbols,201.1
453,#YQf-Nm_+Xidn?eQ;nFxf=wcVj9hEY~?,32,alphanumericSymbols,201.1
454,^/M&m))+thi[TNg#-@)JpVqU+sN#z-D%,32,alphanumericSymbols,201.1
455,4f3u2-@JXUmdLZVTmQW^s$/M)2bhv.;u,32,alphanumericSymbols,201.1
456,|Jf/Pajc[dJt-7s;X|fXa9sX*kQ:-.J/,32,alphanumericSymbols,201.1
457,!/_]xEZ%AEAN9V!pn+2(Dj(Q|UTE{4#?,32,alphanumericSymbols,201.1
458,mf&@kA+&Hr&g4Fn}?V.R|c?u<9<;(pM&,32,alphanumericSymbols,201.1
459,*+XLdaAE37(eZp-[QjA.fN(:r|en=DN],32,alphanumericSymbols,201.1
460,~=s%P^};+]cCHVgb$3QJup)PEu|X{x9T,32,alphanumericSymbols,201.1
461,H?kd~?7n=#<_KW@keRH;=L]_[nTA7Qt(,32,alphanumericSymbols,201.1
462,")F+%ap3N#,p:xzd%Zu3f!?~}=qXvh3N-",32,alphanumericSymbols,201.1
463,xmaF+p>by]jcg7<#.jw_F;q&nY/$=H$|,32,alphanumericSymbols,201.1
464,Ru?3%YY*&!2|!3f+37)tEDip{exJ$R42,32,alphanumericSymbols,201.1
465,~L<KWt(sVkg7RAF:{&nL$YXuhdi}mAN#,32,alphanumericSymbols,201.1
466,N(c{/V;:rL7^h((Rh/{Ar?37Z#CZL)]J,32,alphanumericSymbols,201.1
467,"m]YRNj)QJpYJ|:,UD<[_2^ENMEk2ip<b",32,alphanumericSymbols,201.1
468,%@C*qqZcmUi_tZqKbuz3;q%|Ey4z/K?#,32,alphanumericSymbols,201.1
469,XK__hYT_[3hUWAM&Ex;mF>iQMd]APVZk,32,alphanumericSymbols,201.1
470,"?)vwH]VY.^]Zb,:y^^(^nC.QKEa-Zhj=",32,alphanumericSymbols,201.1
471,"zLTn:4{Jjv,k>LwTA2]PCU[-?FjXvi;_",32,alphanumericSymbols,201.1
472,%%ZJt9cvVgwZcQv>4}LrWid+nej{F^9~,32,alphanumericSymbols,201.1
473,"-*~.n):A}fc|E^A_u&9EhdsMeN]L$=K,",32,alphanumericSymbols,201.1
474,!Cj@NL7+3^+|Uuqs|i)K_t9V;g#}Z.h!,32,alphanumericSymbols,201.1
475,"j=F|=WY!tJ<s:,W]*)3fKg,dhHL.PwP)",32,alphanumericSymbols,201.1
476,"Zw+<7W=:mRAdhh=9|,Mw^X{s-:EwsW/9",32,alphanumericSymbols,201.1
477,XDw?{fR%Np:De^tN{Y|^+]/wpqr7{H_W,32,alphanumericSymbols,201.1
478,"t,{]g]#RV!N}sM*E<@ZypU##qzZ$N?pK",32,alphanumericSymbols,201.1
479,ueP]<y[m]#zUi9}d3XzJq*XcWJ%mw+@-,32,alphanumericSymbols,201.1
480,jd$_w4})YaQTE(%YA#s?(gA>~a<iJ?MA,32,alphanumericSymbols,201.1
481,[g$Yq/-gTu7.@vs?*HK2[{vk2!&CdX-p,32,alphanumericSymbols,201.1
482,ATejz[rUkRXe>QJT~<>4s-(FWPuvFcWi,32,alphanumericSymbols,201.1
483,h%-jj(.Y&_$@etT%{D^!$pCqzU/cktAM,32,alphanumericSymbols,201.1
484,"?FEpkJf?-!ViatAM}j/{P)}~+,(WHm:t",32,alphanumericSymbols,201.1
485,"DQ?9qi~|WunhLL^:<p7edL,9U#fEnNy7",32,alphanumericSymbols,201.1
486,|(:%@4rwchQ+Dw|)@[_T(vm;k!v|;&Ra,32,alphanumericSymbols,201.1
487,/~&X}:eg{b_z{#]+.uh*[>{gYJ3!<;{_,32,alphanumericSymbols,201.1
488,V:q;y-#NKWhZJE72sW@Je?((t!Ac2DZh,32,alphanumericSymbols,201.1
489,ZRy>|}!PK?mg<}@_^.bR-yjNf.JMAWyz,32,alphanumericSymbols,201.1
490,*ALQ/[YN9q!@kFf}Ru[N.bw-:yKJjTQX,32,alphanumericSymbols,201.1
491,"hbT$;hYs#3}Q,yE*=?Y^}:N%RRM#u9!=",32,alphanumericSymbols,201.1
492,%HE!PvP_X|H#j+.CNV?/!QnAu(!.2cPg,32,alphanumericSymbols,201.1
493,db^|LM{+7?}#~aWi-@s-j3yfPq<vTd+;,32,alphanumericSymbols,201.1
494,[b}xTKbTzbTy2f7]zWRLWy/n@zAvj@yd,32,alphanumericSymbols,201.1
495,"&m|7q&2iFEzQWEj9/M$,aM*=@N9z=wun",32,alphanumericSymbols,201.1
496,"z,_:NM{7er:TsL|!E-w7NV{*#qJr$e;[",32,alphanumericSymbols,201.1
497,Vd}(^gra3XPyzTCZA}:piU)eNd{R(agx,32,alphanumericSymbols,201.1
498,P;%P(Ctg7HCYry3fsfp!nJED*WcdQH3[,32,alphanumericSymbols,201.1
499,"cwk,+|m:eT~axD~3CH-K=QL}7ktUKHPT",32,alphanumericSymbols,201.1
500,"p;V,A3},<ip}@{;DNDAQQ>%zMD(<beXq",32,alphanumericSymbols,201.1
501,aF]U7+kb+QyVvAVcgQ<|!?gMy=AWtA[~,32,alphanumericSymbols,201.1
502,"{a>_q;Lb]HxALtc#@]jDt.7&^&,}>|Xm",32,alphanumericSymbols,201.1
503,"r#?Q3EAMMutEY|yE)>,,R:$u%_{euP&#",32,alphanumericSymbols,201.1
504,Z{vk|z{mk[JVq;s)#b~pk|i^}+PR~3}f,32,alphanumericSymbols,201.1
505,j>H}xhUMqu[~$>$j(/ev/RXEht[R>Drw,32,alphanumericSymbols,201.1
506,c=9~b|sPa/+jxaAL2qPc;^@qPiy|7(|%,32,alphanumericSymbols,201.1
507,<aWe>.3]qN<)(kZu>X?hpD4nE&p:QaVP,32,alphanumericSymbols,201.1
508,9v-[F&s}-XxW/|<XUgVeLs>|pQq3Ng(n,32,alphanumericSymbols,201.1
509,]}XU{[d/.YKF(yJfY3k;]PX*C<A#jK};,32,alphanumericSymbols,201.1
510,9<$k=rMsv{DnP%r#D=vVkfrumq|&E]Mu,32,alphanumericSymbols,201.1
511,7-C-z</#UC=j(|u(tXpkb;(+WTQR/$3r,32,alphanumericSymbols,201.1
512,RaQg:)Uw}z$*x%xap^pR|ZiJKjKLz}Xe,32,alphanumericSymbols,201.1
513,xiJD3_kn}:FA)+DRir%/iT7+C(_kfF_7,32,alphanumericSymbols,201.1
514,#XTU$yg@{[h|XYQX@v/spH#Dx|xrE~a%,32,alphanumericSymbols,201.1
515,"dT}&=(MTN/R]-_)-,4&%_%q_kJ%&-uE%",32,alphanumericSymbols,201.1
516,"3h_h=gU&U)^g/,!4XkV:c*;<D^EY+bvR",32,alphanumericSymbols,201.1
517,uzu&$&-WJ%CH~?u|9F<%R]?!9PY}FiR+,32,alphanumericSymbols,201.1
518,"#sek;!X+Z_Dfm)y-Wqin}RM-^nf4vzr,",32,alphanumericSymbols,201.1
519,_hMvc)jPjQnq_V<&V{vyQ|b^|]]i9wg$,32,alphanumericSymbols,201.1
520,>]9Xx(4WQM.RF;@J{a%m(}LPq:<muuN2,32,alphanumericSymbols,201.1
521,"}/b,EfM)zT!qhYV+mZ_]kV}dnkuJmw}U",32,alphanumericSymbols,201.1
522,~$gN>n__2*}c$KJE#<A:ps>Tb%zTUFT/,32,alphanumericSymbols,201.1
523,"Uqn<L|9#yc{dA2Z%H9F,.M{*7$;i#v?P",32,alphanumericSymbols,201.1
524,TnLzM7!ELLYxe2dT:U4VzM3p&D|^PAf@,32,alphanumericSymbols,201.1
525,_KwaQ*N^wuL!EZP]nY=K4LARvK4H}/{T,32,alphanumericSymbols,201.1
526,"*,:c>-e:)e)-Y@z[n@H_r*;fg<>_,s4u",32,alphanumericSymbols,201.1
527,Vp#UmkR*|/Ag.eaD7+-_t7PxhegU=Tkv,32,alphanumericSymbols,201.1
528,99m$p!>zNPP-_*w2M+(kxxJgsWZ^ag(N,32,alphanumericSymbols,201.1
529,"|LE(iy%WQ7<L}nC,ahgs-w!hDTDcsksg",32,alphanumericSymbols,201.1
530,]F%&nb@PcQ[%Rk2K3JHc{!abbt3cE(py,32,alphanumericSymbols,201.1
531,"N,>e}Ex&x{-U$?Umg~n^E$tC>iWHp@NA",32,alphanumericSymbols,201.1
532,jx%TT%w+>?w#4*]Jzc2A=W]nhW[X#h7),32,alphanumericSymbols,201.1
533,pAD[DD)M+s.AH2/Tn=<]tPsHpH!3--)w,32,alphanumericSymbols,201.1
534,K_iRh%Hf{@*#@t4ucEE/XD/YQK^d#v]V,32,alphanumericSymbols,201.1
535,(v3Kgb3Q:h3*![A*ycF$|w[&q;4$e<wn,32,alphanumericSymbols,201.1
536,@F{+vk$~#<[yAKi=.h$TWt<hW7ekRYNi,32,alphanumericSymbols,201.1
537,b?*H}MZzPgRaKyWb)b>aXy=Wd})W]^hH,32,alphanumericSymbols,201.1
538,?{zuhY*[T7Ngnkpwje+{3}XfJj~V~4-Z,32,alphanumericSymbols,201.1
539,"HtpL+fFd2jakyj{<rZYpAU3^[n<i97=,",32,alphanumericSymbols,201.1
540,^fduX9ZDU@NzmvY+uvW!TU$zxk;ahp-N,32,alphanumericSymbols,201.1
541,bds~:fnVXp+_qA&DD;^.VJv$s*/uaDKp,32,alphanumericSymbols,201.1
542,CvLuPq~$@k3|;LsrN#/*cFJN=iN@F~JT,32,alphanumericSymbols,201.1
543,:*hXQ#s>9gHb4gW!Qb$Nt<]tXmKAf9m%,32,alphanumericSymbols,201.1
544,9y$=xH>WXn;yNtC{=(sL[TAqm]e~&!Qe,32,alphanumericSymbols,201.1
545,">c!mp!^?R>|WUqy[NWh(Tex:ZK~,w$=%",32,alphanumericSymbols,201.1
546,y?/x2ee2y!jZ)Kr-qCK}J>}(9Qi32gVx,32,alphanumericSymbols,201.1
547,7W4dH4TQr:Ke:bs~7pagYWx}$&]NR4h:,32,alphanumericSymbols,201.1
548,j4kQMEhL;P(Xq~z=x+ww@c![*|TjJa@J,32,alphanumericSymbols,201.1
549,)hs=>E(Jydt:n2]2qz&|7|w<{H7U>k<_,32,alphanumericSymbols,201.1
550,@U}^Jq+X/$yA_b[nb7n@-w*TNu]amUQ:,32,alphanumericSymbols,201.1
551,+UaQ?#*tD{pW._Vs{Fi>QcsF@cE;~rV;,32,alphanumericSymbols,201.1
552,^w@b4P?+fRYy%iz3Laqq<f4bU/ygw;bY,32,alphanumericSymbols,201.1
553,n?{FiFpaJ+RTwqVf@;bz[YH-=_b(rRpF,32,alphanumericSymbols,201.1
554,kx]kWp]2&n&K^+};+tyRXhD#X!<wy@%&,32,alphanumericSymbols,201.1
555,"kPU^VkFZEiF(T4#Qzm>_dh)dq~m4?,C>",32,alphanumericSymbols,201.1
556,"C,A.q-ZRyk^(mDKv:;;U[LgQ+.~P4eJ2",32,alphanumericSymbols,201.1
557,"9L./FA,]wwi;Aj<CiwmZeP]dwEffLdM4",32,alphanumericSymbols,201.1
558,"2#<]=]m;3%]s=.i[V[,rjXPtE^!:+H9w",32,alphanumericSymbols,201.1
559,"&7d|]/xn!;]C(adv+3U)du<XYrc4,Uz&",32,alphanumericSymbols,201.1
560,PjmEaZ@&_}Tra)|2yzrA.M}DXg!DQ.Mx,32,alphanumericSymbols,201.1
561,xP)2q@wP2Yi!%w|$e{Nfm#<qW:}x<x)c,32,alphanumericSymbols,201.1
562,"%9e::ye3]=U^4:,;2DzCe#{s)&.Z>eu,",32,alphanumericSymbols,201.1
563,A+R|.T2}R$!^AY-:F9U3@VvrW[EeY;pb,32,alphanumericSymbols,201.1
564,"E)_g}%vZ,R;_|]JV4Q|P^n<rc#}][)]P",32,alphanumericSymbols,201.1
565,D;#_}$+Pt%eqq(%Kt94+m~W>;enaAPhm,32,alphanumericSymbols,201.1
566,":PMvvAvJ*znd&W&+QweAEa+7E..>H,2P",32,alphanumericSymbols,201.1
567,":+4%.7,vyRL*^}*HtkwADRLYTYcn=3st",32,alphanumericSymbols,201.1
568,]any!Ph2ndQ_T-prR]zrAnsYR_*.fix>,32,alphanumericSymbols,201.1
569,"|y#s,kuKN.-Lsq,#-}U^rnwg+j}EmQJ{",32,alphanumericSymbols,201.1
570,a~Un^Y+?avk-rhrjqpT<vvs;jqLaK=w!,32,alphanumericSymbols,201.1
571,|A(EnL>ni)/F_F>ihvFu>qPf@U*=rA@X,32,alphanumericSymbols,201.1
572,3eUwR.%e.$-/~|&<?.[e|CV$C>_DK~-?,32,alphanumericSymbols,201.1
573,",:@p~%K/L;;,i9i3{!KNm#{){AsY7vt?",32,alphanumericSymbols,201.1
574,;*g+.w^RTU*g}3wapz=ckt]!p)MtYF|M,32,alphanumericSymbols,201.1
575,ai2:q-)3DKN7i=Aes!T?*J$&2[J}:ftr,32,alphanumericSymbols,201.1
576,2|32wiiv#JZ#L=$mzc~mh?!ZR)$bPj2h,32,alphanumericSymbols,201.1
577,:y9:%#t4FfpMbPh.;N#i@p+EEMCe!TQx,32,alphanumericSymbols,201.1
578,a7-FnQ{{fwjFq{]rpW{!.#J|4]PtDzN9,32,alphanumericSymbols,201.1
579,N)zW^p#&)Z__afL+maUd3^3b?eZ=yi!;,32,alphanumericSymbols,201.1
580,",ER<X.h(]z*H3:<K)/#&UuJ]hp!3V=/A",32,alphanumericSymbols,201.1
581,4!hA</.Cp4*9:A!~3:^%dM!z/fRm2yP.,32,alphanumericSymbols,201.1
582,a@7T]D}2v;m@{zqxy/_/EQ[kiKcb?mYu,32,alphanumericSymbols,201.1
583,")D.:,FfJ,)+w&;xLm[C-<jfvPyHu,)Z{",32,alphanumericSymbols,201.1
584,"u{t.dbP*,-JAmN]]-N2:Ui<2ACX{RHb!",32,alphanumericSymbols,201.1
585,D+ic+DQzPX/h%XLqiYFdxZ+dTQYhEgLk,32,alphanumericSymbols,201.1
586,"$tru:7dgu.VJyDp;i.R!,P[!;$;?@WUz",32,alphanumericSymbols,201.1
587,~4Ys#9/Jc=-Md{N;h=f]^j_p&tK$v<E*,32,alphanumericSymbols,201.1
588,k#L3yr:&Jhkf%wjR]UWE{uMTHe_X4@D>,32,alphanumericSymbols,201.1
589,"}<:uAzKp]zNhvfC,3iCFa;-dk<w?Y>r-",32,alphanumericSymbols,201.1
590,"$d77a.7d+-_!Ljc(3Li+7AR*>Txpc,Cy",32,alphanumericSymbols,201.1
591,FqKP_{fk(HJ<mkUF2Nn.n><iZi{LY}%%,32,alphanumericSymbols,201.1
592,"%QRRtdUuus/.]{>ne7ga,Hr7_)E-Hz@Y",32,alphanumericSymbols,201.1
593,"(q-#K>twvaW,K;+zsUE^Zfhh|XC.MT|@",32,alphanumericSymbols,201.1
594,E{d*g]*N#~V(}@%xUR:q*J4;mAQgZ%K:,32,alphanumericSymbols,201.1
595,Lvq|-V9t|<^/hX@Aw2;qF(=vWWp^fCfL,32,alphanumericSymbols,201.1
596,hC~HxHVyd9k[EdjUCeeP2s=F4R=W*uX+,32,alphanumericSymbols,201.1
597,aiei!*au|w~Vrmh!U;AP.xPekh?2CYqf,32,alphanumericSymbols,201.1
598,=qJycjs_R|u-[(*{bRiT/#Cs{bdK|VW~,32,alphanumericSymbols,201.1
599,s]QUEdbPdKiWVEc^7Qd}sR.;fWw@_($f,32,alphanumericSymbols,201.1
600,svu~-}{sq$h^)q7g3KZN<uaU/~;*dg%=,32,alphanumericSymbols,201.1
601,ZZCTQM^%37<W:L+ctX*4~y3^=:TAyA}L,32,alphanumericSymbols,201.1
602,"}-4}n,E]+LdAT,A.[a*rmXa9Rg=N#mw7",32,alphanumericSymbols,201.1
603,XJ(fe%[g@^i;7QPzA{bD9Y~J3Kf#DDVz,32,alphanumericSymbols,201.1
604,"p.L+9,?zx)*yq2;F&{y#|w#<:.;ta#A@",32,alphanumericSymbols,201.1
605,.Jjiq;c)DYH:z77j!-D!-*7-_i4p[P;C,32,alphanumericSymbols,201.1
606,m^YpZrjbgwc>_q>Vi+>sU}2]v[*ayw<=,32,alphanumericSymbols,201.1
607,}+Ah+p:LJTTU_])t^#s43.[pT]V]2Q7y,32,alphanumericSymbols,201.1
608,Ra^4<2@szKj>mmb)~)sicK4eMRm3Khw=,32,alphanumericSymbols,201.1
609,@icDK^KH4yi9>Zv$@)qU4xmzDAUe[>=Y,32,alphanumericSymbols,201.1
610,3Cv7;Tr7;#YE~PDnhwW9hj3y@sX<MQpA,32,alphanumericSymbols,201.1
611,[>JR2Eb7sr9QA@/&m|@)sZ4Y~;[wQa^[,32,alphanumericSymbols,201.1
612,"nn=qaujZidcUw)VT>a?(>e.]?,[c4_bq",32,alphanumericSymbols,201.1
613,"={jzRE9nm3##JXkxxb_(~@,><bZaHF&k",32,alphanumericSymbols,201.1
614,a_gA=EXQCwR)@{ay!rLz$sgRxe%mqW9k,32,alphanumericSymbols,201.1
615,ec>bz&J.$3q7U%gWX-XfTuU>HdE%dy*&,32,alphanumericSymbols,201.1
616,x)efC{UKY@:/#!&u|TRaiy;Q_E%7/^Nw,32,alphanumericSymbols,201.1
617,@au[QA&!kEp#2yL7|_t+t[H?(j_;Axh<,32,alphanumericSymbols,201.1
618,Hs]JLRQ>KvcpF7[uc)a/QX.;2nc@q3/q,32,alphanumericSymbols,201.1
619,yfs~|=AFQuyHd>PwkyA[>F+fX9@yh%dM,32,alphanumericSymbols,201.1
620,"/#bW%%|Mw%Lh[R#,zF#VX9w}tZ/?UU_4",32,alphanumericSymbols,201.1
621,p%-sW~=J}zPy:pT$t-W/=}HU&nt>_>T9,32,alphanumericSymbols,201.1
622,"7C2|!FgvM}|<Vt>urAXA&)::(.JH+,xf",32,alphanumericSymbols,201.1
623,b^k422ykJ}^}bH#pc~W-eCeaZ#x4-/2d,32,alphanumericSymbols,201.1
624,"?rW?V3z~y)}HZPKR-g&yM?Ea,!&bPX@s",32,alphanumericSymbols,201.1
625,j)&9j=NCsh|Lw-sZbNR~};i;dAdNT}Q?,32,alphanumericSymbols,201.1
626,"k47>,FpM[~TR[wt$^]d+NVQdt,xpn3T{",32,alphanumericSymbols,201.1
627,z=)rEk.7R:L~m^@A9-gAC9Fc2]xL*y^j,32,alphanumericSymbols,201.1
628,[4?E4a9pwHw/wRKy.@Zi2V:gE:([rZ9y,32,alphanumericSymbols,201.1
629,"VzgH7QV:V#(g,4]#*YsWQ@:f)~TVRY-L",32,alphanumericSymbols,201.1
630,[wC%K*ysD/!tQJczsm-(fe]^}YwHpqW.,32,alphanumericSymbols,201.1
631,",,;D(:*&%Zw#L>CLvrk9~hx$;vZ77.qv",32,alphanumericSymbols,201.1
632,}bFZ%FRE$P#%_|2s4XHRwtmt+{Q*L4z=,32,alphanumericSymbols,201.1
633,gDw?$TH$L{4ypp[>#s|T]$[rwMq@s&kb,32,alphanumericSymbols,201.1
634,QacAU*n:H~@+N&JM_A#_DfV)|hpz*gra,32,alphanumericSymbols,201.1
635,">Z{kD<+,p|qD;b&q2wPeKwN/:~u)zJr$",32,alphanumericSymbols,201.1
636,"C~vWWNRnjc-7HJn}jFA$VcU[JPL,p|F]",32,alphanumericSymbols,201.1
637,yQ(rgNvyQr%z*h=eueXj?=xgqZkhttgs,32,alphanumericSymbols,201.1
638,+sq4_ta^.V+-pV!:M9&(DJMi3cyb^9;h,32,alphanumericSymbols,201.1
639,"Ni,@9;+;Y-2uDa4/Lr$P_vs|(e~?bNWF",32,alphanumericSymbols,201.1
640,(}jCd|Qj{)/N2[L=eC{@wQwU{+puXXJ^,32,alphanumericSymbols,201.1
641,7.9kf4g*{Vj-tVWFq9.gQH_VdVntxqv@,32,alphanumericSymbols,201.1
642,"@,Y;(n7)m/@<W|:]+Y)n3!za}guQ,@qu",32,alphanumericSymbols,201.1
643,|VUW}bbJRC+?9|p?NTZiuMh7MPJDx(Dw,32,alphanumericSymbols,201.1
644,"v.~]g3~,cYe]^N,F*=iMFD,?uqHt)xAs",32,alphanumericSymbols,201.1
645,",/F=r9,FY?#NiqA~@my}Hr7CJ=y*YFj}",32,alphanumericSymbols,201.1
646,RLR&|;>h_mNW@R|j;MZNjMq9n$Mj=VME,32,alphanumericSymbols,201.1
647,P7(Tfbuz2ZUPuxZyT!7*+Y~Mw#X[z?>n,32,alphanumericSymbols,201.1
648,k}=tnu4xxt$]^C>@A-^9thtj/D(n~+rQ,32,alphanumericSymbols,201.1
649,|VLy3JgW$>[&KeU?=KMQ:a+wMvZbL|xQ,32,alphanumericSymbols,201.1
650,qV|xr%XaKbgE>n%3q@+vxVfk4$>-PXrp,32,alphanumericSymbols,201.1
651,^zg%7VH>3+Qs~+p$Cv4jvb_}x<*APY^=,32,alphanumericSymbols,201.1
652,"#cFArE=d:r],Tg9q]<<$F^fe7:L^gj3T",32,alphanumericSymbols,201.1
653,dKK{X~}:J{pE*bA(9/KFtA!mci%]nPMU,32,alphanumericSymbols,201.1
654,h_UeNX!Az=eqf;w(X[cTAfWxYMyCj[KL,32,alphanumericSymbols,201.1
655,x.FDJJmPfX=M{@HZD^y&bNfg=E#w%Ua&,32,alphanumericSymbols,201.1
656,"v$f,xQ(}WCfuM*F,}~CkfnU}Z(N,u-3|",32,alphanumericSymbols,201.1
657,b]+dUFX%nnV3R^~AZ|WAD9ev;Hx$|x>Y,32,alphanumericSymbols,201.1
658,#PT>.H9sHyC@XDr>NfHTFAJq><*Au)^g,32,alphanumericSymbols,201.1
659,D/+3Yq$sy|:y{fmpa**bxs&mHpy~f7m],32,alphanumericSymbols,201.1
660,"u?M$iUY|(ev+/,R(e9}&-,~w.x/|>,)k",32,alphanumericSymbols,201.1
661,FtF+LZUY}n.i=gWV[g2{ivXc$>X^$}/V,32,alphanumericSymbols,201.1
662,")^@yZd-N&p%f>sE,%xcZP&W{Y7_v$Wmx",32,alphanumericSymbols,201.1
663,jv&mp3i|y)n?hAVD%p37Ab}Z}h.^paqX,32,alphanumericSymbols,201.1
664,-c3[YW$u)n]kPRdmc(MbP)h]vzVDWYMz,32,alphanumericSymbols,201.1
665,:$fLwtjD7XRc2-+bZ(mQxyqDD(X(UD+y,32,alphanumericSymbols,201.1
666,wu3kDTi[q#z~L?*3a+K>R[3r[{{wA*#y,32,alphanumericSymbols,201.1
667,"_>|JMyfPRyUMm7Vfa/_gtUC,2+P}<%yT",32,alphanumericSymbols,201.1
668,"C=zN#=_?R>/EH>4{34Ar4+VDgr/9w@,U",32,alphanumericSymbols,201.1
669,wEVYX|n|<N^K-u32h#-zt)-^_-{;[]b~,32,alphanumericSymbols,201.1
670,"Z7K-NF({ew/{T@37T@.Mn<b|Q(U,%!?Q",32,alphanumericSymbols,201.1
671,mU;N<9&E@+#FhL!UF=cC!cuU<r!~&Wn.,32,alphanumericSymbols,201.1
672,xm.3a[vfRK4A*_P[@2Ntz.[YA<@hhCfM,32,alphanumericSymbols,201.1
673,Cn_Tq](4k}u@u:3AyvVq#c/bhj.;.[*A,32,alphanumericSymbols,201.1
674,r$x{FYR}=vH{Wy4w=F>kf.mp/#}=PXmF,32,alphanumericSymbols,201.1
675,":|KFa,K,r+[YJi;a@.ug[:?D}Eh;a>Kt",32,alphanumericSymbols,201.1
676,"HF:,*~<)#>~^#;W4P%k!N2+xx@=bT>E;",32,alphanumericSymbols,201.1
677,TzN34[xNp=iam)qz%Aq<ZKrUbmfJw%qM,32,alphanumericSymbols,201.1
678,43$V?%3]H_gKC!$(@$uuA|NZc:K~3?X~,32,alphanumericSymbols,201.1
679,n*?/dD*w{*Px#}%.^[g$@A}}NjYVC]=d,32,alphanumericSymbols,201.1
680,Ut]PrzYYHw;*:j{*:W7*h!rpZV)+z*e%,32,alphanumericSymbols,201.1
681,z>_^7[hLNxf&+Wb)P}]zuNFVjh/N)da<,32,alphanumericSymbols,201.1
682,[;cKdb)D}HAu$XE-PC*pHz*x-v$y&tY;,32,alphanumericSymbols,201.1
683,9NV!rH9Y>qJjvv2(D;xf=mhr&trzW=2Q,32,alphanumericSymbols,201.1
684,"kNC>,M{JJ$wD2k:WanhQ,b|Y3jb&9i<>",32,alphanumericSymbols,201.1
685,VHFX[~[p(+zt:DMdpscaL}P_p4@C%Piy,32,alphanumericSymbols,201.1
686,n2;RjK2dk.j;M]cfys*#:cbrA=heH!#y,32,alphanumericSymbols,201.1
687,",{TVTuCa$#V,tVfYHeYXw.(RWY]Ue%ys",32,alphanumericSymbols,201.1
688,gAeH<P!tf~fAnw2^>E{4NeHKNRQweWVY,32,alphanumericSymbols,201.1
689,qZ4(&u:b^>?]R.mfji>]T/L<;HsbVADj,32,alphanumericSymbols,201.1
690,r{zptU|-=rX(?j2.(%7uX[xX[$z_&Fp[,32,alphanumericSymbols,201.1
691,7~WyuX?C(7k|Arxpv+g#pYqj&z)w$?rC,32,alphanumericSymbols,201.1
692,T?Xx^@y[u[xdr!|74t@-/-fm=4b!Rii/,32,alphanumericSymbols,201.1
693,_Rs/yr7=;V(?/mFHcL3a!iX3?2Qz4$>;,32,alphanumericSymbols,201.1
694,Qxm^+.sAFiKr(PP+j(My.)c9]Uer<cJA,32,alphanumericSymbols,201.1
695,_;CNK+#}xgY7+ak?m#mcC!Js-xX~NZtt,32,alphanumericSymbols,201.1
696,Y_h|N!Uaj]=3Qp*wj(aTy=N@ExY:QcUY,32,alphanumericSymbols,201.1
697,"=(JemP#%m,,nXpj7Z}94fCNHL@^7ju49",32,alphanumericSymbols,201.1
698,P-H&RF(v&=W<Z^qNb&m9J<!M_wZNz@Ah,32,alphanumericSymbols,201.1
699,tm%gd^@Wa[$e2tHhWqagZh27:T4#rexz,32,alphanumericSymbols,201.1
700,"7Km7Cb:-WK2xyKA4/>&%;@ML7F,)ff[?",32,alphanumericSymbols,201.1
701,.m:c?gthhgPh#mw$YbVAq4D;j2s&Ca$u,32,alphanumericSymbols,201.1
702,mZ?kt#.3??>2*^peTec#3T{QPd#;$d2T,32,alphanumericSymbols,201.1
703,^&3*MC)PMDd4HX{;~s=@;ne+vXpx^s=[,32,alphanumericSymbols,201.1
704,_:2xsf|:.4zH^*VAxpKw()~f/d;+*PqD,32,alphanumericSymbols,201.1
705,<M-yVxh~Cni|U2evxTpjR)?QMY.j/]m/,32,alphanumericSymbols,201.1
706,")4}vvHtM{bs;,ywr/FxFb?msL.X*xP9!",32,alphanumericSymbols,201.1
707,"tezn,Q#V~Pm;gFYH49c@J[*t*^T)EW+E",32,alphanumericSymbols,201.1
708,.%mYfP-Ryv?>Qwun>VQ|R|EVC@~HEX+w,32,alphanumericSymbols,201.1
709,wUHMY4~!huz>Qf]>fbY#F7+@~7gsp|U^,32,alphanumericSymbols,201.1
710,@/#Phn#Z]k/qF>^sY]qdYjRr<su/&c!Y,32,alphanumericSymbols,201.1
711,"+>ALJe&x-&?QNXkhZx*,H:)~cK.QP9Nn",32,alphanumericSymbols,201.1
712,"U|PU,U?N%gxCN3/?QT{KnP9h(Mwr);gs",32,alphanumericSymbols,201.1
713,!XW^^H~Zas~-C|fd(pus>fm_U^E24)Up,32,alphanumericSymbols,201.1
714,"kn:yE]|9773,qmzbj.A%!s@D=C#kj@x{",32,alphanumericSymbols,201.1
715,"U:,.a.PY}$_]K+v#gZFEk3#PN=*$3FJ}",32,alphanumericSymbols,201.1
716,Zq:{@D/b}.*/Tiy3%u3Uf)<Y4[Em<Hc$,32,alphanumericSymbols,201.1
717,"eq|p,f|Knte]sKhp)_}cbUfWN#{k=!~,",32,alphanumericSymbols,201.1
718,XX~@]^pcFk<irYwvF3&LCZP4{{=9$N{R,32,alphanumericSymbols,201.1
719,jVX|D;cx>)=r#ck=c~~*2_pM-4TRpK-F,32,alphanumericSymbols,201.1
720,ZCXv7L!(FN4MM.n_e39Z}9azgtrHT]hY,32,alphanumericSymbols,201.1
721,NhEf;auPtQ_Z^F/~?%TZQV}AVF4u97V>,32,alphanumericSymbols,201.1
722,"4QPKr!c%+u|YzvKi92[u,aJg]U3%-Ybs",32,alphanumericSymbols,201.1
723,(!zw&ab#crx;&@2kUwVN@*UuHc}^wWtY,32,alphanumericSymbols,201.1
724,:KN.!HdXv!~{=s*R}Apq9|yhUw:*Dj/K,32,alphanumericSymbols,201.1
725,XwJX;$iF;m[/z?z]xuL$Vyzbz2f%:XPy,32,alphanumericSymbols,201.1
726,"_f%e~;M]s3LamarpC7Y,xuwW*Z&D7}pg",32,alphanumericSymbols,201.1
727,"F>qYb{b)ciaPkpKY((.$x%wiuAqm,t~$",32,alphanumericSymbols,201.1
728,"JEuu.(F,/QQ_s_H2<ivy9Hih{X/ykV49",32,alphanumericSymbols,201.1
729,"QzDUv,n-uru.9:X9bDvtYVi<):u|QE!=",32,alphanumericSymbols,201.1
730,E]}cF@&TDVP}EPe2=^9M-&_Z/x>Fe+}b,32,alphanumericSymbols,201.1
731,":?>ZUw,NiU-aM:Vpx44w#RA(4T[K*p,3",32,alphanumericSymbols,201.1
732,z|PXPUDn[$FTn$uDv{n);:{YsK+/gq<w,32,alphanumericSymbols,201.1
733,xkYh-vZsY+&(X!:R)_c3|tAEu)%)_>r!,32,alphanumericSymbols,201.1
734,TM><cAC-)+=LT2*[3t)K-Pu?Qk-=Ys~;,32,alphanumericSymbols,201.1
735,"&dFykx7/m+J;L_.:u~d~yZ@Ab.K,%DYb",32,alphanumericSymbols,201.1
736,w=?iQ~2xx2HN&<*L}];LMxgtr~|;iFU#,32,alphanumericSymbols,201.1
737,x.n<EM+RKRWd2yEc(R)Qu{b3=Mk%(kx},32,alphanumericSymbols,201.1
738,kj&Kg34cJ}!9]v{)?4<VW4mi$}$ViwVM,32,alphanumericSymbols,201.1
739,"C~m4T-w,$*{F;{b@D2|yc>{Y]Pff>dai",32,alphanumericSymbols,201.1
740,"&JX}[L,h%WY!RYpT<3@iYHZ@z&-raf<?",32,alphanumericSymbols,201.1
741,y3?Dm)m;NQ_CAp>Zz!ER2{=!y$gp@u$T,32,alphanumericSymbols,201.1
742,CUrx&>TyL$dTNDuJbvLZ%]gdZ>:?+N4j,32,alphanumericSymbols,201.1
743,"zK.qf>wvR,~/AH;7^tTxQdpzMD7@]x<F",32,alphanumericSymbols,201.1
744,7E[T??)aC~tNw#tj%P;2.|u$@x<|;se[,32,alphanumericSymbols,201.1
745,d-b.tbW<E}Q*C;?2hJFYsMf^D4:qiF|W,32,alphanumericSymbols,201.1
746,4s@miq|pnpA4p=_hL%bXZ(PQr}|L!Wy{,32,alphanumericSymbols,201.1
747,7|&fhF&csJ(be>j@qHTf2kqJ/{p9Rm>u,32,alphanumericSymbols,201.1
748,"HRA[Y[]!s*_,jc<}J{EQkUVhLny.^W44",32,alphanumericSymbols,201.1
749,Euy_dnXQp(#x>r/##j$DP2xE:.mc?bTQ,32,alphanumericSymbols,201.1
750,"UTTWT=td,2n(T^p~tK)Q*WctRp%yPrr4",32,alphanumericSymbols,201.1
751,H(r9[Ub&ZP+z%{:Xy7:Wv:TfKkF(zpz{,32,alphanumericSymbols,201.1
752,QULX?VvQ@rFq=LAU=+9@}dcPCw:W{H%w,32,alphanumericSymbols,201.1
753,u-X)(~kKERaRD|&xXw_VvvdRKQqnfKV),32,alphanumericSymbols,201.1
754,"KPAyVa[YnZZUmQe;^^2Qfsw&eLcrdZ>,",32,alphanumericSymbols,201.1
755,"@gU]tH2q,w}q:uUFQ{^JZR#gimaWf_?L",32,alphanumericSymbols,201.1
756,MtKu:+;psh@wQci7(ECL$*~a3t:@:{UK,32,alphanumericSymbols,201.1
757,nY[<yYaQz$@jr]L<breRmKk=L/fMwt]y,32,alphanumericSymbols,201.1
758,"uq(cVP.J4,U|vtgi>pCzdp-bj%&_&-ZJ",32,alphanumericSymbols,201.1
759,"/U>FJ;bhr[N#dhs~3b&H,kUs2zk47$hw",32,alphanumericSymbols,201.1
760,"(|W,+2e[:XMX3T^%eXNMUHu]s,kdN.FN",32,alphanumericSymbols,201.1
761,]k$.F2K+]KJFEAuQ9-tj(dD(K3v^R&)E,32,alphanumericSymbols,201.1
762,!y|@+7@>h~$a4@RC^M!$EYCe__D.!HLt,32,alphanumericSymbols,201.1
763,!@zb3vg9we|.pn-?r=xWWhV|qeY^{M@Q,32,alphanumericSymbols,201.1
764,TK@MxE%nj|!J!DR}LU3NMvcC#U}Z~+f@,32,alphanumericSymbols,201.1
765,|jhXK2H&Ur}t)MC$uz$hggDdJMtT}XwP,32,alphanumericSymbols,201.1
766,V^#EXX*CQ%-F*Q#%jT|Ch#qh;t/!nzg%,32,alphanumericSymbols,201.1
767,"t{_9hDCAt-cMmj~E{}/))pf&9f@,g/|U",32,alphanumericSymbols,201.1
768,"R.}>3,vy~tPVz+2*NT3><Q#*Zy3&k9~y",32,alphanumericSymbols,201.1
769,ACd#{UX~UYC3HL%&;;vCta??H2[aAVUM,32,alphanumericSymbols,201.1
770,Y+dH@D72F*&>zW*<3px+s(@j.3)!*-De,32,alphanumericSymbols,201.1
771,*&(NX=JfFK*[3|+DhT-g_i_byhnwf@{r,32,alphanumericSymbols,201.1
772,"ef:=rWi^v[<)axF^uFfu_|,uj?itEXje",32,alphanumericSymbols,201.1
773,Z]{hq9zXRh[x+!Vxp;|[cdqLJ|(+#Wzi,32,alphanumericSymbols,201.1
774,>t~#ZPyMP!Jy)+&NHcbx>Vz2f:]rA~Y.,32,alphanumericSymbols,201.1
775,ibJL{jATUH{4u[W?z]gu4n4gp[3tc>+|,32,alphanumericSymbols,201.1
776,mP9w:|R4]_4pcfU+g*:2wp/[}{ZYwC{-,32,alphanumericSymbols,201.1
777,FA!}c}*zC_iHZT>/kUVw7qMpDRdd-W+R,32,alphanumericSymbols,201.1
778,T4yX-Xxdt^)sPMm{YTfxLb{z[JvZ>b9U,32,alphanumericSymbols,201.1
779,|4-bt7cFK:Z4@ihRLM*edqXH3_eJq?g-,32,alphanumericSymbols,201.1
780,m/RL+w#^a)_)ymf4FYhJkd@Upamse)vD,32,alphanumericSymbols,201.1
781,f_|.A2WuuJ$m4A.A@Una]u&4C+2QXE+v,32,alphanumericSymbols,201.1
782,22A#MjDzr>;x]pA2LP}EzipYPA{a4D9g,32,alphanumericSymbols,201.1
783,=&)4/Frxq[+Lvz9}R|/.c*)~Ebq7?p@a,32,alphanumericSymbols,201.1
784,"d+*z%mF}egFD_:;,kCjMmHgCcyUwfP3V",32,alphanumericSymbols,201.1
785,d%d^!ZN;r9tA]$3Z:(y3]x>fTc#b.[Wg,32,alphanumericSymbols,201.1
786,jWJ~xz:aXWFAP!|z@bU.fxv*]4LXnw!m,32,alphanumericSymbols,201.1
787,!Hq+)Z4FmfUYYR>3yQ[.AbEj}p!Q7r:b,32,alphanumericSymbols,201.1
788,[{9@|Ak$p#m}KN/?!@9]4RY&r&4-phT-,32,alphanumericSymbols,201.1
789,egNF?tQ~#MpACn#JLY(d|HJ<ehCv|xkt,32,alphanumericSymbols,201.1
790,&HK[MJA2R!i:FcteH3XQ)W.Du~AKv4is,32,alphanumericSymbols,201.1
791,ipf]J*sLjwU!|~ea]sDZ(#HP[y!Q<i@E,32,alphanumericSymbols,201.1
792,$nfi>E3dvfH-T%#rVEs?HT79{rH[XTkY,32,alphanumericSymbols,201.1
793,".,Kx*d%97.-NN(UKmZ_[(ERk.|hjb@VX",32,alphanumericSymbols,201.1
794,iKv@Zi#|;^HM(fNp*Xjg/&Ti~$/L][y},32,alphanumericSymbols,201.1
795,#Px$}n&a>ftK%><WjNXy-/Nd/9&3YCiA,32,alphanumericSymbols,201.1
796,qq}cU3c[kdpt.g!JE[dy~UNy%@iz9A=F,32,alphanumericSymbols,201.1
797,:;~?DuRyEDH9y|Hwv.R[7TA^$)>c3j(!,32,alphanumericSymbols,201.1
798,7>M?/j>%]csN~]Yj_2cCRk=UzWh:/;PE,32,alphanumericSymbols,201.1
799,"v<f@,r<,4<D)#^,n$/%=n(^MEhvq_=X4",32,alphanumericSymbols,201.1
800,^N4nD<3g*$H=ZM__nxcY[4[Us[rbi]Ax,32,alphanumericSymbols,201.1
801,qR_L)*<-{=n)LDvd)xD_&4(*dh3PZJWw,32,alphanumericSymbols,201.1
802,"JNya]ZyN:7jg,]C~TZae$njEP,@p2KA>",32,alphanumericSymbols,201.1
803,TV|~PPNqf3w<}ZAtrtbi(Na;~/3Q|f=9,32,alphanumericSymbols,201.1
804,"t7<C3/;<JkDW,d*.<)nHTk:rTnJ=vct{",32,alphanumericSymbols,201.1
805,CgT>Zs)&*i[f3Y/eZC4:|gsH<u+?c[)*,32,alphanumericSymbols,201.1
806,44q7$ErM%|r?Nm4-M?WhP{-Wn$z/3eFw,32,alphanumericSymbols,201.1
807,aZ3jHjz.c(rv/PNhMMrRvW}/ZzzLi*H$,32,alphanumericSymbols,201.1
808,[zP:<*nKbT3t+yYLTQM;mUx)H*%rCik[,32,alphanumericSymbols,201.1
809,MhhD&#m]WjzMT@9|9%E2KszcU*W}^^b*,32,alphanumericSymbols,201.1
810,+buv~Y3xtfdFAh+tX+NHPN!U^@a9}*v:,32,alphanumericSymbols,201.1
811,w4f}_:Y~L>/<!A/igTi%!cQrUE?KTd/{,32,alphanumericSymbols,201.1
812,(TL}v/$tYA@pzHdK]t$#qkYE3g;Arb/*,32,alphanumericSymbols,201.1
813,.4ZjngX*/j_&#?uq^vC>^m.[4$t>sxwM,32,alphanumericSymbols,201.1
814,".,Qm,2MPi=;FgEnwZ*Dj;|4<A=:MC]sF",32,alphanumericSymbols,201.1
815,")wy33gZ^^%Yq}wH]:4sZ,?f|mi&Ffj;i",32,alphanumericSymbols,201.1
816,EA#]LVKr%Wv3Q:Ef3<!qKQH&zQeyqUez,32,alphanumericSymbols,201.1
817,";[*kD(h~,F!K=%fw7d+r}:%DWYnedEd-",32,alphanumericSymbols,201.1
818,_+fqsP2m3%xH>jpdfC4HEUpHb)@2ZLun,32,alphanumericSymbols,201.1
819,aT%x^yDjKvvjC@p?AWbb?bj_Xqs!:JYv,32,alphanumericSymbols,201.1
820,"j#ZeDKw,EVYQnV](K|<rQ$4#4][_&i](",32,alphanumericSymbols,201.1
821,RUgC7{%#!+C)s/L)PC}>*Jj=[;J+-4Qj,32,alphanumericSymbols,201.1
822,"tj$2[J{t44MbAWrdhNHp#?vK@LgxChi,",32,alphanumericSymbols,201.1
823,"#Lm3D*(-9LT_qw7$=-WdCXT,C-M~|%E}",32,alphanumericSymbols,201.1
824,s+^DFp]^i.v9vX4n^^|@%;@g]+rrFt(p,32,alphanumericSymbols,201.1
825,%<wNwe]Pezw]@;PiCyx34]d.Z]Fwmb[j,32,alphanumericSymbols,201.1
826,kp+DvxvQ-A3e(+@D/U.f_HixEty)Vz|.,32,alphanumericSymbols,201.1
827,"m,{PsM=V,P=JT&P7Z$eP7sfWFR=u([7%",32,alphanumericSymbols,201.1
828,"]wLg|dsV=EV,tv[C%x;<[-$uC9LQeYX,",32,alphanumericSymbols,201.1
829,"h,btp@ERFL,>t(D$M(ahV}{+p!j%u=:>",32,alphanumericSymbols,201.1
830,nn(ffY>c?WRc2Ut|9[T@i3NH~$!N&Lhu,32,alphanumericSymbols,201.1
831,DWt[[|kNU*v})+HLPYuj/DYJ43gmy)Za,32,alphanumericSymbols,201.1
832,2|VpA[t#t^&Hw[nLM+cg{cv7-aJh/_T>,32,alphanumericSymbols,201.1
833,"*#w4CVTZ@Z9,Q)k>_/Y@?V>.~fX3=,g&",32,alphanumericSymbols,201.1
834,=L/>u3.{PJm=E*ds(DkX_Y]QV>-mf*r+,32,alphanumericSymbols,201.1
835,$VgMuE<mR2Dq$KC.ChHyXmaPy:e<<K9=,32,alphanumericSymbols,201.1
836,w2PH.WKf3;u?Z#/wU[xrWP)][xj.tfYK,32,alphanumericSymbols,201.1
837,"eEMz-z@K<es4K>NmgrjeEzuK>b^%tr<,",32,alphanumericSymbols,201.1
838,KJm|{}&vEv}V_MVm{Pj*~Z$?7~*JCZ7p,32,alphanumericSymbols,201.1
839,"Fyd_Dihg$uRapCw(aedyi.(md,T4[@i:",32,alphanumericSymbols,201.1
840,L4/a{3.QRk_T:>{Mu)&9=Fks9uwa$_vM,32,alphanumericSymbols,201.1
841,"]h=~>b;EQk/h7_sWda{s&KPmPTY;,y}4",32,alphanumericSymbols,201.1
842,}m&XU::3NptjJqu{cxw;g+s#^|yh-z?Z,32,alphanumericSymbols,201.1
843,")yeQ<9frk>rRTfTM7s#FQ7przs>,Hdp)",32,alphanumericSymbols,201.1
844,"pgcTE=(}#4(vPd4H/rNH%@9_wu,wEA|R",32,alphanumericSymbols,201.1
845,(U;_n%*AQpC(Ai]Ti}}^MR~}=-Y4+)A9,32,alphanumericSymbols,201.1
846,2(7v%(Tn7#n3N=Ee4}Qkv]j@td^J3Yb?,32,alphanumericSymbols,201.1
847,"&]+TaJu:EaJ>~Wmndy)<T))u,4;g7jRV",32,alphanumericSymbols,201.1
848,Q-Fw/:+h2t@W9g4[:FRd+Wr?bz#.cfWF,32,alphanumericSymbols,201.1
849,.V-tNU2$%e^Udg*F?+hznaCKWyg$V[n#,32,alphanumericSymbols,201.1
850,~|F;ZVrKC:Eb)|Rrf3.M#i~2F.:LF_m+,32,alphanumericSymbols,201.1
851,Pw;.2P>;(|xQd<<K:yH=V{:dMhV#Ebg],32,alphanumericSymbols,201.1
852,"e,xdZ%Rr?~c-bf;j4jp3/,T&;v9Un=s(",32,alphanumericSymbols,201.1
853,+&P%~ML?{kxK;Vy(7j)#~qp%)*;M+zcD,32,alphanumericSymbols,201.1
854,YQR/Vdt/;Q/mb2i>%2J;nrs9<<E&^W<x,32,alphanumericSymbols,201.1
855,wv$ND;rgUXNC=$MnJZitQm~&C~iz*p$u,32,alphanumericSymbols,201.1
856,!^prC9<fqq|RJRZaF%}$Hmcd7#=QL@9H,32,alphanumericSymbols,201.1
857,VbLtN[kH~7YW4u(F~U{@P^vQUrjY]{d(,32,alphanumericSymbols,201.1
858,hTj97vkk>nWEU[9_?e!j>/_gQP~DKc9e,32,alphanumericSymbols,201.1
859,"ked:C/A+r]QyE!,@XeC2j=Yyx:m=g*_.",32,alphanumericSymbols,201.1
860,"3Zjh]P[(?C>jKn,dAKLQrCY$v9M!@X|(",32,alphanumericSymbols,201.1
861,"r>|F,>i>QN<bchwUvpbYw(b!F)!C=*wr",32,alphanumericSymbols,201.1
862,?~h+UH#.Ly<9&FT9q!R2)~eL)}n;skg_,32,alphanumericSymbols,201.1
863,i%i$h~MZkr%MxkKTsR{)~*:U_A>hf&Va,32,alphanumericSymbols,201.1
864,h_^xE@/;x[i{afck&f-Q#vgX}>2t^W>E,32,alphanumericSymbols,201.1
865,eX$)gXc/7Tg2xyZLMJV:Z@7h2dY9ny22,32,alphanumericSymbols,201.1
866,pCFY$z~!=YqKV/7.<)|QK.~Kx|r!_4@E,32,alphanumericSymbols,201.1
867,"VK}T{^U7?Jr]J;[NQcT<k!)i)9y(zZk,",32,alphanumericSymbols,201.1
868,"%9jxcCL.m|Mi?cw^,D93X<H|Ux(|?ez~",32,alphanumericSymbols,201.1
869,7ZnM2:<>+^Td*jN~qK}rT^Vv)A=d*~^g,32,alphanumericSymbols,201.1
870,"e/d+^*&rYXJ,4uAMyq,A3Hwf22Er|Q7,",32,alphanumericSymbols,201.1
871,"7[{,w!mqq]z,>qsjQ!e,j3Pf9frz{W^&",32,alphanumericSymbols,201.1
872,rkeZVMv*#*bWtVDhNr+!7zZ|9<sHqJ]m,32,alphanumericSymbols,201.1
873,gRthd&iLcxCPsD{;V7sMhH^9kPm_*_%W,32,alphanumericSymbols,201.1
874,3?KAH~t_Y:.mt*sc}7V7nrV<f^kpUfQj,32,alphanumericSymbols,201.1
875,"_P}A,yf/%MaV?-TKb&u++cbftwqtPWFz",32,alphanumericSymbols,201.1
876,"(Zq+*9vx;a~$rDi4Mp@kx,V=C2*.K?xg",32,alphanumericSymbols,201.1
877,C*(2N||eMvjLjzzUrM}?-d>gN{+J[m}R,32,alphanumericSymbols,201.1
878,"bDhpu[,_!R>-=XX,K,h9ziV-]Qs[W#.!",32,alphanumericSymbols,201.1
879,N{v{wj(iPwZRD#;9#A;72uW~(Ub*+xds,32,alphanumericSymbols,201.1
880,"dET?#:g+?fr4;i|rDiH/2g<$$rUYu,eL",32,alphanumericSymbols,201.1
881,HC^e!37wAv2%4X}xCP$]W~U?w4ZNZe!9,32,alphanumericSymbols,201.1
882,]QT:F&*$?d%T=P^g_9thDEwguzfDk4YX,32,alphanumericSymbols,201.1
883,"<:p{geWFCf=j|QPL^wDQAV[RvW:t^A^,",32,alphanumericSymbols,201.1
884,"dVcM=CaJiMyc.PLzd)@p>;,4_[K&@%V>",32,alphanumericSymbols,201.1
885,X!E(z3hcZ>!LPezX%|k2&TCQig[/ZATE,32,alphanumericSymbols,201.1
886,4[qQ/PfTLKJWV<.nwiqq|:n(Rs/Z)HqV,32,alphanumericSymbols,201.1
887,b[Z39KDaJ2frY/ig)q]&7PTtJ!n[bZYX,32,alphanumericSymbols,201.1
888,VtY(<]XbCV/bu3-iPh<#]-&XwtQXN!X?,32,alphanumericSymbols,201.1
889,"uW)y9M.iwnczc&4PA)-ck:+x<n9V,~n.",32,alphanumericSymbols,201.1
890,vHgQ?[f=E}tNVDxmX^d(Yh~_P+J&&R=4,32,alphanumericSymbols,201.1
891,ZXgYL-7|Vh.K4^W3}(|]iVk7cAJuQ4nH,32,alphanumericSymbols,201.1
892,"[~Yh]%wnkgM&Q9T*,3cm2T@dCqr3vtxA",32,alphanumericSymbols,201.1
893,e=%Rq*n@xYpD+[.HVv>{d|zP*Y}{FN#z,32,alphanumericSymbols,201.1
894,sQNd=_j?#F~3wPq^>)@7!FQ3}[kk4PRX,32,alphanumericSymbols,201.1
895,"_/},3MJ~(Y33=<#9gcvyfYuPc,4?h):H",32,alphanumericSymbols,201.1
896,"W$;E>AK>b%)HdMd@)KT(.a,!rct@y_d>",32,alphanumericSymbols,201.1
897,$<r2Dbm*&:{#4AKs/)D=]V.iTJi_b$s;,32,alphanumericSymbols,201.1
898,"fp$da]mw^7gz(yNXPt)(+${$-jZdbD&,",32,alphanumericSymbols,201.1
899,"h2gQ|F/T,+]/Uks]2h!ZQNZN&X2?@W(%",32,alphanumericSymbols,201.1
900,/LN?vV&J992%FvX;c{Yg%H#<QJ&sZn9W,32,alphanumericSymbols,201.1
901,g*N7uQ}|~7vT}Zvb~PPr9*!N=EcUe%ui,32,alphanumericSymbols,201.1
902,--^FNf&:%4#3e_AipEC4E@X*zNWA&n9/,32,alphanumericSymbols,201.1
903,<xsJPPLjkp~=Mq&9YEDQ}-PMb>9T*^P|,32,alphanumericSymbols,201.1
904,2@v7_ur}N(9))]J|YNDECL<gtmHN]VP:,32,alphanumericSymbols,201.1
905,"7aM?EN|y/zx~=,:L_;([fU?/9v%g9;uY",32,alphanumericSymbols,201.1
906,*]j7eFW:ksj}v&KDc2YV()ZUHyz9c4Ce,32,alphanumericSymbols,201.1
907,KYnnk;3+acTMqv+3RU*ahvZ(pkMj~})q,32,alphanumericSymbols,201.1
908,"kq{gQTf/CJwkU%,K^%MJ|/y#.|2i$cN%",32,alphanumericSymbols,201.1
909,WrJy7|7a}+%;[X.xKKV?}/Za^YJeKz_?,32,alphanumericSymbols,201.1
910,"WtZ#Aqnzs.J%[>YU_cJrYksit,2P#WxM",32,alphanumericSymbols,201.1
911,?NV{[;df]7~yFA<pLV$ztdvD(@]JWFA],32,alphanumericSymbols,201.1
912,Z+Wx4DY!?JJwC=2]2h<EUsYMbXDxmETT,32,alphanumericSymbols,201.1
913,[eX?ZTQEZ!#ZPf[&yvxWqgNct(x4Jc3h,32,alphanumericSymbols,201.1
914,"@DfPV[k];Rs=[~(,3Y+>d<_[D,=qdhWF",32,alphanumericSymbols,201.1
915,Dk*.sDyCu]:r7+Y^yHbr$T[-<M].X]xu,32,alphanumericSymbols,201.1
916,E%>}RV>TdiyRr#M;Wa+].hsjE/!AMf_v,32,alphanumericSymbols,201.1
917,"vqMLQy^m@-:4{h&*sJmJnJ%n!Pcy,M=}",32,alphanumericSymbols,201.1
918,"=@s~ZxwJ_u,-2C$Ke!N&cM|W,aRhDuzW",32,alphanumericSymbols,201.1
919,W&*QN:s.F>(2>Q#z[YbsAH9+Q3%@X3n$,32,alphanumericSymbols,201.1
920,!i)aeELJj($Y{f>g%CUPNqzC7Wm._9-x,32,alphanumericSymbols,201.1
921,"fs=NCQ#x]bMq-P99V,c7nn^4{_{@C*_a",32,alphanumericSymbols,201.1
922,"Lh_q;*W^:z>,:m|<U_Mw;-y792&<9TaA",32,alphanumericSymbols,201.1
923,UKv{4]@!&s(R^z&;^(.HyfQT(j/fPi@M,32,alphanumericSymbols,201.1
924,"Lq2?4]eY.{)A|<cH3Pc3,#PXsZeC!!vg",32,alphanumericSymbols,201.1
925,)UF!*mDynKwTHHzP.VALh]ZX&A@Qr~|p,32,alphanumericSymbols,201.1
926,Y?4.Dma;{$pMEWyUK(Jumt~)ka)?&4.Y,32,alphanumericSymbols,201.1
927,"hQ(RqiC4]Li{)k(+.PX~e*^wyrVY,vRU",32,alphanumericSymbols,201.1
928,",y]Y@dZZ{i{h3+^2wd9ZEnHp=nmxxpb7",32,alphanumericSymbols,201.1
929,"h@s+b&vc&L~a_g44CdMqy;RaVd:,!2NR",32,alphanumericSymbols,201.1
930,"w(VVfHz?nt_#:wJPL;A=m.*x^d:3,tas",32,alphanumericSymbols,201.1
931,AFNqn?q2?M*h>cina;4-&[ddAq&:T^@!,32,alphanumericSymbols,201.1
932,"X;($@dNiKZ;4U,erMkt*3%De7:XRx=!s",32,alphanumericSymbols,201.1
933,"]%,4]%Dbcrk$4k{<U]r>9,_-_qcZXvhg",32,alphanumericSymbols,201.1
934,eh{K2~?rh[2jK2]7)CYJ?rfzt?{9FKb&,32,alphanumericSymbols,201.1
935,"MwTM-M!H:Pw(CRsP>F,rsaFy7CZpT{**",32,alphanumericSymbols,201.1
936,y@[3#?@VY(LQ?#-?RptAYTQuf]Vv=Fp_,32,alphanumericSymbols,201.1
937,3vE!M|D-z*7[=(!z-jNzu#@x}W3Vh]kg,32,alphanumericSymbols,201.1
938,DKEinJ2dU}@C&pPTP.=Hr>4/Mt|$s|P#,32,alphanumericSymbols,201.1
939,"^2/JWH+/{;!gfJs,4433hY(DmHv!tuJ7",32,alphanumericSymbols,201.1
940,MYyah+nee?Z(PN>Esvf-$ZeL)en]]9NQ,32,alphanumericSymbols,201.1
941,"t/-<!,K_<gD}aXEk>7<^z;cE.sFt9$s|",32,alphanumericSymbols,201.1
942,>-^2sb](2Wep3LKZhj|U|F339#_)NZDN,32,alphanumericSymbols,201.1
943,"tNqh>*WEuP,v+@i-]JR:c%d2fc)9Aip=",32,alphanumericSymbols,201.1
944,*ej.b*KZ_Qt.[Y+{.T<(R;d=we~c7K/|,32,alphanumericSymbols,201.1
945,f}sXWzF[F/<aAK7?4Cgr&E^zENV/hshz,32,alphanumericSymbols,201.1
946,"C~j4Dy<Pw=9U,QmQntNrbnw{*g![+;Wk",32,alphanumericSymbols,201.1
947,m$uwXzb4?]}<]ii!Ke*j[;(!ZU#_pyMR,32,alphanumericSymbols,201.1
948,CNTa7|]!LVhd&Je[yyv93zThNw3RvpZC,32,alphanumericSymbols,201.1
949,DycL7r]/!W4mw];Xy!kj[d{eQD}]Y$<a,32,alphanumericSymbols,201.1
950,r<U]+LsjdV*vQCRcE_XN2Ymu4E:pvZK9,32,alphanumericSymbols,201.1
951,"=q(eTxx,<m,jjrJmJ;Q;MZL/,jmAPA_j",32,alphanumericSymbols,201.1
952,"_q,?;n_tinbMr@@}d~Qa[<PVpb-qm+<X",32,alphanumericSymbols,201.1
953,"V|h,@JCPm,}Fp.eQfws.{i%7UskzVC,i",32,alphanumericSymbols,201.1
954,cm39Ea!/VKc|3av~RcZHTaV_QFx3Misf,32,alphanumericSymbols,201.1
955,"J9F>g.X%j*%vXNdrMY.NX(RkdVVzw7y,",32,alphanumericSymbols,201.1
956,]!R*4n#z^ViuNkJ$u/>Y~^/pz/VTqqm{,32,alphanumericSymbols,201.1
957,"3z9V=~r9y9!=Tr$(~F9|WA$=Z@@.J,z{",32,alphanumericSymbols,201.1
958,%ws}NQ<a<<RU7nV|<xgqwNq.q[U?}JwU,32,alphanumericSymbols,201.1
959,m4pdKD;j.?nQXUVxQUgy*2v&RZ{z;L?Z,32,alphanumericSymbols,201.1
960,sCp<n^$93-F(EPet7%u*Hy_MskX~idDY,32,alphanumericSymbols,201.1
961,"L#r3gaT#9H)ZbnnmYLhL,-!CqWvQL7ws",32,alphanumericSymbols,201.1
962,F{~MfT=ew[QebEP&p-<2!_-W%=w<mZ]T,32,alphanumericSymbols,201.1
963,[i(L:^wz3U!{DxtR[f~JFH-vTey2M.PM,32,alphanumericSymbols,201.1
964,"wJcK/9^yW^(dcqj^!WT#[Eq4k@9,U,pa",32,alphanumericSymbols,201.1
965,.^/(zcUF!i9k!v*q4tXTyjig[Cb_Q(i/,32,alphanumericSymbols,201.1
966,9dn=2_mhTqaT(uZMa.&4d*rir$R#u:w=,32,alphanumericSymbols,201.1
967,"=,XyhU(LWg7Lz7mg&R+99|EFz-}9HKup",32,alphanumericSymbols,201.1
968,.*v{}tc<K<!@f9QZ&THTYT&xuZT]FmJ$,32,alphanumericSymbols,201.1
969,J@_!|UrKuyY_X*cV#EdWnFH=j|MUEcbu,32,alphanumericSymbols,201.1
970,"/ueXK=z|J,[A#f&Q>zmW-_DLeDfRJpc^",32,alphanumericSymbols,201.1
971,~Ag_~L27-L]Vy3ew!#cDy<ugX/Vfa?dv,32,alphanumericSymbols,201.1
972,f7Ek#9;V*c2aWN+kN|dzRf!U:XDEJ]Q+,32,alphanumericSymbols,201.1
973,C?kMYF[yHD&<N*=3%fzy!Jb!];RTc<?s,32,alphanumericSymbols,201.1
974,}K2e=n[&A(E(.An39*T({^xZg{K=t-X~,32,alphanumericSymbols,201.1
975,"XT+dPXF(Uu^$=C,C@&=Cca$4Rw}=*d2F",32,alphanumericSymbols,201.1
976,[7VaT23a~-E7s;4DY3kjwauTw*X-Mzys,32,alphanumericSymbols,201.1
977,u@[_.K#Hs3H~etP;v;+bsyz:;aA9tp<^,32,alphanumericSymbols,201.1
978,iEVKE>7]@n[tzAC}{C7DP99)=73(sx$m,32,alphanumericSymbols,201.1
979,JXp;/*[<@/M:saP7xs_}Y+9e[tq[c=m{,32,alphanumericSymbols,201.1
980,"d2<M,Yn@[n?}{C)Ce=}_E2wYfWd!;KXr",32,alphanumericSymbols,201.1
981,!Z@:s9k{}az?d<#-u4{[rcjzh:|L!.K!,32,alphanumericSymbols,201.1
982,"^L)L/$,#|:KL{;/!H7-9Fq9U.EYET>E2",32,alphanumericSymbols,201.1
983,}ap{F==J#nd^rbJmz3W]:e<7s@mE(s)j,32,alphanumericSymbols,201.1
984,>bC<yL)TsNr)JCN^K%>>([*Ku&;9D={v,32,alphanumericSymbols,201.1
985,;hWzcKQpJk!=e+{7:3Z;APFje}_U%]ti,32,alphanumericSymbols,201.1
986,;_az^hPc(^jh-dsP:aN[Qdc>[(E_7QxN,32,alphanumericSymbols,201.1
987,f]q|-^{c:Mc3N@ng^+/U{|M]X?gfK&za,32,alphanumericSymbols,201.1
988,"Q#byCkxrry>,y%|at%]CH:(NDD[hg#~=",32,alphanumericSymbols,201.1
989,HhRJs]4djt&A[b}JN-2q(2YsLAtVN%U=,32,alphanumericSymbols,201.1
990,"_PbYi)b+XpH&E/}#2!iF,|mJ7k*T^p(h",32,alphanumericSymbols,201.1
991,fbQ*RgMs|@}|QYQw?Dw)Z^f}pcL?b{~],32,alphanumericSymbols,201.1
992,"$?=c&:i/H-F<*Q?>g*3_{?)$/XE,d[]}",32,alphanumericSymbols,201.1
993,<k&2piah>-bqy+pgi;q~TJqh$QdPz}t$,32,alphanumericSymbols,201.1
994,!td_PP|i~3V;TFYQ+zvgEYP:Q^vCiYkU,32,alphanumericSymbols,201.1
995,"Vi,!9b_(QVcnv_>/ZYz-Rz,~V[M/yaa_",32,alphanumericSymbols,201.1
996,MAFf2/>3h)cwsiL<7%xWaTQCPhupP:bN,32,alphanumericSymbols,201.1
997,"vM.;)!dDc$s^gR&}L$=JEYh|v|-,i/cc",32,alphanumericSymbols,201.1
998,"Z?.u@9jnR(c=d$Q@,n,y{YxNH<%;veyh",32,alphanumericSymbols,201.1
999,Lp2i7+pnsCuFewpHesrs{W%[+{ViNy-T,32,alphanumericSymbols,201.1
1000,>=DNZW){nVu2)~H*vU4m[kvpr:Y-A;Jy,32,alphanumericSymbols,201.1
1001,E.{:}!Ki{J%pgvU)9=_KErTT|L{#/wjW,32,alphanumericSymbols,201.1
1002,"$Q;nU,Yd,@sqaf~/(-nUW+kH&DX,>MPs",32,alphanumericSymbols,201.1
1003,{=UQX~pCsTzFuEHL#C2N:4U)R@zU-Pdi,32,alphanumericSymbols,201.1
1004,dHFLJ]pJxZ^Fh;L$;#M9$[F!mJh:<Qs@,32,alphanumericSymbols,201.1
1005,V{dCWj7#WdP>[$E_cm{%yd:hDsA~ht2},32,alphanumericSymbols,201.1
1006,+uA{Hs>_3Jj/VeNC%[AvUXf!;-UrH]7j,32,alphanumericSymbols,201.1
1007,/_J+n3Fxgn^}AA#<nWC;XL[T[*&4Vhw>,32,alphanumericSymbols,201.1
1008,[tUcL4*k}pWC&]_Yk}/wCrLi.yWebhcR,32,alphanumericSymbols,201.1
1009,ETvUAde9E<jp{hv+y|y**XNvdnF*2}/d,32,alphanumericSymbols,201.1
1010,"Q(wV<L,j;$RHF4./2nRUf~>A4:@z*xrt",32,alphanumericSymbols,201.1
1011,"9_h+{KzHX<Z$)TAi@>*#rZ,uW9#J/9gD",32,alphanumericSymbols,201.1
1012,"EiU<iXMyn,44&WF$P+@etv>i3R_pDTnZ",32,alphanumericSymbols,201.1
1013,u)f!>jF_Up}@@R?zR_d%fL@i]Rru[<x.,32,alphanumericSymbols,201.1
1014,"!|V!HH,=;N~*Ak)iw)3WntX2jkHjw4b~",32,alphanumericSymbols,201.1
1015,vnQA@*}Fi(i?MPW;R]<.rme27kr-jn4s,32,alphanumericSymbols,201.1
1016,(QEg|wNbc9__eU^u^tj7%Vsz}CTWcru:,32,alphanumericSymbols,201.1
1017,D=R^ud@n9bdH?[DMbxyDf7}nK-;FJ2Hb,32,alphanumericSymbols,201.1
1018,u;M3^yN}?K^9fcv+f~(dh2_y.Xg(+y@V,32,alphanumericSymbols,201.1
1019,XL:V[acszh!kFRnWN<9dRysT~%VaX_Z:,32,alphanumericSymbols,201.1
1020,"wPzuMkK=fc,MVFr*K!ER=>Jug-*M4-*F",32,alphanumericSymbols,201.1
1021,)*R)fwmE*pekrYL2N_)*j?dcEe[^nQmf,32,alphanumericSymbols,201.1
1022,XuTW~mwN3zk!Q3&iYtZ.&ADP9*~^ae^K,32,alphanumericSymbols,201.1
1023,"Vc&i?,yZM|7QidA>F>$]d(7]i%4%e&RW",32,alphanumericSymbols,201.1
1024,@3+<-2#@*P|$<A(2*kQt#Yh.CCaMMZvH,32,alphanumericSymbols,201.1
1025,Ej_tA<T=in@>jjFtx~#A%7%DMsW-xEy-,32,alphanumericSymbols,201.1
1026,_Hx)XsQudtLn?|$ANvyQ]:f9hKt:X9-q,32,alphanumericSymbols,201.1
1027,"]/4gu2LUx([,&NZb.;;$fjR$xek~{k2*",32,alphanumericSymbols,201.1
1028,3W{KQjC_=h.n4ZuCLU&j;LeVv/LEw:(#,32,alphanumericSymbols,201.1
1029,"%7,~)tp?|Z4JmChz]P:=@)^?!kpM_b&|",32,alphanumericSymbols,201.1
1030,R7W${}y:?=<k!?wZ|4rp@H@<_F:J@u/L,32,alphanumericSymbols,201.1
1031,"*pnVJhFY/Vgfd(,{A$kNv:2Ea=At9)D4",32,alphanumericSymbols,201.1
1032,F7KYyXF=Drzj*@efCD{n:R+}C+Hb4PpF,32,alphanumericSymbols,201.1
1033,-c-X%|U^H{AXJ/qk=g4xRTFX#X]R@DsQ,32,alphanumericSymbols,201.1
1034,hpb_p7shm:=.AKm//xKg#|:x?@JwZ]E/,32,alphanumericSymbols,201.1
1035,"s^,HnP*XQ_,:XqAZq&wmjP=h|Kt(3(:z",32,alphanumericSymbols,201.1
1036,a@c[~yNxjKa(7--:;z?e<Q9-nKnZ|3HE,32,alphanumericSymbols,201.1
1037,pE&-btv.y^avXb=JC@qM%.a@%c4iCVg3,32,alphanumericSymbols,201.1
1038,kQZ4ACLE$ACC?tK@j>be?>MWwP#;Lspn,32,alphanumericSymbols,201.1
1039,7PQ+9HF?<UR(RJ@[PP+X;K4y:X9Rh4i/,32,alphanumericSymbols,201.1
1040,cFq%x!HVeM*y?9m|(LF>7FEMgQk~bE{c,32,alphanumericSymbols,201.1
1041,UV~#y9=}eV2&QP?/sqqWnUz*^pwf}&in,32,alphanumericSymbols,201.1
1042,:csup?]s!^sa$~QE;T[^H((y77N7-Dv=,32,alphanumericSymbols,201.1
1043,J@Ya~%AV_[<a;bi^d7w[i7U;R}sr:4Cc,32,alphanumericSymbols,201.1
1044,NY%TPZAq(Q2JU!|*Dp^2-jNAUjjJ~:Hc,32,alphanumericSymbols,201.1
1045,uh(n(>w}(]U$uP.@=exa>#<@!{er9Rbn,32,alphanumericSymbols,201.1
1046,qZ2<7c%^$mXncR|%#MW)nc9k?~2=}fMi,32,alphanumericSymbols,201.1
1047,q<cyKWR#jn=FUH_a3H(PzrQ3*rk;YiFv,32,alphanumericSymbols,201.1
1048,WC#j!TKJc<E9yXuj4nQQ<Mjc$<q2@hdh,32,alphanumericSymbols,201.1
1049,Az*ADz$pM>i=7nz[F/rdUP3_UPUfj}fx,32,alphanumericSymbols,201.1
1050,"@=gM=,{ah#}X+fxAtHYk&aQ~CT?%KZN@",32,alphanumericSymbols,201.1
1051,"nk[)[?Z3<Y%f&^zFzE$nQ_@,A|CK{y#;",32,alphanumericSymbols,201.1
1052,=j}*t>ccf=QnAmyp#dq)=Zb2X&/ys@vk,32,alphanumericSymbols,201.1
1053,X:umxzu-NsCi.;(D*P]=#_np2v4{|%pa,32,alphanumericSymbols,201.1
1054,nynr+9CEZ{k~?CaV#;F3[<U.RUvizKf3,32,alphanumericSymbols,201.1
1055,"-&g!k@gm{{rtD)};EZ-},)QZ>AypuWmP",32,alphanumericSymbols,201.1
1056,~{L3t2PaD~rf+F3r.WQ]W(9]eVKnbq_c,32,alphanumericSymbols,201.1
1057,Af+U+KT_Xm^QX%.7mmA9(je:m#(]4ffZ,32,alphanumericSymbols,201.1
1058,"d%TDLy{,H!ygQ.[/2$sr|U;=ag{.Nbn9",32,alphanumericSymbols,201.1
1059,gnktXU?7[Zn>ZyQuU7_9^fmJ&f>$rrKL,32,alphanumericSymbols,201.1
1060,"xuX4=PrX~emmFa:zb,C*^:,wPLm/Fp_K",32,alphanumericSymbols,201.1
1061,3vyd@L%zDvWwxVTk]x;e?;z]WauNCUVx,32,alphanumericSymbols,201.1
1062,eZieXtPjH:Um(y!ARtke4ccTV!kfc&hE,32,alphanumericSymbols,201.1
1063,|a+p4xN/]WnQNpFpkQAuWMk#Cacviu9>,32,alphanumericSymbols,201.1
1064,pRTZmfLkz{cJW|_<RitR%Vn%/Q^iM^L>,32,alphanumericSymbols,201.1
1065,hV$nR?x-K+W!+s9!NHzWb$h]xsudTq~=,32,alphanumericSymbols,201.1
1066,L|:|?q+FiKKiDMhDc2X)4]eLp!n;;WLH,32,alphanumericSymbols,201.1
1067,#Q4aZHn4m^e-!24@CbJ9s^$zh-wz)htJ,32,alphanumericSymbols,201.1
1068,"9v$Y?V,:3eeAYY]~TnpANxk%v%Due;@,",32,alphanumericSymbols,201.1
1069,"|p^Nn)P>/j_C*umMCMfL&Z,?v%UJPCkF",32,alphanumericSymbols,201.1
1070,c;Yx!fv4zQgTcem$FsiR@sAjknYp~[XZ,32,alphanumericSymbols,201.1
1071,"FQy~ac.Ce^9M~,f~VAcNh2J!,CRr>r]V",32,alphanumericSymbols,201.1
1072,"WNt,FX9Q>7x+)}qNxnt2r;|@tU]EAvpA",32,alphanumericSymbols,201.1
1073,.*enk-xRR&n$<;)}/~eJf/Zb.[Ue$}Jr,32,alphanumericSymbols,201.1
1074,jy?T_)#yRm#M9+ZdQuvwYK}veAu|$~J4,32,alphanumericSymbols,201.1
1075,n+~P;{{hkPkA/J>k-mu*?ar%~NynKq!4,32,alphanumericSymbols,201.1
1076,L~NrZT3C{.jc$YvC]_qcQ7]H4XA~;Ps],32,alphanumericSymbols,201.1
1077,"K=E}:t]?KE-=R,,^TJtE%,-rrsJQT|-A",32,alphanumericSymbols,201.1
1078,x@^[aR;Z*)UmDVjapRKhi?ebDR~u(KA|,32,alphanumericSymbols,201.1
1079,cs**dPQJ]J|+#$+Q#gXfTPF]a*_uYvaQ,32,alphanumericSymbols,201.1
1080,D9<{~}.-%7~qdnK}?Ht!i@/4ZyJR3u+Q,32,alphanumericSymbols,201.1
1081,"/#j)**4@k}<;7vaT,F,z^PMq:Mp/[V>$",32,alphanumericSymbols,201.1
1082,i{X#R4yXyx?3K+VE}&;Pe7*J+x<_RR?k,32,alphanumericSymbols,201.1
1083,"Y=yLh,M]xD[cH}iff|;tsb~2Znfe79<]",32,alphanumericSymbols,201.1
1084,N-|@ZQeEJ_A!_Tffu<($y_74jNs3YtFh,32,alphanumericSymbols,201.1
1085,^pUjnArPT)W^?KY<_x=vKCcta.rxT+2m,32,alphanumericSymbols,201.1
1086,<W<T3PM]HFch!TtJ^W*YECZ:yJtsEwH[,32,alphanumericSymbols,201.1
1087,xnzCD$&TVa;M*L/z7Kc^&z?Yk&z=JT*V,32,alphanumericSymbols,201.1
1088,FLLau]rv+9$W7<jf.2vi*Z%yxCJ*PK|h,32,alphanumericSymbols,201.1
1089,E/uz&W|_iR>9=Qs|Wy<M.nrT~epwRuy},32,alphanumericSymbols,201.1
1090,~Tx:mvxT9.k;m=-g{F-^i(yh[w{Azedr,32,alphanumericSymbols,201.1
1091,Ed$]ZzU_<aR[vz&xtCzk7d*&+z&Q?9%t,32,alphanumericSymbols,201.1
1092,<fukfU>|[w$hjiw)Y)w7m=&Q7r/^]qgc,32,alphanumericSymbols,201.1
1093,(MAnHg3K-?m}nrA%D7T~&L/PNu]=rXfm,32,alphanumericSymbols,201.1
1094,s+cfi__T)YZs(R$]C-wvd+{Z!K2.d-)j,32,alphanumericSymbols,201.1
1095,~eeE=i%t@-}F/u$~jsrbuXX)cM_NrkWa,32,alphanumericSymbols,201.1
1096,/M>J}uA=#K3KJ-@eM}z$FJLLszFA-LX.,32,alphanumericSymbols,201.1
1097,",4u]u}[qd-)thubXw9;YNm|c:Qg=H@[:",32,alphanumericSymbols,201.1
1098,"=Un7hF$7AZb%X,RaH$KV!P&i(d_,Efpj",32,alphanumericSymbols,201.1
1099,]m!uw_bYT-;hj-sHRM~V=M|qt-_(wEW),32,alphanumericSymbols,201.1
1100,XJM}Pbj(P^i+%uk{qKDPe%ZcQ]^3uTt.,32,alphanumericSymbols,201.1
1101,U2<Yz~ds(_mKYC(;TEP)Erx#U/4(nbnC,32,alphanumericSymbols,201.1
1102,QiKV.yP_:~nw_wF}i@)z>]Ad+snJ{Us~,32,alphanumericSymbols,201.1
1103,"U4n>,tEjX~3{UZ!n(_=n:Mhgt:y]+uLL",32,alphanumericSymbols,201.1
1104,"N]-Y[_@-u3V4-}g)L>V~e|DD_PW,vck%",32,alphanumericSymbols,201.1
1105,"~7jWvKj<p;b+E{efp4:PiQW[m?V,axW3",32,alphanumericSymbols,201.1
1106,@#fb!^)+7-FR72@X:YQM9QA%3daH:xDf,32,alphanumericSymbols,201.1
1107,3=z$Lc&74*}_V~&Y7E-Mvu>EcT9hPVy!,32,alphanumericSymbols,201.1
1108,"cHNc.mc9xu,(r+)[wL;!2m9hP{VAfa+V",32,alphanumericSymbols,201.1
1109,Kw]H<i{b)n*7nn9&.Ezzeyy/J?{:i)i4,32,alphanumericSymbols,201.1
1110,:skhaAn-m]C=hpnD2T;<r(%i#]]qz|3W,32,alphanumericSymbols,201.1
1111,(>^K:)n/@qQ-*[(sZX_Ur;yhknQD[NVj,32,alphanumericSymbols,201.1
1112,[Myj_Z-v_r@DRp&pw+p._rPPU@|aeR)+,32,alphanumericSymbols,201.1
1113,s)X[#KZb$~rmFMY&zt|L;yPhp~?tdT)d,32,alphanumericSymbols,201.1
1114,Q*_pD72Cj7pc9>%TWWpk)FrQ%Unbh*ke,32,alphanumericSymbols,201.1
1115,X__EeEjg9{@=eeLuq>Hd!^vZr$MNW$)},32,alphanumericSymbols,201.1
1116,"7$#YLp;>d)fz^q^[t*WR2hd,,-TDFsxc",32,alphanumericSymbols,201.1
1117,evwgC$$Cw]jMK<i#KXjD}{NQ)JVXgA3T,32,alphanumericSymbols,201.1
1118,"^(Z@q$,-zEU_pa*MHA.*W^/m*=k>UCr|",32,alphanumericSymbols,201.1
1119,%V>g)z%;[txesUCTh:9|-n!L>wd}HJtA,32,alphanumericSymbols,201.1
1120,9a;9p@a+Pwub$tY;]ZepKR_gwD+T9|e],32,alphanumericSymbols,201.1
1121,"g,R{V,;}UsD;b(]+xt]fAL%|cRQj.h}R",32,alphanumericSymbols,201.1
1122,"z,4fbA/|[:Fau7~AzcbQC*:KL%7q|F?x",32,alphanumericSymbols,201.1
1123,ysiy[wf@Xd9=MmC-}s[g=~sF<j=N?)[y,32,alphanumericSymbols,201.1
1124,RTm?EVK_.@J:X*?]{b}b[h=wdQ(qnhz%,32,alphanumericSymbols,201.1
1125,Kc23ch[y)kR:JP$/_YY&]k|RwewHEw@N,32,alphanumericSymbols,201.1
1126,",hw?2QkHM#rs]&e3HD)<q2<@2uMd,4<g",32,alphanumericSymbols,201.1
1127,4fV~7*HZ7XqH#y&DNbMtJa:>Tw][<@rT,32,alphanumericSymbols,201.1
1128,vxhxRgFJXC>]nVDJcN<JYx~K2Y!sP+t|,32,alphanumericSymbols,201.1
1129,(}hqr=jVPr]_q@A+j(EEH>_CE4CL[~~r,32,alphanumericSymbols,201.1
1130,bvAcd?@KNKPHYv+/xE{(xCDMVxLLc3*V,32,alphanumericSymbols,201.1
1131,{7+>AC#)V{}j^7ET/%Rnr*7U:k<]4M$Q,32,alphanumericSymbols,201.1
1132,"@V,m/=!u,xyz_LXX=k}*{x4^fN%km;(/",32,alphanumericSymbols,201.1
1133,"!:_XuH[CH>zip(>eq(4Y-A#rp,Ry,QKg",32,alphanumericSymbols,201.1
1134,Ah!34s!N$r?+LDDX@!|pFxsjq37>KU=$,32,alphanumericSymbols,201.1
1135,*F@LYJ@;~gxAaJj^rhDH!2Y:PNvaQX)Y,32,alphanumericSymbols,201.1
1136,"vdmYXKCks&),cki|fyHM{4//T-,&%e+w",32,alphanumericSymbols,201.1
1137,~4E{:Y!;nmPHP#nTAex(!fPP{LZm+yXL,32,alphanumericSymbols,201.1
1138,",:wLrn?!9sTu)[avZJ=btj-*-Ln/+)7P",32,alphanumericSymbols,201.1
1139,U;3=-n2A9R[2ui:;y4Nhz#rXJpb{/{eu,32,alphanumericSymbols,201.1
1140,"jw/A)(,-hjWp@dg(m/uRpUMJ@qcs.E]U",32,alphanumericSymbols,201.1
1141,i/u*fwVr$:?2&_H@wzsq3YV7U[rb4N}d,32,alphanumericSymbols,201.1
1142,"<*MV@!x,=]%[:KD%,siKdxW!(Vt4R2wF",32,alphanumericSymbols,201.1
1143,"*Qm<tk>,=r_kN3dCYkYim#W-:FUiFcRr",32,alphanumericSymbols,201.1
1144,"q.E9R|94%,X4ki?_77|*w.Xr}M^qJ$r4",32,alphanumericSymbols,201.1
1145,pT+N@UWi-(kV@{N/zs4X9@+].Dx4sge9,32,alphanumericSymbols,201.1
1146,"cx~/cHz]u(L~<hH*!vqd,),kg/!hUv,P",32,alphanumericSymbols,201.1
1147,CKf(r_h9$c#4+E}Nz3C@W@wk+=39{F3g,32,alphanumericSymbols,201.1
1148,h?:42?>+YrU/qsx*y_aa;P[wX):b]7kq,32,alphanumericSymbols,201.1
1149,*sy*!NT?QfF?AUv%)/jNp7Yzk#*uNZ2},32,alphanumericSymbols,201.1
1150,[3tx.+d|r^*a}HK4XsCw$pmq}@4*ad?s,32,alphanumericSymbols,201.1
1151,"U;whL},c7b3D_??dpTH]es~=^$nwy}[!",32,alphanumericSymbols,201.1
1152,w|TQTf?wL*+K##U})}VM%LA&=PaD($JZ,32,alphanumericSymbols,201.1
1153,aJHEjyJL/?MkPrj:aH3aj=E@WNywde_h,32,alphanumericSymbols,201.1
1154,Cj2Py}N@is&H;EnC9trPmv.hx]7vxtRW,32,alphanumericSymbols,201.1
1155,?+umDQHVP_d:fT]Te]?Jxz-&Pk:EjnFL,32,alphanumericSymbols,201.1
1156,wfpN<xgwszK<qQh/#<?=c%#g=)k%^Vyf,32,alphanumericSymbols,201.1
1157,"h|w!tWDV!k^|ZiW9Nea9R_,~E.gK-VvP",32,alphanumericSymbols,201.1
1158,vPV_W.NjyDK*@&NAyZpYpKY~eDwChrkf,32,alphanumericSymbols,201.1
1159,+HP3qXaJ;d)WV)qz]cHr**Lya:.x_/aw,32,alphanumericSymbols,201.1
1160,">(PmarW&Mu#q+xzbP!rE,qw4_|}wu-NV",32,alphanumericSymbols,201.1
1161,]JHjn:TjjpYHnb_nW[{:|9H~2rrHa>+q,32,alphanumericSymbols,201.1
1162,pwLXiR%wwss[=}4ri#eZ7]$&wL9k.i{C,32,alphanumericSymbols,201.1
1163,h$JCR>yphzc_ezx4{<t$.|bh^kqf;=rz,32,alphanumericSymbols,201.1
1164,a@&Qfi&;=-f{h*J.]ru|=R_9Zk^m=L]>,32,alphanumericSymbols,201.1
1165,"?,-mq#i$pVM(zRRj!*|xEXQ,h!b/?99-",32,alphanumericSymbols,201.1
1166,"U-Eey.YwDJd_uTku$,)@C;Hj3nU=naPd",32,alphanumericSymbols,201.1
1167,"u=r3u-D-Tn3p%_+NE>s,y:[92{&^.!ar",32,alphanumericSymbols,201.1
1168,"*s:?WfsLycRD$!2;$cWf)jK{c/b%,&3/",32,alphanumericSymbols,201.1
1169,"z}/R3K|@u_Tt(uys?z$V+RfJr,Pd4@$[",32,alphanumericSymbols,201.1
1170,"2>?<c~].r!PjZ-u%btVnn;@C-?+Qa,{n",32,alphanumericSymbols,201.1
1171,bMJyD/i>!;@bhKDVg.7M/uzgey|E]%QD,32,alphanumericSymbols,201.1
1172,"C:KP!m))d3>qw*z/~ZzU,cr3[c/&ct&T",32,alphanumericSymbols,201.1
1173,jX4@fV7xDuCAanpN.hpMmD$yVAcfNyWe,32,alphanumericSymbols,201.1
1174,"Av2e,;ieV]s@%Q9;RYV!{KxmEvu&3^|M",32,alphanumericSymbols,201.1
1175,jP%uV(q!K<MWMEpc-t<A*W*!jk+eT&|R,32,alphanumericSymbols,201.1
1176,(W%nXJJUsVm[yPH~t;wy-AeHg@UyFjQQ,32,alphanumericSymbols,201.1
1177,"?UWf(V,:+vwcuTQhZmYa)H&#vM@EtQqQ",32,alphanumericSymbols,201.1
1178,L%yhQcY!X@}7?vy:+$fLA|UK?.2f<.hR,32,alphanumericSymbols,201.1
1179,9va?-kP%%|zY=<+a?*~*:Db~cvye};K{,32,alphanumericSymbols,201.1
1180,!;xe3V9FE[[zhtU%Knm/K#/*.U=Yn_hL,32,alphanumericSymbols,201.1
1181,">c=fm<Fr.2Y4pX[,etYVv<<9|~Jdq2R7",32,alphanumericSymbols,201.1
1182,":r2z}pn,)aJ=sUEu?r$4_jM2~JY/}&b%",32,alphanumericSymbols,201.1
1183,@3{]?*p*Eu.Njww7x=CaA*zYjEKJcjTf,32,alphanumericSymbols,201.1
1184,*KpDneT|a?/3EL.!vDf}EJ*XvN/XerwA,32,alphanumericSymbols,201.1
1185,M|#;Q!@HE)k]T>hjtf{jUTWEpArY)9;i,32,alphanumericSymbols,201.1
1186,vn?$_W3?+qn(^iTQV@PPuLX$m3ZT{3(d,32,alphanumericSymbols,201.1
1187,"mqEK{=CJ{,$bK~#NCia*aDkc;jxvWXF+",32,alphanumericSymbols,201.1
1188,ZExEsp#Nm~=)i*{&2[vK@dmR3nDutn/f,32,alphanumericSymbols,201.1
1189,"t9]}A_uqq>/t&YF@nvW@H,_/+uhHkP)K",32,alphanumericSymbols,201.1
1190,/U[.u&?2sAgiM<YjAZQ!*2KnwfMJkubj,32,alphanumericSymbols,201.1
1191,>=k<(ckpPZ((E7N9%w3asU7q@C&&Xi(p,32,alphanumericSymbols,201.1
1192,"hi,MzEAF=y$.dP!A;quEyUg2N}]+m2!Y",32,alphanumericSymbols,201.1
1193,"K),$K.n-bbjQAevVkjtcX-&-xwQ7EJTa",32,alphanumericSymbols,201.1
1194,~CMWV>sxeVXsK;y{]F.(Zc*Ng-^<Tgrg,32,alphanumericSymbols,201.1
1195,"bzwm4.3#)x(YP2L.mra[,RcvWa?9bxzn",32,alphanumericSymbols,201.1
1196,"9-v|@v.j2;3%c=*4C&,P;Q)REj];Lrww",32,alphanumericSymbols,201.1
1197,"[%ucnW>VcN/piRHPUQ2-n>xf,:+nZF!&",32,alphanumericSymbols,201.1
1198,^z!gzRssK~(=fZ94hynPNsiU._}RV*+2,32,alphanumericSymbols,201.1
1199,",<h#{U>3(vA_Qh$M.7Qv!r=v.{hU%g77",32,alphanumericSymbols,201.1
1200,mT>A<;hU3P?RQhnz2%/kCH/%:Ke3}jJ>,32,alphanumericSymbols,201.1
1201,"H?Du%EQ;zqq:E2z,(Q,H-2)kQDN;/(kx",32,alphanumericSymbols,201.1
1202,"Aa$>Le#,h[;tX(.FsU#d%W{*+<>J,dDb",32,alphanumericSymbols,201.1
1203,TU}-|gy$#]KUNn2MbdTqR2EJADkK$-F3,32,alphanumericSymbols,201.1
1204,"U]cU?4<b>KErJ:#ga/st,t)(WC#2/+>;",32,alphanumericSymbols,201.1
1205,.uK(ZThg}32]Z]vrjW$rz}.xdb)gqNkT,32,alphanumericSymbols,201.1
1206,Hv)[j$p(MVfxTd]u=X-|A|+X3HWkf|FK,32,alphanumericSymbols,201.1
1207,V[sq9Xq+Y=mD&-4HD/y#!{LV.y+-~_P+,32,alphanumericSymbols,201.1
1208,|.&i]u4u;Q7jaJwHV(g:DYWPt<[:>7as,32,alphanumericSymbols,201.1
1209,x[Dc-X/@9YVy7dDx%R]T|%jXAtxx;:#i,32,alphanumericSymbols,201.1
1210,wpXYgjw&hbawh?#]].[>-DxiFur<-}g<,32,alphanumericSymbols,201.1
1211,mp=znxjNce;j}$q#evwTb!3~{tHfw<p*,32,alphanumericSymbols,201.1
1212,m=#PM2&mcu*@ns<g-h!f|:}>|/t(:b{F,32,alphanumericSymbols,201.1
1213,"7a$[,u2Xnx-itisDj@d-v]y<HWa)NYqv",32,alphanumericSymbols,201.1
1214,]aCVk)gYq#i;m^g23E_d)4-XkX@*kwut,32,alphanumericSymbols,201.1
1215,AN_|C$_2ykwR@X+(;F{gH3*a@Fpi{-9H,32,alphanumericSymbols,201.1
1216,"C#4z#fR,4TW(nYcT9X(zip3C$yt#aK/Q",32,alphanumericSymbols,201.1
1217,Cg:%jnE%t-hCJt2|XZ^H#nFDytp73d2e,32,alphanumericSymbols,201.1
1218,Y}(r2kPmznz>p!WipivFt*VZW9MEh$x!,32,alphanumericSymbols,201.1
1219,"zsFzJ*4,LLP)PH*Z~e~h=sw3&(aJ@g?e",32,alphanumericSymbols,201.1
1220,&/)=-HKN4$|=:U@(aJ(N=/+Df}g/Dgm&,32,alphanumericSymbols,201.1
1221,"D3#y.a-_bqp|3AHn<s4v,;3z}N)Zu]uE",32,alphanumericSymbols,201.1
1222,/}^$A@M^^miM/;s<_CT<T>Q2^nfjDppA,32,alphanumericSymbols,201.1
1223,@{Hc*i]Cp]thhCfY2bi]?Rw$+d!@!Etn,32,alphanumericSymbols,201.1
1224,h<L_%HTMh;*UT9W?Y+#_@D7PyYL~=+_z,32,alphanumericSymbols,201.1
1225,"a,XYFXrt?tqx>>ELErJ!kyiyH/hkW:*)",32,alphanumericSymbols,201.1
1226,_YC)k%L>CKDr;|[YVP|j$:i-[j%2uPJN,32,alphanumericSymbols,201.1
1227,c^%dv}=+]rVccgm2/Py72dq@A%Md(J)>,32,alphanumericSymbols,201.1
1228,"u~XY!dVwuf<,egv_Mz(rz~E9<p%(Vxbp",32,alphanumericSymbols,201.1
1229,r_eEF!X7:RY|3|D>~THVc!:KwkP?Z@3;,32,alphanumericSymbols,201.1
1230,"M7);HV$UJr+_?pnP&)uXi^?=;stX9,ru",32,alphanumericSymbols,201.1
1231,t4t>Tef|k.{nPq=|^@=k9)}4<&D2~gmW,32,alphanumericSymbols,201.1
1232,!Rdu/w;;H*$e=@:$NV?$?-xZ#Nmb;%Tz,32,alphanumericSymbols,201.1
1233,vKRJpqH4%=<D}DFeqtra2+ycr9iyJ7}N,32,alphanumericSymbols,201.1
1234,FT]mt&<U$%#nNZk|}<xu2[nNFst=}ML-,32,alphanumericSymbols,201.1
1235,ZH&v])Et3JPyaAj^dh4(+~D>u}HJbv-R,32,alphanumericSymbols,201.1
1236,sVJERiXyfC:D_EtEk-drspM;;w.=]Y7R,32,alphanumericSymbols,201.1
1237,qC[dbKx%tQVs2}Ms-?Whg:T2=U^b#vbd,32,alphanumericSymbols,201.1
1238,?.Ht^x?~yzt?J*Jr(@}LZ{{shE-n#t#z,32,alphanumericSymbols,201.1
1239,dH?i$%J|X;iF7}A^&E?D}=+>?anfYydk,32,alphanumericSymbols,201.1
1240,V.DCkwp/ub#VZY:s4[>A|^gjjs/_#=[k,32,alphanumericSymbols,201.1
1241,vY2?p/qM>C2)HLHd<RkdcUQ[Cm/%F;t#,32,alphanumericSymbols,201.1
1242,"NjjUixbC_H|Q(!!hFgZ.<,-~HJ^!Ya)U",32,alphanumericSymbols,201.1
1243,g&?&jwhu)!VtY7%-jVdY#cF/RqJy+@=|,32,alphanumericSymbols,201.1
1244,Nr.]YY+z)q+x.;ku+W7FRt%*-%m;;Rxy,32,alphanumericSymbols,201.1
1245,F{NZa[q$@a#t^&(-F;#%V@rVu#sd->Q~,32,alphanumericSymbols,201.1
1246,"CiJvJL&r;M]Qk:,[>Pq>.>MU3Dh#{%:Z",32,alphanumericSymbols,201.1
1247,2EY[a>J*%W=Ncx(bYgD^t9%;Pg|-b]Jt,32,alphanumericSymbols,201.1
1248,"jb{Tg-(exm*j_D|,cFbp!7D?HUWXY3:A",32,alphanumericSymbols,201.1
1249,"@K%sJ*b@]P!|tpUU,U~)dD|%WEw@wLpN",32,alphanumericSymbols,201.1
1250,Luya@aT-$)p~!-7A?!PV_jm;QW%.hDv#,32,alphanumericSymbols,201.1
1251,hbeWQ2F2Vgi-+V!3rVJ2*#Z}qDAk@gM4,32,alphanumericSymbols,201.1
1252,")eg,)+N4KXM}WqD#=+kcm)]EXsJJyk<{",32,alphanumericSymbols,201.1
1253,-mtDXhP|m!&cvcv]=7J#eLXYi(jua4i?,32,alphanumericSymbols,201.1
1254,zk7z](#aK~F:tn{[c/+[/QnF;Pv]uC#d,32,alphanumericSymbols,201.1
1255,a~hN^@zr+#-Qz3y9wfWT>_m7/u~k?ueN,32,alphanumericSymbols,201.1
1256,3Li^^=:YNy:U>FyXM[3Ucny;W|DtrNWX,32,alphanumericSymbols,201.1
1257,"[%y:i:^r=fVMN|-4i}Kb{Nn,>-a]k{:*",32,alphanumericSymbols,201.1
1258,&m}F)Wz>9cgx.rkh3n}/.pY*VTQen2)Q,32,alphanumericSymbols,201.1
1259,&7K_VvdA;M}A/ya;wVDv7RP3mR!i7vLE,32,alphanumericSymbols,201.1
1260,+cp~v=r4PsF!(KhZdpZ:Ea;+LDwAEZdy,32,alphanumericSymbols,201.1
1261,ej=i4;Q<UY$Drr*Z2i~[w%%Qr+Rg-p:j,32,alphanumericSymbols,201.1
1262,XK4aLT%&7~)*{KvHdjudXJ?D*nZZ<TF),32,alphanumericSymbols,201.1
1263,"^r%N7(vQP%|JPQL!**!yfjLe2xWMeL,d",32,alphanumericSymbols,201.1
1264,";j~]Qxet*[MbeAer*mYa)Xi{^R{p2W,w",32,alphanumericSymbols,201.1
1265,"[eFn|FT+*T3[Y!Hj{*~sw#,?PiCqR.!_",32,alphanumericSymbols,201.1
1266,ptJRL];rvTe9Y{!>;H&dCCZcf]/7]Uda,32,alphanumericSymbols,201.1
1267,"+$Q]~vz/Tb;H7=w,r)jDvFMcMQPxXJ7H",32,alphanumericSymbols,201.1
1268,ehN%CUDXY@aJLz*C~=4!fv3]V~R4$x&7,32,alphanumericSymbols,201.1
1269,"P9ia2VM@FqFs92RZ*D3jrU*qi4u,jyCa",32,alphanumericSymbols,201.1
1270,MNCK~=*+7t@Nht~KF&/|F2DwEAEnN%Pp,32,alphanumericSymbols,201.1
1271,"[<WTwY_2bPdsfFR+F>f,%Q[RKMTZ&:3.",32,alphanumericSymbols,201.1
1272,/R:>_7s[m[+Y>muL&*Tw!|mmd2JEfXqg,32,alphanumericSymbols,201.1
1273,n$gapTxjC7#&vuympJ(t.=rt-dKY/-~F,32,alphanumericSymbols,201.1
1274,egQ=&z@A?L2n%7J>?DTCdb)jE*p!|WNi,32,alphanumericSymbols,201.1
1275,N*(N#Cn;y?Z_=?gQNW=e?[%K(|Zj4se9,32,alphanumericSymbols,201.1
1276,_cV}=^Q|t&zEXQY*Uvj|^wc+WVf&N<h9,32,alphanumericSymbols,201.1
1277,"X;&b%9(m)hmU#;,^z<jW<gM%n4qc;v7n",32,alphanumericSymbols,201.1
1278,>!$DRs+t>jK-rtFM/EF32{vdL[c{!vhJ,32,alphanumericSymbols,201.1
1279,"u&if<?@,*T?cW[^.%f|[mmr%73a2$|c%",32,alphanumericSymbols,201.1
1280,n)Q+&7fVCj9W!DZDEPRWUffmCu%?U7T>,32,alphanumericSymbols,201.1
1281,"f)k?H?(i+i3Fwt@nwr<_R]~Pq7,Te;s+",32,alphanumericSymbols,201.1
1282,?&F([.M|z^z.Rv;yMm?F!!J;b.>9|JKE,32,alphanumericSymbols,201.1
1283,@>*X[DV!QEYN=cFY|rTb_mYZz#Yr./PX,32,alphanumericSymbols,201.1
1284,wa$eF.CEkQWV[%Wq<KdAr=VH7E|3^FM(,32,alphanumericSymbols,201.1
1285,hktDgE2!&?a{jE.~XH.E.#)AZPih|[=U,32,alphanumericSymbols,201.1
1286,X@3{-yPF*&Mk3n%ep3[?$cZ(&&>|d!hv,32,alphanumericSymbols,201.1
1287,sk9*|]NTkA4K+/C;UUN&Q_9D}huqrNuH,32,alphanumericSymbols,201.1
1288,"FyU&X:mPnQTL~hi$vp[Z(+UxE.,k$x_t",32,alphanumericSymbols,201.1
1289,bJ&>x<qK;qVc>(vq[KtD@CE[TD%Nv@Cc,32,alphanumericSymbols,201.1
1290,vfyX?Y^y7H4tg*hy@9p$?=]]u/pw.Z}s,32,alphanumericSymbols,201.1
1291,X(E~(h~]qkHxwh>nqgv%2e!i@$[kcjtn,32,alphanumericSymbols,201.1
1292,ia.ZPN.NZ}K):Q2p?$qvk^ae@=@rTsa9,32,alphanumericSymbols,201.1
1293,!J$YfJ^Hb){-7a^wEb.KYa!+7vzKR:HT,32,alphanumericSymbols,201.1
1294,"-d7yax&AqRQ=ZM^}!k,r!Cy:tmKp+^Xp",32,alphanumericSymbols,201.1
1295,%+$9iEE[Trug/Yx.C9j9uie?pHfcmT+E,32,alphanumericSymbols,201.1
1296,.3V3VmUP%KfDcFnwcaw?~&dnufam4w{u,32,alphanumericSymbols,201.1
1297,7n9WY_qE>(;axUD<)gKx|x;X7CxCuJ#2,32,alphanumericSymbols,201.1
1298,"UqFwv<?bW4L&wZ7z7A+.qxxxjrLX9y,=",32,alphanumericSymbols,201.1
1299,"{_7~+?j3mU{HvK#>kp*|hH;>^AU?,7xt",32,alphanumericSymbols,201.1
1300,"e=:,nsyeRyhQfgYfVar={-^_]/Mwq;bC",32,alphanumericSymbols,201.1
1301,~#rxztT3a#N2RH;(=h3@c4g.C)FL2r}i,32,alphanumericSymbols,201.1
1302,"z[_W7t],:m!V_jRe)?[tN<DwqQ?&@$TP",32,alphanumericSymbols,201.1
1303,{iW<9+b$YPvtz2{&yptRjH!R?Rf9#AEM,32,alphanumericSymbols,201.1
1304,u!9cj/*ga&tjJ?3nh@4)2:_{~R.yWTPR,32,alphanumericSymbols,201.1
1305,c:X|Vwxz<KDy}]]/z{gM~>TyyuV]nt2>,32,alphanumericSymbols,201.1
1306,]|+!X]xx(#C2Z2c*fK^dgx]c#kWwiaEs,32,alphanumericSymbols,201.1
1307,9xCEz2Jv[QYan^7[cM:Ld-r/;2ETa&^%,32,alphanumericSymbols,201.1
1308,XMV7&#H~A#Kt?mhXwaqKQ2fJ{@Li|X[9,32,alphanumericSymbols,201.1
1309,tF9!j$VuHMAtT:+)ysJF_;aXqs(wU$Qu,32,alphanumericSymbols,201.1
1310,z*&z#^m~}2FdQE~Uke(u7_xU2m_E:[zq,32,alphanumericSymbols,201.1
1311,"M4Ji?/,Mar3eE9]f;[tRY:ssrJ}m-Q9y",32,alphanumericSymbols,201.1
1312,7-)fb>m=bvXZgjX+XHhN+HNN4ADupz<.,32,alphanumericSymbols,201.1
1313,"n<CCWk{(p=>F~TitcyfxF)vcu(cWa,uU",32,alphanumericSymbols,201.1
1314,"r:r9i>$|Ve~XV<bcg]V^=3,_=+Q(P&_,",32,alphanumericSymbols,201.1
1315,"i<L&)P=*#7f7K9F.V,Fux^)YH;tD&>sq",32,alphanumericSymbols,201.1
1316,]vQi4fUWn|uK)N!NH3vF%r3/@e->$TP+,32,alphanumericSymbols,201.1
1317,mD=TFtN@WURyVf{;aM;N{y%w]i<>r$4Q,32,alphanumericSymbols,201.1
1318,9;Txiv9Pgz~sU;b.XFCV;-p!;xJvRD=m,32,alphanumericSymbols,201.1
1319,^FvQE)9<p)]QP{sh=s2C=D!|Y$LPf#xn,32,alphanumericSymbols,201.1
1320,"(r&^VA9?s(!f.snzk}V]w2H,Ph#QhrNg",32,alphanumericSymbols,201.1
1321,"i2yrxfDutpCf)Pp9)MK!?t7E=]^pU#,k",32,alphanumericSymbols,201.1
1322,"YJ[3fVrDu4$sC=,U&]T*)y<tyqw7rm[)",32,alphanumericSymbols,201.1
1323,j%Mnf3|Ch(Jc7@;@yY%.kF47E#}HAt9h,32,alphanumericSymbols,201.1
1324,T3V&x<UP7H+c#MgC_[n3<b7}:<!*}>&C,32,alphanumericSymbols,201.1
1325,i[4H#=L7x.K]sg<chi3c3}e]h;en/PWa,32,alphanumericSymbols,201.1
1326,"vy*{,^Vb4X?#MjrZnuWbhuVZ]*~Xr*y:",32,alphanumericSymbols,201.1
1327,=N|kg[qa.|Wt;#N*xV%KkZ{RT>W9N%R),32,alphanumericSymbols,201.1
1328,EKPx9_NfHuAT>2Y#&DUyjVU#hL)D|na<,32,alphanumericSymbols,201.1
1329,a9E<b]h^kcQ@aiC>T=]9?VQMAc>MUWvv,32,alphanumericSymbols,201.1
1330,"ZQYsq(J3WL;+,[wvhJ)}fYm]&@z$dKaq",32,alphanumericSymbols,201.1
1331,">H=J^fXKhe?n3;Q9L*hY7yi,j2U[<$eq",32,alphanumericSymbols,201.1
1332,"P_a+E3%@mr#(URnT^fwjU~[3Z$F,C$=@",32,alphanumericSymbols,201.1
1333,z2Ku3P[b/KQDJMQ.+Qs%mkbC$FmVQhK<,32,alphanumericSymbols,201.1
1334,!s+AEap47Ut~@gmz>fc7k^ttp!e-(/yv,32,alphanumericSymbols,201.1
1335,"ZTf7k},-E[<XeA32NLb<e%aNhe^YC,yn",32,alphanumericSymbols,201.1
1336,;cYEigr;$pTVkn;+XjgX-r9=X@p}zu-E,32,alphanumericSymbols,201.1
1337,U!eg)<j:]Zu_J9MRu-u7wzZ4sW.?P;p],32,alphanumericSymbols,201.1
1338,QfXp{>>}EPkWvAiXX=n(hukJ*/Xa@<y#,32,alphanumericSymbols,201.1
1339,~T(7D.mfpT:s<vLD2+3mqz^(UemL]+^t,32,alphanumericSymbols,201.1
1340,!gd>Msq?KEd!2>)=yf=|i%zP_)CJ}!c?,32,alphanumericSymbols,201.1
1341,r%}))~Lx]Y/@f9b=:=2JmrH3D>VYb>/p,32,alphanumericSymbols,201.1
1342,jgzKe{E+jx]-k|;qb{{r]3.ycXFc~X:[,32,alphanumericSymbols,201.1
1343,;kR2%[NZ*s~W_P9s^cw=D}hZ})Y2YT+^,32,alphanumericSymbols,201.1
1344,u3[#.%=Abpm]~>ADgRHkVvevR@&#bjYs,32,alphanumericSymbols,201.1
1345,"XA$#vMR^(jUEY^:[~|c_Aqq4MzvF&~,Q",32,alphanumericSymbols,201.1
1346,LkCPE~v.uJY*azjdXQ7Rwi(upi{wkpb/,32,alphanumericSymbols,201.1
1347,R&#=+iN^kh@Z?m<*M)9^%pc:[Ks[xM]9,32,alphanumericSymbols,201.1
1348,uQMA:xh=zD{v]2:<U:sEXv%t}.gT#WH@,32,alphanumericSymbols,201.1
1349,JJih<HT+N)nE9aQa@3.}^*|m2KPT@p)z,32,alphanumericSymbols,201.1
1350,"h&,^.U9CLi.2s%^~}A<q<i~v<!-ihq|d",32,alphanumericSymbols,201.1
1351,Ez?KumN@A3JHxUdLbKit$Qx|MzQha3v],32,alphanumericSymbols,201.1
1352,F{i(NQVCDn<UwyWkN$aWC:>H;]ZVYegi,32,alphanumericSymbols,201.1
1353,cb:/~gCuVea3~WvQ(cuF4_K%e;vQncA&,32,alphanumericSymbols,201.1
1354,"!NHC<,iE7;H$b:*_!:%HpJeAV?*ce}Zn",32,alphanumericSymbols,201.1
1355,{RV|~sb(;u2q^Pp}bdgmCtEYRRNgM.7<,32,alphanumericSymbols,201.1
1356,y{$@w3mg}<QR^-seAed9suPHm%T[mv~L,32,alphanumericSymbols,201.1
1357,H@^;!+bedwX?)c}XNi44r>D=]]9Rm~cm,32,alphanumericSymbols,201.1
1358,bq]9[]Ljjc2:hjff4qh?~z$4c<$J(imi,32,alphanumericSymbols,201.1
1359,Wmdsx9F@@njxiTA.z-;[M<g(L9k/f/Tp,32,alphanumericSymbols,201.1
1360,"%J7#%qi&.w,3:FnFj+r-dWCn^4H3}m$Z",32,alphanumericSymbols,201.1
1361,:r~zK!eeUn4>;k;>i#TZpjhVnVm-=)ph,32,alphanumericSymbols,201.1
1362,"k;~_Tv/Dtpy<;:e>#,Xz:,bx@]%Zbt{h",32,alphanumericSymbols,201.1
1363,)a!p_}mibXR2!aYJ3)naX4hE(9sZ+cPW,32,alphanumericSymbols,201.1
1364,"?xz~J:+CEL@cu<$F,{2h]]_{dCwEk^(s",32,alphanumericSymbols,201.1
1365,"T)R9$p)s$Cn@*V4mwg,kWPfPg*4U^,>z",32,alphanumericSymbols,201.1
1366,_tE)bVP/[./#|ruYCc]u+u^feY{tUNNy,32,alphanumericSymbols,201.1
1367,&b)LKY&_^#4Z4g/Y_3^c2uwgxQ|*d9Mf,32,alphanumericSymbols,201.1
1368,yNP{esgr>qeFpzvQA/bw)<jA^3F[b%.*,32,alphanumericSymbols,201.1
1369,xXzHx~fW<hg3p<]P##;.yTkec!fQXQbR,32,alphanumericSymbols,201.1
1370,^<dWX?T;>?fW=pYj##;<RMu9{rtZz>uF,32,alphanumericSymbols,201.1
1371,^bZ7xUgc?K:}t]r;JYw|V2w3.-=k:b%>,32,alphanumericSymbols,201.1
1372,"F^Z:VuMr#VFvRy{7d[.H>e,ryRzKTmA*",32,alphanumericSymbols,201.1
1373,EK}uC~)@m]XTdHs~Y/K.i+e-=+rnjV%#,32,alphanumericSymbols,201.1
1374,r.{zLT=^D#)Pc&|rJ.mQp:b/FWJW.YU:,32,alphanumericSymbols,201.1
1375,!A!p}uJKWW!+_[3{}J:zskxk4x~bk|-R,32,alphanumericSymbols,201.1
1376,"g,:FV]3rA,T{z^Tk.wXF$Fa_?Um>ja~3",32,alphanumericSymbols,201.1
1377,p.~{r~3)+zy]bjTnq9xwceHA[z:Qr[cJ,32,alphanumericSymbols,201.1
1378,=+WesQ&_R>-cv*F$?CAZvcZV2{>=KNc!,32,alphanumericSymbols,201.1
1379,9hNMhXP>VCJ$Kic#]h4nHs7CJxD{]Rd[,32,alphanumericSymbols,201.1
1380,4*3;i<3bZ=Af3QC=%?i&Zymmsm=|*>w{,32,alphanumericSymbols,201.1
1381,%7]|<ip;VvZwXe}g#N/rMdQs()3AQ?f$,32,alphanumericSymbols,201.1
1382,q}U?FTL%AXU2Z*mw^(&2k}t[+v^xp=M3,32,alphanumericSymbols,201.1
1383,~XiJb=.=?;AK=FqFn&q>i(WAU7YXn~u.,32,alphanumericSymbols,201.1
1384,"j_$D+Y!edN]jf3V,mT*.]+^j_?f}w^w-",32,alphanumericSymbols,201.1
1385,;>~fYXU#X+kAt3w|7WF2m@uU:_!ZK*ML,32,alphanumericSymbols,201.1
1386,"#&/&[qm,aRUv&#)&Vw+=vm+{^=KM=bk,",32,alphanumericSymbols,201.1
1387,Z/q?]JMC!czCfFR!X9_qam&@!d;-jF~w,32,alphanumericSymbols,201.1
1388,"%V:N|]9vJ3*qk4@n!g^yK3],fA!*Q-[4",32,alphanumericSymbols,201.1
1389,?Vs;~<<X*g{VPyD.7&>VQ(2XyF)rW]3J,32,alphanumericSymbols,201.1
1390,pVqr$xfqcf9q()QMpM(@[j|mjMrs{D4b,32,alphanumericSymbols,201.1
1391,:&cQ7pY^/[zy3t;sW?nZRpvV.(>sz[)T,32,alphanumericSymbols,201.1
1392,"dU@XX!sZ)JQ7^a-gu,[a=x^LtubHw,~D",32,alphanumericSymbols,201.1
1393,"x-Q#H>:PCg=}[^gAs3/nf,j<H^7J>@&L",32,alphanumericSymbols,201.1
1394,e|[3C-^KK{g-pK>^9FzC-!<:*VTFa$*u,32,alphanumericSymbols,201.1
1395,+[Yk^<&<]~rh^h-.rN3hr~)D4Qdd|*n[,32,alphanumericSymbols,201.1
1396,"Ft:2_WiP-4<g>cr%XRxCmd&kLYv,|D]2",32,alphanumericSymbols,201.1
1397,}qjXZma+_;b9EQ_rDW_Y:v*$AyLm%)dF,32,alphanumericSymbols,201.1
1398,(T2tH[Z@tdVPk@_WE7NX3r!q@_;2KEc7,32,alphanumericSymbols,201.1
1399,qX{bwLME(RCa&@X><Wy>dW:PjpM@_4Jf,32,alphanumericSymbols,201.1
1400,QN4%VD}23^XUswka@JH(PWmg?A$H3NEg,32,alphanumericSymbols,201.1
1401,N+vu7724*=ei]&(Hg4Ni~Fbv>;|dX2+%,32,alphanumericSymbols,201.1
1402,";>ZKychk@rVAF*b[{_DC,u3tMTPgA{;#",32,alphanumericSymbols,201.1
1403,Jy;%pa4C~z3A)+XzQAz#@fLqm:-dMwLM,32,alphanumericSymbols,201.1
1404,"%:LFM9*(&h}w$gYRbt3M2A*,WJ;D;c;L",32,alphanumericSymbols,201.1
1405,qA@k*MM~4@}nN|cn@7^=^YF#2xUEVDc=,32,alphanumericSymbols,201.1
1406,%a:#Ni]f?Tc;_qMxWNenuHx{4_+gX^v#,32,alphanumericSymbols,201.1
1407,^C[Fj^R/c:dmW9T-NjVN~zA%=Li_4?+P,32,alphanumericSymbols,201.1
1408,dVr=C=|cQXXN$9|hdr@!F+v<tLcAr_..,32,alphanumericSymbols,201.1
1409,"h<zE_$nCzAY=Y$e*4duKse3w^ynF~4F,",32,alphanumericSymbols,201.1
1410,||Ua{|#<$T4y(@sWmv!J*<duwge%uWE),32,alphanumericSymbols,201.1
1411,*>^><9cNV9Cm%$7@C{euW|<=mgp7!(FK,32,alphanumericSymbols,201.1
1412,q{Q4(Nkx>n[(3gDt2^+AQ74UD{+K2p(A,32,alphanumericSymbols,201.1
1413,t{ciJ<Vqx?D&$.qhYY9guRPv=MKCz[:K,32,alphanumericSymbols,201.1
1414,"zA}DT-Dt_<TThQ};E{vVxjT3ppFW)U,[",32,alphanumericSymbols,201.1
1415,"K,zxK_p%=ZPFrQD;?Cr4d:$QZKATDH@k",32,alphanumericSymbols,201.1
1416,";|&rsb&_HdJT/egm@z%M<zJMj,sTP><y",32,alphanumericSymbols,201.1
1417,"FL/}7DYRLp,k(,>$Pu*}exT%j;iykZVg",32,alphanumericSymbols,201.1
1418,"$<D.PqKh,p!=PkvfQWRyFv3%mDTetJkk",32,alphanumericSymbols,201.1
1419,"i>DLhwR^.&.&CUM,R&|c4}3a[V=&nHHe",32,alphanumericSymbols,201.1
1420,~4]aMxXQDjj}>LyYPcD.drw%P<<_afeA,32,alphanumericSymbols,201.1
1421,"%DVAnAg^QPRr=,);9$nJ>s$%)}Mwmds7",32,alphanumericSymbols,201.1
1422,_H-^c>befcir]bzs}L:hEsxEKyvhjQi!,32,alphanumericSymbols,201.1
1423,"RHc[e/*k2!|7@N2c,V2Wc/+]7{R!mm:s",32,alphanumericSymbols,201.1
1424,3$WAVzy+zc*mRj:PpJ}}=A|^~-UkME^#,32,alphanumericSymbols,201.1
1425,Hk|zC;^h.4W#&c!h+JCC:FW(JV)7QTsQ,32,alphanumericSymbols,201.1
1426,"jTrXyz)ctdD,3iYd/>3maqnDi!qPq)su",32,alphanumericSymbols,201.1
1427,CM@-Vk>}_F=*y(_m2qXH3T<:t@MfAU%U,32,alphanumericSymbols,201.1
1428,v-m[dhnWg2@x}(#nFs+NtxV~{(pYC#ND,32,alphanumericSymbols,201.1
1429,Y47qeD&w[+LiViQXAWPbQx4)vT@mi}n^,32,alphanumericSymbols,201.1
1430,?b]tr]du7<d>N$kuRjiZ(%[hnJcAYdtd,32,alphanumericSymbols,201.1
1431,"D(y!FUdrd@(.$X|sUdf)REr,.3qRcc~&",32,alphanumericSymbols,201.1
1432,cTMCUvCW_t([}e2vax}Apnw}|M>4a;@(,32,alphanumericSymbols,201.1
1433,"7[-:KjU/#_,Lu2tX%-#&.%|/-vqznw$Q",32,alphanumericSymbols,201.1
1434,"Zkk,e<{&9|RnRh&CVqC^>;>cZr&KZN>x",32,alphanumericSymbols,201.1
1435,;yax:zFL|XaJ7J)<}hjAM&[tc:T>&&Zf,32,alphanumericSymbols,201.1
1436,"?PAn#,Zi=jg)4ix9jg/WJLwp.L~wkKqy",32,alphanumericSymbols,201.1
1437,f;.a>)u#cWztznit:Q#U{V)v$/D#=Nxn,32,alphanumericSymbols,201.1
1438,.-yti^V;z*R2x>.&nnsL4+>A?jUXzs<9,32,alphanumericSymbols,201.1
1439,fah~j2yA&jkD/7y}di#te:ih&Av3#/Ws,32,alphanumericSymbols,201.1
1440,"<zF_;,+>jX|kywTmHQTaKzxvpjxAn%>A",32,alphanumericSymbols,201.1
1441,Y9&N92?ntCuHhEY>2f!qDU&2=t4!re;:,32,alphanumericSymbols,201.1
1442,sE;+e2J;Fhpkfr&QT]a9rUEH<t~VCDXJ,32,alphanumericSymbols,201.1
1443,"vJT:9@Cr/}xF>u<jQNvpf>;f,]My$X+;",32,alphanumericSymbols,201.1
1444,%RzL7urK@_Cf+{M|dKZc?T*^4dA3cwRa,32,alphanumericSymbols,201.1
1445,",Qa7DTj=&^MJkq,{ub]@NDYxK7%EmJ^A",32,alphanumericSymbols,201.1
1446,Z+~RM|gF:qaC|i_ZCs_i%_b2nts}$7mY,32,alphanumericSymbols,201.1
1447,-*Y.%NX=jDJ.w_=ww})~4N[MeAffgURy,32,alphanumericSymbols,201.1
1448,AcdkTV9])MeA9M3/Trp7E</yy~Zqwa;w,32,alphanumericSymbols,201.1
1449,>dd]st7Dhp:}9Nv}7EV3_VYZ/.r4F=#A,32,alphanumericSymbols,201.1
1450,:eeJD{7MMm3YFJ?vreuu^~QeLR!gP9Li,32,alphanumericSymbols,201.1
1451,(K3%uU2~ULjZq=]3~<R-ggA<u{)Fhuu~,32,alphanumericSymbols,201.1
1452,z{4DXD-f;idJr$<]A-_n3uh]~=*D~zk*,32,alphanumericSymbols,201.1
1453,ttaq|7A{k-4@d+wt-a7%_w;Tt#_/hkHa,32,alphanumericSymbols,201.1
1454,#M}3sZvU+F~[wdaVg.@EW_^NUN$xF^YN,32,alphanumericSymbols,201.1
1455,c7^A%FM<]).NCg_Zj|VP($3!9x>u?{>d,32,alphanumericSymbols,201.1
1456,+p;!}aR2QrN3]JZyW_n:yF?Y)T?+<F$4,32,alphanumericSymbols,201.1
1457,_}h$WCcx*Kth/unQw<H^;i.PHNAnUDY(,32,alphanumericSymbols,201.1
1458,"F3&[ve,h;v;]fC9^#!ivt;J;^n!pRxYH",32,alphanumericSymbols,201.1
1459,Lj#dHNCz+>a((rvMFJ-!+!tpz&R[M|Ad,32,alphanumericSymbols,201.1
1460,U{*/-&hT4q)eFCjuxt#P7hdZs:v(};Us,32,alphanumericSymbols,201.1
1461,+Pum~}&bKc]*[Ny~~fMfgipZT|w&~MR>,32,alphanumericSymbols,201.1
1462,"tZ~ZEQJw.?m/F.n<|HgQsn;wf,huqU^_",32,alphanumericSymbols,201.1
1463,"gT/9au(V_$+KDU#Vu]Dd,b.UWTHUV=(@",32,alphanumericSymbols,201.1
1464,"^uR*fymayq#[Xg/{V7+AAf,(w*Pk~={v",32,alphanumericSymbols,201.1
1465,"H$|,qk+T/xpQ>&[^enJ_W%ZZxD}Lvnc_",32,alphanumericSymbols,201.1
1466,hvA{raFq2mnTvcmwNX##9:UmhC.Y[<@h,32,alphanumericSymbols,201.1
1467,"Xhu<h^,eNQ^|a[v]|#^=UtK&{*)p;fY^",32,alphanumericSymbols,201.1
1468,]g:+hJFqjE!wJf+t4AFYpmim3ytykjy-,32,alphanumericSymbols,201.1
1469,g2g}*D9F7)q>e=}mgAHK(f@|(Z2&;xcQ,32,alphanumericSymbols,201.1
1470,)E#r;+*D=ce($b{UY@vx[}JKKVshy9ka,32,alphanumericSymbols,201.1
1471,VpU%!Vz;sh]uZ~_7dm~*}[2ahKvdD|pR,32,alphanumericSymbols,201.1
1472,"idx#i@DWhD,@pF*j/a!juW/adDZQ24]T",32,alphanumericSymbols,201.1
1473,tTK.;{C@4rb}y>nvzstAb]U&s@@7{#rC,32,alphanumericSymbols,201.1
1474,vw!Dxh?DN$jq3c+<><e_fX{n#W..av4P,32,alphanumericSymbols,201.1
1475,"hX_E%}=jp&+|_ZsEi,aNW>2tALYqT>,^",32,alphanumericSymbols,201.1
1476,~gyL@{@EwN%NH]KERA}eR-[V$hFq;QTx,32,alphanumericSymbols,201.1
1477,"je@V=7Q&Hmmv.f.-,zRDs_R&_Wsfb7(K",32,alphanumericSymbols,201.1
1478,A(_v=D~Lha>e%X[)D=]((4u=uL9KA-Yw,32,alphanumericSymbols,201.1
1479,3s($m4EN#vn}m{M|vg3*)-E%D~~d=mrX,32,alphanumericSymbols,201.1
1480,;Juix}n=_KRT+Zy)>]N$-#YU^m=pp!X$,32,alphanumericSymbols,201.1
1481,cT?F)UYJ+We.;CPNjM+})F#3j|]W7C+=,32,alphanumericSymbols,201.1
1482,c*%=fjq=)$i^_?ieZ@nq|tZZ[tz_*KN[,32,alphanumericSymbols,201.1
1483,^7}q3g&hH?+VLqmd!~xViTWsvR>jmYzZ,32,alphanumericSymbols,201.1
1484,_T{{DP))^!D*z%@($H2mzxbjsT*}YkAE,32,alphanumericSymbols,201.1
1485,W{9||[s=xLiX=p;+)[t*A4}!tDM[p7y*,32,alphanumericSymbols,201.1
1486,"rr:n,Nk7}j{i&.{H3[p!b;MRPLZ_|A+*",32,alphanumericSymbols,201.1
1487,9Dxm]K{::_c_?Km}3K/C3#9w>fhF)%r?,32,alphanumericSymbols,201.1
1488,D{cW9]|$my9T&_x}JmjV_&3m7jH@r7Pw,32,alphanumericSymbols,201.1
1489,"d,Yw74L-r:$<U}vkPD9+[Y?MW!j|^E&*",32,alphanumericSymbols,201.1
1490,"s_Pqr=:sNJr,_3kq2)&^<>vY,j(Dm+-j",32,alphanumericSymbols,201.1
1491,"~RnL4YH<h}_NA,Q#uUpUc<FQQu2?CL%m",32,alphanumericSymbols,201.1
1492,",N!K:qXhF_UnU@d4cz*L[;K|(&4mC$K%",32,alphanumericSymbols,201.1
1493,">qiz,b&@ppmHe7@pPC%FZ[rts[,iDq$~",32,alphanumericSymbols,201.1
1494,7^EM&3%AtYwAtzg{TeL~n[?DJ)kb.w).,32,alphanumericSymbols,201.1
1495,}!s&Af#[7z<dK?F2sQ;>W)?(PCh!yD7H,32,alphanumericSymbols,201.1
1496,"7fXTFcf,9we>W[[Whf,MnXx2U~ce~<C+",32,alphanumericSymbols,201.1
1497,JabVi[W>@V![[u=Jhe9T*VVuPzFT;fm#,32,alphanumericSymbols,201.1
1498,Hnn=F-j[2Q%n7]-^7}L^kpYwpq(>#{FR,32,alphanumericSymbols,201.1
1499,u=dzLWrTMx^gZwfzhWc(R{HZg:.qF{Tj,32,alphanumericSymbols,201.1
1500,"zNA//~<z/]@Wj*gjm4W(,p7$=[|>pD<D",32,alphanumericSymbols,201.1
1501,Yr9q{a&m9tbaq^-A^CezQJ?-Lg%_s@z&,32,alphanumericSymbols,201.1
1502,"k%E),|/K|Kvz9wbKFE*kU.7:^.Kd!&>D",32,alphanumericSymbols,201.1
1503,bX~@sC>A;f}R[=pKWpPdACuFw}R!?%JR,32,alphanumericSymbols,201.1
1504,TE4<+y}Wmmy_}b)f4m(@NT&v#d|Y2EqH,32,alphanumericSymbols,201.1
1505,"Z%VUTHRuVFJQ2,@jLcb3dJF9}&2(vn+#",32,alphanumericSymbols,201.1
1506,"k,2924Twy)-}V9RXP!ixx_)U&iH$gtK3",32,alphanumericSymbols,201.1
1507,Ptv)49!;+gE]NJa(%jC4CWz_#FT-|##w,32,alphanumericSymbols,201.1
1508,b:$pD!>VD2Xi|{}~F$*3CtNAQv2[j4R9,32,alphanumericSymbols,201.1
1509,[EPkaw+Fs#k!kbsXu:|~mh:]T]]>Yk%y,32,alphanumericSymbols,201.1
1510,st;iZfYvV?c#$QKmh@M=ad]Lh$z}mnqc,32,alphanumericSymbols,201.1
1511,N?bmnVKv_k4>@mh3|.7~b/*TU_P-{ikA,32,alphanumericSymbols,201.1
1512,7{Lar3A/sAMP-#=T]3ewR$fMb;.[3c]q,32,alphanumericSymbols,201.1
1513,"W_u@}*kyE}t3^[vCp[,<Muv&EaWyMiX!",32,alphanumericSymbols,201.1
1514,VkD;;k_af3eNE2mji$e3TpfeMgLcH^!},32,alphanumericSymbols,201.1
1515,;-UNumi-kXw|:f>4}naN[{)RW^;u%F|3,32,alphanumericSymbols,201.1
1516,<4w?WmtJ}{enJ}3E2*-i(eU=(+N+@n[(,32,alphanumericSymbols,201.1
1517,>.i__yFY&Er_A<bR(auWtN@&/{r/^iY/,32,alphanumericSymbols,201.1
1518,w!^x.*n=C~m|TmNK<3Y4/^tT@UM&dQUQ,32,alphanumericSymbols,201.1
1519,"{iV3,4Dh(LKRChAzZ}]^w7!kV);>P&T|",32,alphanumericSymbols,201.1
1520,:D^b.R+3^<y2f#J7e#v+]iEcZaRq[j;~,32,alphanumericSymbols,201.1
1521,Q!;=7<!HnAxQ4}@vZ%Ks7t}L=tp#FZN@,32,alphanumericSymbols,201.1
1522,"Hj;J!Uq/r&{,uip$Ag*YPbCQZq?=eg_^",32,alphanumericSymbols,201.1
1523,"<^e2&bQ-R_PX7A@UM9KeFj{rarJtwQE,",32,alphanumericSymbols,201.1
1524,>N_/cQ&gYbaW;=qNJq%:3C|+/!t={<mu,32,alphanumericSymbols,201.1
1525,"MD,~,Z-)m|P.7d@q({n-*CKAp#%gvzR-",32,alphanumericSymbols,201.1
1526,"WiU9Q.#a:X7DWv@-jgYV+VzdU!XuK|,:",32,alphanumericSymbols,201.1
1527,"|,(bF(T}/(C^i@>h@Jjw&<T(cv!/D$C#",32,alphanumericSymbols,201.1
1528,/|Vp|/pC;q<dsnZt}L%FXp{Fg&#~q+?7,32,alphanumericSymbols,201.1
1529,g{nE~&(#$wb9AdsDjN)z7v)Tn^(9{pEf,32,alphanumericSymbols,201.1
1530,(rCh(UsT(N2b;cH9;(|K/eK)/ni!fX=g,32,alphanumericSymbols,201.1
1531,X4%x?&{QdEu/|:?YqRJ4MH>>v)_;EsJP,32,alphanumericSymbols,201.1
1532,a_K.JgWn*XcU#iNn<h;X.!s{.#asFK_A,32,alphanumericSymbols,201.1
1533,pa/@[U_r^!j^))e$Psf$Pn4wN]RrPmsr,32,alphanumericSymbols,201.1
1534,%;i<<{vd@%ea-aQxsw{[K[EV([&{};{U,32,alphanumericSymbols,201.1
1535,cX>gU(xD~m$]C&n$uX4^.Ag>;&JVvPDP,32,alphanumericSymbols,201.1
1536,"$+;^2_/<n;p^h,a4s.x}L9PmrU*3RF&u",32,alphanumericSymbols,201.1
1537,"pej,$:$v!@!pA$cgpuMk$c~f^tpcwm/E",32,alphanumericSymbols,201.1
1538,"j)MXiK,3u9fe[,H.jFm@btQt?Q|V/is|",32,alphanumericSymbols,201.1
1539,kA3CD>&!TK9_U!E3qF}>Ws{gRV+nDe;C,32,alphanumericSymbols,201.1
1540,"aE-e,<bjL=.wzZXNdccb+KJ.t4Rk#di}",32,alphanumericSymbols,201.1
1541,",>-LL^CT?*[K@^yJcziUCjJ4Rz;fu4&?",32,alphanumericSymbols,201.1
1542,qRpYEe~Y}/:xgNPyE9{~^zb(Y|a~*_{^,32,alphanumericSymbols,201.1
1543,HMT/&CpfU^c%7D:h+P^qbemgWeN}m|&Y,32,alphanumericSymbols,201.1
1544,~y>%$2MDRPV]#)ka2bUfN_.E>xM2?pHa,32,alphanumericSymbols,201.1
1545,Q*)PyvX_MxNDdQixZ2q*%K#P~Ffg>T$~,32,alphanumericSymbols,201.1
1546,+KA]:RcE9.)(^gxA$&(zxYL[r?>YAqtf,32,alphanumericSymbols,201.1
1547,r*m-L(jAF(/q-ayvKiz-+P2;<a*CYN4C,32,alphanumericSymbols,201.1
1548,"g{$}gtkyPvf+~?4TffvwaLekjs@d*_,>",32,alphanumericSymbols,201.1
1549,nV#Zg#D34gQiVj]d|{&}Rbz!3./#h{J@,32,alphanumericSymbols,201.1
1550,")^7@KuaYe~sFpiWu,p99Vym,:$$jxd&$",32,alphanumericSymbols,201.1
1551,"/#TvxppKsy>xs3s^fkb/),EVE[<Z~K>k",32,alphanumericSymbols,201.1
1552,Q%(/y7iEMDvX/ki@Qp&:p.]kfuf/9Yxa,32,alphanumericSymbols,201.1
1553,3ExQ(jrHD&tFDc*tD2sE_Eg+{Cc&-yb],32,alphanumericSymbols,201.1
1554,fXb#naf[(s_:t*ge&kp_Y/-TLErZ<p=#,32,alphanumericSymbols,201.1
1555,"gQK)<.bpk|d4d^*),kJiA)TWKg><w*re",32,alphanumericSymbols,201.1
1556,yX@}9V@[mxz|c|cRR/?:Z?}(W|KrZT3y,32,alphanumericSymbols,201.1
1557,"Cvu*4[m-u_{cH+q,!qmvW2*i%=3neMF(",32,alphanumericSymbols,201.1
1558,2Lh{DP)9)N~pp^eF^~A||nqF_LTc#qD{,32,alphanumericSymbols,201.1
1559,}cvFbQE:<(/9*naT}~w<@sMV&V7z=V~v,32,alphanumericSymbols,201.1
1560,qfbt##JvD)peAc7b+ev7!!|CCqztAYn|,32,alphanumericSymbols,201.1
1561,JXMiJL4KUbDvyZY@+NP%;T>]]d{?-K]i,32,alphanumericSymbols,201.1
1562,ER|[]P*tXngr;$=:gR|!7MuJc#Hngx4#,32,alphanumericSymbols,201.1
1563,{[>^:W|nFRNC|;CgvW~4YR@P%jwn%xXs,32,alphanumericSymbols,201.1
1564,">gs3mN,<&k=iU3,ia[v=j}FTsC.%#k3J",32,alphanumericSymbols,201.1
1565,"V2ZRK[<ae}p]QzHcuNJ$#VKy3An,[bYT",32,alphanumericSymbols,201.1
1566,>k3[+mrsbQ!|<:XLsz~cFpPK3RPiZa$+,32,alphanumericSymbols,201.1
1567,pVri^zFQU<tL|7d@HPQq|]DNjuTkd^Da,32,alphanumericSymbols,201.1
1568,!ky%]pa(H~QRac:x}RQ<zn)JuKnRw7Kj,32,alphanumericSymbols,201.1
1569,J$+/za!(/WwXqTX&_a-dNUP)]9:t*M_L,32,alphanumericSymbols,201.1
1570,M*W3wjt<vKJ^q!k[_qKE(z*;*t[]gVf2,32,alphanumericSymbols,201.1
1571,vy~bEW*n[[LAbaH/*;|v9+Z#i)}m$DEX,32,alphanumericSymbols,201.1
1572,hPM%v(gEbMKh-]QisbdEi*NVH:qWH^V4,32,alphanumericSymbols,201.1
1573,~T#KVJ]9!EJcZ+D+NVri:[yP74AxF*wC,32,alphanumericSymbols,201.1
1574,f^FwR~ww>C(<;Xy#}hAX.RR}NHC.QfjU,32,alphanumericSymbols,201.1
1575,R%D7t}?=9Pr&VQHaPQPs|=FcyMWk~/r/,32,alphanumericSymbols,201.1
1576,"!9Z;%wa:,;Kk<+A(NbA4zTg&b@$J=q3R",32,alphanumericSymbols,201.1
1577,tA_E#E/JN>!_aQ^CfaJg}s(c%L$PTUj],32,alphanumericSymbols,201.1
1578,"$7L$~rEN?=#vT7u-_(K,MD@qMT4)Ag&C",32,alphanumericSymbols,201.1
1579,nZ9_}aR7<Dbxj-jtb}zJD[2wJ-FMNVYY,32,alphanumericSymbols,201.1
1580,"a$]h~/3tR2^*v$3b4UraP/>,vx){Pnz[",32,alphanumericSymbols,201.1
1581,&tn7{XATu&eAhpsxKHn#A)U?nR2-svJR,32,alphanumericSymbols,201.1
1582,^:eQma~4*J>#t+XMX~~H3TJC3CY:4?cW,32,alphanumericSymbols,201.1
1583,"j3a^=vHh!3RKWY/jh#C,,w}L}4d&T]K$",32,alphanumericSymbols,201.1
1584,"(esP,Z,pH!t7rd(.Nk#9m#YU#HpeF%RR",32,alphanumericSymbols,201.1
1585,PsimZw;uMn]q$v-a%QT3&:A:Y4H-+U^y,32,alphanumericSymbols,201.1
1586,Wspa9b*@MC+!|~<4}V_Z^Cj9H;Y[?f=9,32,alphanumericSymbols,201.1
1587,JN)K$nJcuZ-&m!r>=Ad*t>{iNUpD]db+,32,alphanumericSymbols,201.1
1588,za[hW7t{wN9yiZ4s[gT<AVph+2R^%;}C,32,alphanumericSymbols,201.1
1589,{_V~]=FNqYPPb|xeMYH^+|t~mFpTeCL4,32,alphanumericSymbols,201.1
1590,|32V?js;&b[KadW.7ay}MK>tfd^MLyn;,32,alphanumericSymbols,201.1
1591,Wep}KQ#U*=!KAx:g~r.r%_=Q*~vdW4P<,32,alphanumericSymbols,201.1
1592,VwTTmbvRmR_pXc*?pd{z#)jJT4X#Z(9!,32,alphanumericSymbols,201.1
1593,CY-m3LLKE@g:_+v<}MV.a{tW!?)rJj#{,32,alphanumericSymbols,201.1
1594,A+%uv~=~vZxs?iaZ++~cbjEA$P.gg}D%,32,alphanumericSymbols,201.1
1595,;$>m%g>43#t!~2cKxaNDj$]R[}<+TL7j,32,alphanumericSymbols,201.1
1596,3*j*|/i>h^>jhs;MRUN[Xmg#zDYhK:kb,32,alphanumericSymbols,201.1
1597,"K*p4c#duif9x-K~Kj^&tkf,zvCvd+2b2",32,alphanumericSymbols,201.1
1598,"Hk~sVW#,3;+CunW_}~f3Zz}}}2p4MAiY",32,alphanumericSymbols,201.1
1599,.bbEpf]/JyJP#Q*2|L<Mn^uz/[#~/Ub2,32,alphanumericSymbols,201.1
1600,x+%QTL4Xn/ugka(7[^HU|N7PzFh;dA:m,32,alphanumericSymbols,201.1
1601,KHpg<~v|#:*WWVsRw?9rj#n$[WJV4749,32,alphanumericSymbols,201.1
1602,&Ef?J<bkmJXYTzRaJQWE}ZW=9j]x.sgV,32,alphanumericSymbols,201.1
1603,mRRyhnya!(=EqLMf39]Mf2~X&^.&zsD4,32,alphanumericSymbols,201.1
1604,/D=Dx[R.KY%(kbxZs#d).3q&k|?K!WP|,32,alphanumericSymbols,201.1
1605,r.V7gvA$+^/t:td~J+xf%mb$2hfZ.}(s,32,alphanumericSymbols,201.1
1606,*w*tuX%c%!QDYWW>Fy7e^PN#<+v<NF%N,32,alphanumericSymbols,201.1
1607,"3TP)QY<{<=,Yg,3xr.:]]ar4WkD+W+j}",32,alphanumericSymbols,201.1
1608,"@s,Fnjy7[ngz%=z&AP4LLAn@x,QM2s^V",32,alphanumericSymbols,201.1
1609,wH/:tihn#Us}vqgHpZQ:gAT}uuH+y-tv,32,alphanumericSymbols,201.1
1610,"iTr_ppD,~(@*2RPz.dLdn(Qg_~M~X7yw",32,alphanumericSymbols,201.1
1611,9#K#TsXp<Ui#;(c%tWvVYKW~t>sRwU:[,32,alphanumericSymbols,201.1
1612,"NNhE2;uekVn+T-nd)xPt~,U[,Qe@=vny",32,alphanumericSymbols,201.1
1613,Hj:V{K9$rzdL$ct+g[@Ft2TkFdd.HLz:,32,alphanumericSymbols,201.1
1614,PCrR7N7:c=-!sasYV2<4:4vc*nUX~xyh,32,alphanumericSymbols,201.1
1615,n:MP$M<L|=UMD)]]|hpeW/T]9sVV-nCm,32,alphanumericSymbols,201.1
1616,"X<g<_Jw:VMPcXXbi|gL;gyVYmqa%M9,C",32,alphanumericSymbols,201.1
1617,#{u}7UeM+4{ExLg.}s;<z|Qp*#T3~%-T,32,alphanumericSymbols,201.1
1618,d)~[!J&:sFcd7evrUN=U)]#wU_(kD/z{,32,alphanumericSymbols,201.1
1619,"dE&hD_c~}p<<ak,X/=ZhQrbLY>dsH#qt",32,alphanumericSymbols,201.1
1620,"?^@}KLZ+/su^eky.v(v9.p*JmXT_A-,p",32,alphanumericSymbols,201.1
1621,MbYws/PU!#qjhbV;NDc.r9.VTmqe&]g-,32,alphanumericSymbols,201.1
1622,H2]~yjC=>K!p9@PjC:qc2(c4)-4FbMcE,32,alphanumericSymbols,201.1
1623,";wijd3@wCWyh[YvAb2$u?_,ay@ddNCRy",32,alphanumericSymbols,201.1
1624,"D9b}zdW&M|Hpfzn)kUXL!,A2usJx_.Mr",32,alphanumericSymbols,201.1
1625,k&~fdg=YL:/+>Nwgt>#KdnK;9~Xh_^Rs,32,alphanumericSymbols,201.1
1626,A/P(XW^wwUueJE3y[y{%v[n_.]=*4(L-,32,alphanumericSymbols,201.1
1627,[#]7KpME{bw}_Wk)ytamd&nuab.}J!Y_,32,alphanumericSymbols,201.1
1628,bF_iPb/q]Uy?D/JUt{wHH;]f[T&m9&JT,32,alphanumericSymbols,201.1
1629,sfVd|g<V)LPce^+x>9fT&#j9b4$+Cr2(,32,alphanumericSymbols,201.1
1630,>wZRmyF>9zK[@L<qD3W9pb[{Au7}t32A,32,alphanumericSymbols,201.1
1631,aE&P->pQWbwb^-cx*yh$ke;>!+iWqF4<,32,alphanumericSymbols,201.1
1632,y+k#<aJ-=YZ2Z/Jb-Nsp>|M9q?3e.m&*,32,alphanumericSymbols,201.1
1633,dhkKb<?[MA=jKL@<x3ucz[<>m*FKHf~s,32,alphanumericSymbols,201.1
1634,zqUAqu^C!t2:WkPT&ETf9)q+ufcd}ngm,32,alphanumericSymbols,201.1
1635,TfPvE({UD4DAUAsg_#pq$UPALz}f[A|r,32,alphanumericSymbols,201.1
1636,f&2sr/)-Nv:AFFCWMD!J+QbdyU7+dFyw,32,alphanumericSymbols,201.1
1637,".p_;W_U>mU#vqw~{y!Cu9)P}JP*,$QCQ",32,alphanumericSymbols,201.1
1638,"z4{s|zA,e-9vT7U[2Fy[}nWWikmRhiXn",32,alphanumericSymbols,201.1
1639,4;gCa[T7fv=wpukE:eaPW&aM(wE!p/2<,32,alphanumericSymbols,201.1
1640,U>u.Peabj.FUD$2N<tXsvMqCFj2JP~kf,32,alphanumericSymbols,201.1
1641,"YZ:%{s,&T][vR/eUP,4qc^A?QcPQfive",32,alphanumericSymbols,201.1
1642,"***sjcc)vpv*,{RfAETNLf{T;+{J<yZa",32,alphanumericSymbols,201.1
1643,"kC![mFi4xvF<N~FDqq<R,[i|@P}}Ysqd",32,alphanumericSymbols,201.1
1644,"Lv:LDtqupjj}Y?*,cUCwYH.2/[tU/xhx",32,alphanumericSymbols,201.1
1645,"-z,(.zqzm_Kv,EhZ,+@ej}bf<&*%H<&Q",32,alphanumericSymbols,201.1
1646,"t,7d}fpuP%,jr]T_E%X$Duc$MRn%Nh{Z",32,alphanumericSymbols,201.1
1647,"CT=uzbA{V!43,JJZr.7Ds>zyQn%C(TK:",32,alphanumericSymbols,201.1
1648,kn@Adi?Qzz:D(k/;^h}maU(.3+zre^ra,32,alphanumericSymbols,201.1
1649,HqWf|fhaJ<xX>~b}hx]cF4)k)|T+u||y,32,alphanumericSymbols,201.1
1650,PkY~a]}?:[p/}$p^WV.J%L>%@;RM<LMh,32,alphanumericSymbols,201.1
1651,"AsM,L4a3w{!?{d]EZFj+M$DCVbq/|/2L",32,alphanumericSymbols,201.1
1652,"NLV=hr}VYt3#H{ig$?##)c],wR,#^]D$",32,alphanumericSymbols,201.1
1653,uQ~C9H)YYF<&x7cp>d]%NCC[:jm$>)U=,32,alphanumericSymbols,201.1
1654,"]3?~h9v<yMn?<!,~#&yRbd|tDpVWR4Wv",32,alphanumericSymbols,201.1
1655,;__;[<:3&xc>+wQ{:ZJc?tgWcCx#%A#7,32,alphanumericSymbols,201.1
1656,HydhwNm(gViFyTf(pymfVp!&;dq-h|!4,32,alphanumericSymbols,201.1
1657,x/*wjy]dKC3F*--;NxZ$ZCRjg@72&>=^,32,alphanumericSymbols,201.1
1658,"gFgWhm@Tm,j9&+;4+MFuY*M;#ZC-a7v}",32,alphanumericSymbols,201.1
1659,L&((geH/_zLk:|c>[jN7WY_;wnZ!m}{>,32,alphanumericSymbols,201.1
1660,f]<^-$!j$(*9N]$tvmihMr%3%yR*:CZM,32,alphanumericSymbols,201.1
1661,"f}rx2R)|Vq7]@ghja.!,?ct3ctgX9@Tk",32,alphanumericSymbols,201.1
1662,*<[M-{PJMc(~@CwJmVHPuiDA:qPQ_DyC,32,alphanumericSymbols,201.1
1663,Xn<$A}Y+2_zU|<@q:Lk$Vks)WL<)duy-,32,alphanumericSymbols,201.1
1664,>?svd+@usy2u-v:i:|h9Yq_ARF}zk.((,32,alphanumericSymbols,201.1
1665,iJiZ[[u>=_$UzzFj/pYgXaT3^;KUDr?z,32,alphanumericSymbols,201.1
1666,"ULHPQ4x74fc&Nhy[H,|tD}LL(hychbpe",32,alphanumericSymbols,201.1
1667,VL~)N})jV(Q|FYF$K#(zFq&3pwsmDfm(,32,alphanumericSymbols,201.1
1668,"#,P?3xTi{Yjg:is!r<;D99w?F=2~gC<}",32,alphanumericSymbols,201.1
1669,=Ani[[Ukw}&j.ug>c_nfU#HtTKv!sr[$,32,alphanumericSymbols,201.1
1670,}vA_XT:=RPm]X.K@QY&-+JsK=i2%y@r^,32,alphanumericSymbols,201.1
1671,*$d_d7gnUL>qKhf@aC<M]_C%KiXWDK7^,32,alphanumericSymbols,201.1
1672,"ej.yH<qC(%UNL_NJ#e)p@kg*Rwv!7U*,",32,alphanumericSymbols,201.1
1673,9HKJPqFk2APxRATWzT>TD)Z7;:yvNKE},32,alphanumericSymbols,201.1
1674,h)yWgM+VJ?;]u29mja)mvvV?t$v*cAXd,32,alphanumericSymbols,201.1
1675,f/HM&z&#/Cs~aCQ{>_?FDdx$Qi}xJ@xp,32,alphanumericSymbols,201.1
1676,"xpwH(Y,>!#3r4gXL(b@t)v[gY$ykNX#R",32,alphanumericSymbols,201.1
1677,"mz=r@tZ}>+#]ujX~/T=,nQhZ}Ugp~[Wb",32,alphanumericSymbols,201.1
1678,")M,h7:UUC&9}TrMC}{M4U&Vx2{[F:[>%",32,alphanumericSymbols,201.1
1679,qAz~!hzg*=!ga%jsLdE__AJsm%ur{N%Y,32,alphanumericSymbols,201.1
1680,22WTQNJawFH7M^smVgvf?$>dg)$yV[Vz,32,alphanumericSymbols,201.1
1681,q]Cj}~JUsv{M>pAx>P;p}qCKX=.m_uU9,32,alphanumericSymbols,201.1
1682,?+%A:!n<f7Pe-}TJ@{bvd@r44mfWAww=,32,alphanumericSymbols,201.1
1683,"3x{McsJ_|u~Y?t(4b|jAt3#CwA[QL,%L",32,alphanumericSymbols,201.1
1684,"[(.ra/=>mT]RyK@]M~v9,vugR:*(4=FK",32,alphanumericSymbols,201.1
1685,",FLXZU7C?kyUR@t%4ZKs!_;;${N=s?d^",32,alphanumericSymbols,201.1
1686,"y|32mF(K^ucVW!3=~=e:XYWm,([QT)kW",32,alphanumericSymbols,201.1
1687,7L@]^(x$ZX9VVtuZ=E7msw$ycWZ:;Max,32,alphanumericSymbols,201.1
1688,wHpXd>ZHf%gvX7+!W.kh;b~-RtbA!k_E,32,alphanumericSymbols,201.1
1689,"3/+Quj/f_fh@?:.~qvUn*^+z4V,%Xidn",32,alphanumericSymbols,201.1
1690,h;J[TcCKCizMsh(=&7f9ajD3ZVg2nDFb,32,alphanumericSymbols,201.1
1691,",s,9RVkyx-F7_}2m3zr2k?_s$xFXKu3?",32,alphanumericSymbols,201.1
1692,"p44XCjZsd7$%*,VbK;X=;T+M^v%$yWH_",32,alphanumericSymbols,201.1
1693,"]#qXiHVi-p+airsa>;&,fjn:aH9q7(LV",32,alphanumericSymbols,201.1
1694,T{$k/<?4rXpF7/>Qe4/Rii@TVst{7rNr,32,alphanumericSymbols,201.1
1695,y?vmy>D[TYR:yE4^wC7y-&+.w[qwRA&(,32,alphanumericSymbols,201.1
1696,"44NPPR|V/$UgR3M,TyE).vu(PNuzw32(",32,alphanumericSymbols,201.1
1697,7dC9V<=Q3e]~Y*i2d]3Je*W@N~]N|~rY,32,alphanumericSymbols,201.1
1698,$FzHP$u;|tj-{Un79@[PW#44dA7n~.$f,32,alphanumericSymbols,201.1
1699,t-@D37!9_#Q;Wk9ki!Zm|(dqn{VNhzbx,32,alphanumericSymbols,201.1
1700,#!VcCJ<;}[VF*pAZD)DXg&_n9xfhbM+:,32,alphanumericSymbols,201.1
1701,iu<:^hU}h;b4.cqfwU-pVR?ahYc^H!a],32,alphanumericSymbols,201.1
1702,r+2jag];h?Vfw$fh@j;x>L^eet.|w}gR,32,alphanumericSymbols,201.1
1703,"bHQPa[gP4TY]Jss<V,H)J2=UzAK/DYn4",32,alphanumericSymbols,201.1
1704,"FiLmXgXxF$t,J@c93jifM_(zNc@aAEcT",32,alphanumericSymbols,201.1
1705,"7NxFQQM.kYMK@;j9//*hx*i!#,{DXb9;",32,alphanumericSymbols,201.1
1706,am_{m@_=sZ4TjQcA}_Y~{#Wr>m.%)CWm,32,alphanumericSymbols,201.1
1707,&JUJdH{uVf|k$J[:_UK!j*.fyg%(=E]E,32,alphanumericSymbols,201.1
1708,3<di]g<R4(*Ass+DN|C3CQpY(Jh|2i>@,32,alphanumericSymbols,201.1
1709,"dZ#_3ACt$pdJmAKyhL-z-k,*[ZJWs%g@",32,alphanumericSymbols,201.1
1710,2=R9+{>aq7/&qaC_==r3N?e^M+Q$wq-E,32,alphanumericSymbols,201.1
1711,"tD?jLvJp,:N4})<m#~*dJUKnQx<=e;2U",32,alphanumericSymbols,201.1
1712,";d;L,/^Lcgr#F+/>+taRn]!<g(%?Ky<v",32,alphanumericSymbols,201.1
1713,p7%>a:7gRdJm!+QHh*CZcR*4.@P{n4$Z,32,alphanumericSymbols,201.1
1714,{p#|Pr*gq|{T~vVwi|_bPmz|Vvtj3mDM,32,alphanumericSymbols,201.1
1715,~Aawmb|VP=?iqt;2QFnb9{p;;}_p;|{K,32,alphanumericSymbols,201.1
1716,A*%VdQ)}s(;eddMvp4V2*.pTut[]Ms!>,32,alphanumericSymbols,201.1
1717,HCkYXvv77di<C;XnD>7Z<ZvzFf>W?g)9,32,alphanumericSymbols,201.1
1718,2]p?7b!eA[f]4/^RfU{j:q_p>Ta}7{E4,32,alphanumericSymbols,201.1
1719,QFFAfK;Y~p_qQf)Xwp}ibr{EQc|XL]WL,32,alphanumericSymbols,201.1
1720,FvZYd>{py2XxWp/_u-&m.JwyPYaZH&:},32,alphanumericSymbols,201.1
1721,N!zf)cZQ-iqCN([v&b*u$ywp+t3kfEn;,32,alphanumericSymbols,201.1
1722,"_,Vr/?}q]%7;g[:yMh[DsF7ZP=[;#TVC",32,alphanumericSymbols,201.1
1723,ab&qxWuf&FL/Qam$9*K|rFx:#]p@%g[f,32,alphanumericSymbols,201.1
1724,9Ys?%2^VsuV(uvp4e&YaQ%:9<Jw>m3<^,32,alphanumericSymbols,201.1
1725,(LgV7!ecK!&9QY]p%mYtvgMH3zTVM(~Y,32,alphanumericSymbols,201.1
1726,._;tt=q9<$gZW-QADyHHQ~_=p=Wvpb|W,32,alphanumericSymbols,201.1
1727,"P,RU:F>(mAF?NHZ*Vdhb-tp>A#?~tH=z",32,alphanumericSymbols,201.1
1728,",k<RQ:F9^W|Z,e2)n|]K3T}4ciN^$j-Y",32,alphanumericSymbols,201.1
1729,"pMkseDDu(Ck%t]Xigi9N[m*&ydPusKq,",32,alphanumericSymbols,201.1
1730,VUn_r:cET>DF-}>u:*}UKU*;v{b.winN,32,alphanumericSymbols,201.1
1731,[9(a.JUFb<UJr%ux_vN2*j;<|y?~WNKL,32,alphanumericSymbols,201.1
1732,xg]FYsbX^{aq%Z4&_[RLq)m7}|**[g}3,32,alphanumericSymbols,201.1
1733,ptn]2*qfuDVfQne7_+7Drw@ii$t&X[rJ,32,alphanumericSymbols,201.1
1734,xz{/W9jhuC[]JvP+NuYX:^F&g+}>EgRs,32,alphanumericSymbols,201.1
1735,Xjd#<#(>DHYwP]U2DA_m~WP^mw3ihE|9,32,alphanumericSymbols,201.1
1736,Raxzt<j-3H$*e/7DAWdkUsD:wzRC.]X?,32,alphanumericSymbols,201.1
1737,>)C;2=|%&4/K{q-Z&!([=${Kpj);W7bn,32,alphanumericSymbols,201.1
1738,"L7RL$a(%T@LwZM}fviQ$kq-nbsA~Z,L]",32,alphanumericSymbols,201.1
1739,ixJJsrWzM+Pm}bw@=vJVd_zn~%3|L#rU,32,alphanumericSymbols,201.1
1740,]+AiMNu;jm?%.~-s~TaZ[gew@*97Ap;),32,alphanumericSymbols,201.1
1741,Hw7|grp}HRnEy{:qcF[=~_Vi{mZ%Ni-N,32,alphanumericSymbols,201.1
1742,WW(n$cxbzTEN|~aQ?tQatPwQRt%WF_9d,32,alphanumericSymbols,201.1
1743,=@v9uw|EVa2ys~bR&+e:gVCMqbb<TC!$,32,alphanumericSymbols,201.1
1744,"K>_yh>{fL?$W9ngp,sFTCexxPhcA;(N-",32,alphanumericSymbols,201.1
1745,"c$@q?4..,vu3|_)us&gE%]pKX$.trC%y",32,alphanumericSymbols,201.1
1746,-LC+)Fm-bWMw@Cs&gd;=Xm<QQP<shJ^X,32,alphanumericSymbols,201.1
1747,"w/wZ#T2,H|/Y%pN2Vby&&g}rmv:4JN>&",32,alphanumericSymbols,201.1
1748,>Lu2Rwz^+nvW>.J-LQ4nMDYLHF.uRUTJ,32,alphanumericSymbols,201.1
1749,>JJ&$X2!g?sd@(M*%)@9xk$KKbzX?(C},32,alphanumericSymbols,201.1
1750,"&FX=:bqZ&fk%AUk:vPTx4yM,qJ+4[xx/",32,alphanumericSymbols,201.1
1751,"9ms;E#J_!J~T,Lct=%fHVdLY,Fufby/(",32,alphanumericSymbols,201.1
1752,"2/c@=adk![sYmsu${KZRAFU,C#^)vjQ^",32,alphanumericSymbols,201.1
1753,p|#(<f9UwA^zd_/@vh<Y>2v?{FHY..Y<,32,alphanumericSymbols,201.1
1754,">Vm?eb2?C2A?[vqcxT4zfZs),hz<_>nk",32,alphanumericSymbols,201.1
1755,"(&ew^zQ<bm,KiM(f;HA$@q^<Hv9d}t9F",32,alphanumericSymbols,201.1
1756,zjQ+U;JRy=i-qNxg;Jf-e<z@{2~uWtR>,32,alphanumericSymbols,201.1
1757,2=-9@fWum)/Z{f@-~ksLha$WN/@L@QJ|,32,alphanumericSymbols,201.1
1758,|vFRY-:j/JYnLHjx4Wt*E*$Wp/L]Cu+K,32,alphanumericSymbols,201.1
1759,"a:,r[tZ$/?&,t/_W}uz)c3){fkL)fLhZ",32,alphanumericSymbols,201.1
1760,".bYM99Z;P,_tkTApM?+Jz<ikY}b$}$:*",32,alphanumericSymbols,201.1
1761,"H=K,@-|KD&|[#pU:t/*gZHp(n$b/W#}P",32,alphanumericSymbols,201.1
1762,"^r:D|;!!VZ2tU_{Ww|HF,YuYL)a@~pgx",32,alphanumericSymbols,201.1
1763,*uR|&C$hCE%FhDsA{Pbh+nAN9T#]bWgU,32,alphanumericSymbols,201.1
1764,k{yTmZ*R&$q*/NF+3~2W2kA^L!@$rz{>,32,alphanumericSymbols,201.1
1765,w9&<7xX>fK;WRc!h#ch9i/cjuCcb!E<D,32,alphanumericSymbols,201.1
1766,_F?kA=_w/RxgWATbp>.:N+Ri[qq;@rLW,32,alphanumericSymbols,201.1
1767,Tp>gm|regQ:L;*dwC*XQ:/)ebnp&MR9/,32,alphanumericSymbols,201.1
1768,2+u/~yz*r{XtfW{&aKM$Jv=X7.|Dc.@K,32,alphanumericSymbols,201.1
1769,+|rH!L;|4pK.!]rHLcai^w;~V:.Nqaep,32,alphanumericSymbols,201.1
1770,!UX%Yc$LbmxEN%sP4V>b^h>~u;@Qd4}^,32,alphanumericSymbols,201.1
1771,sz>C^#At9iuM#~:+c2Tcj}*iYrY{?&4C,32,alphanumericSymbols,201.1
1772,"_dWF#%,&EJjLY>-PdmT^F?[^=3F=v_-c",32,alphanumericSymbols,201.1
1773,LhfZeqRHk|P-K>k${*Lcw:*kM}X9/e^9,32,alphanumericSymbols,201.1
1774,"u2Q7N2w*g?rTR@|9HLX>xAT9|,4xL]Up",32,alphanumericSymbols,201.1
1775,XNA92-]4p;EcY(zgjU_:CCc/(QPHmLpT,32,alphanumericSymbols,201.1
1776,hXtcXUx29Vz9P3QbtyQ?pQX@(Y^(JmPq,32,alphanumericSymbols,201.1
1777,"Mv{ZEp,n2Z)ZwUK:+UiX+=N}v>u>2TYy",32,alphanumericSymbols,201.1
1778,":2N]?:}z[ug,Z#JuA^ZzE/fzQHbdr9g&",32,alphanumericSymbols,201.1
1779,"xQtwZ~9,!ydsY?m$%W:bDcEJ$WQK[RjP",32,alphanumericSymbols,201.1
1780,-.{Pgx}zN$yc7@VP(uF_Z#;D+rAt::*A,32,alphanumericSymbols,201.1
1781,N:*b;mY_pV)27+-L/)Ef}k?$&gKRf*AV,32,alphanumericSymbols,201.1
1782,"C+MT_mk/&H,x/}Fpz*ywL&F|WiJ:wJE.",32,alphanumericSymbols,201.1
1783,c~~]M>3mCymq+~gkv7tFzmU_VJ$n4}%h,32,alphanumericSymbols,201.1
1784,"z,xdTb!?W/Wxp$Vq-Vn^@j{)7>A7Az~>",32,alphanumericSymbols,201.1
1785,~A}_PL%_V<pN2]2;|Jt94[MWU4A!*2k~,32,alphanumericSymbols,201.1
1786,7J>FP~7Y}&:9[X[Ct&E+m3nT_qn>rULC,32,alphanumericSymbols,201.1
1787,UdXW&}v}aX4n7_:;3PD.{Zrv{aM|wT7.,32,alphanumericSymbols,201.1
1788,Ld2Mq7?fQ93XwYq+vup-.AU[s_V>d~r;,32,alphanumericSymbols,201.1
1789,n!bt?9Xkhd<XPprQv(Zh9&)Wm^Zy#&$4,32,alphanumericSymbols,201.1
1790,"f;n&>ivMwCdaTT$9%7bV.{.UZ>,;YpE(",32,alphanumericSymbols,201.1
1791,Dg%wvkc=n&%mpqp;~4|-?FWecMb7aqfa,32,alphanumericSymbols,201.1
1792,sMZ2MJWcZW&$dR+AeXPZd_ikpX7$!Tdx,32,alphanumericSymbols,201.1
1793,yU-b.U]k(9!s~#aV3+F;PeZKa#_gye*=,32,alphanumericSymbols,201.1
1794,}n]3u{MZF)7^t!k=[eF:~Pdk@t<yz{p),32,alphanumericSymbols,201.1
1795,<p^$Kx&~F_)fq|h(NKd#9}w%jLsN/!=@,32,alphanumericSymbols,201.1
1796,"uj^{/k,r.EH%fuyH4yCMNCDT@(?~T~H]",32,alphanumericSymbols,201.1
1797,bqfsaT}p{q|aX4Lcxt#wQVYn.~kW@Y^!,32,alphanumericSymbols,201.1
1798,=Mt}gcr@^^n+Nd>v)9uW4scpMk&9v3Ne,32,alphanumericSymbols,201.1
1799,Ta{>mN.KxH(FN&:%wvv_9j{7W:gg+Kqh,32,alphanumericSymbols,201.1
1800,"vrHe]@DWs^Dxrfe$(CXKc,iDx*i:EMuw",32,alphanumericSymbols,201.1
1801,%R%^F7XWh]+4P-$Ji{^b<:_~DR9y&sdV,32,alphanumericSymbols,201.1
1802,"|g4&7r_J7CPk*3}gvC#frHY@jPk!d,m?",32,alphanumericSymbols,201.1
1803,gwhy=enrt:JKmT=>?2^AH?h+^=T>4RmX,32,alphanumericSymbols,201.1
1804,t]3.Y-z@a/Yz;UFah/XApXK<=H-E]+*3,32,alphanumericSymbols,201.1
1805,(:?yy:Rdh&PfKRhC:H2L:)r!RU%v!tY?,32,alphanumericSymbols,201.1
1806,"?,:(T|WyFg#AaLj~VYf3zJ7{gw#]qpzJ",32,alphanumericSymbols,201.1
1807,;Dp*fFZ%s}Zi$er&ks*@HXeqXw[|{ufj,32,alphanumericSymbols,201.1
1808,X./9q#2!YZ~RHn4Ac^j]<P!s3MWm$y3c,32,alphanumericSymbols,201.1
1809,[xKvwkqFdb+PjYC$>:ML?Hf3L>Eqn7W+,32,alphanumericSymbols,201.1
1810,Ze(XgU;!wAHpt7r.92s.E:DQsAV44[[q,32,alphanumericSymbols,201.1
1811,#@h:Ak9pK>/ia@m:$?uq(K)FPj(wpW-c,32,alphanumericSymbols,201.1
1812,(/Z]kbnVEh=.rC^-gn?@xh<;/aLypN[7,32,alphanumericSymbols,201.1
1813,VzjjirbW*eijHk~<L_M%VTY})+V~HYfA,32,alphanumericSymbols,201.1
1814,#<X>Nixq[dNzz[DAJEwLw$u&=#Jfvkj/,32,alphanumericSymbols,201.1
1815,Xd=LZ#hcAPVU7/U9>?iW!cw$iAX==JPZ,32,alphanumericSymbols,201.1
1816,R9F=+g*_&7hguf7AX}a>uv#/Jr:>>Cqk,32,alphanumericSymbols,201.1
1817,"#_!e*Y@-uN.C,3%=<NX{2e/^!&C|nrTd",32,alphanumericSymbols,201.1
1818,[wh/y|Y^fiJb_~vwMQ&#>JNW$-p(<?|t,32,alphanumericSymbols,201.1
1819,"uRR%@@eAEe&Cf(,jrp@hn^~/bZ!&me}y",32,alphanumericSymbols,201.1
1820,"2[_Q(sevvj7x:Wfp%#za/,=Z2>RXdD=Z",32,alphanumericSymbols,201.1
1821,!_{$DtA{^WQ/D&s&({FMnJM[sk@942}j,32,alphanumericSymbols,201.1
1822,N9ThJHbz*TLtNKCfEjcm$R%*.Hi)[p9L,32,alphanumericSymbols,201.1
1823,[A]iM;pb?=Ax7.9&M.NKmh(Je/<$nDLs,32,alphanumericSymbols,201.1
1824,Q]ju^V9{yudr!;@$Jj-(Xx-^+%iKK9?n,32,alphanumericSymbols,201.1
1825,i)L+}4f}:(s/KvT~[;J[YRMW(!Hga*uw,32,alphanumericSymbols,201.1
1826,as2Nse!@xF|h7YyP+2f]LUsVXTA}&)|k,32,alphanumericSymbols,201.1
1827,Mx_uP%9.Rz<JEQ]v-L}Q-F+:?XzfHVCn,32,alphanumericSymbols,201.1
1828,bhn=9[AFP=aW|RcP{~3jRi./yNiEJ$F!,32,alphanumericSymbols,201.1
1829,-=W>U%+F(Ez~cX^-*bt/L)KdP!Wt{aR^,32,alphanumericSymbols,201.1
1830,(!m7ekg{CER]m$Z#9q2(j:>[f}bR*U%c,32,alphanumericSymbols,201.1
1831,#+3m@%tV>$+nt#3:($/|=&z|YV|4yKt:,32,alphanumericSymbols,201.1
1832,"PCT93WNPYg]Q2Y.|>y}nN?z,xgd^s&Hh",32,alphanumericSymbols,201.1
1833,"H>]YzPk}N{p;Q,t,KC%~=QztJ?-x2P%V",32,alphanumericSymbols,201.1
1834,2XA*us#b7hy>utjAa=^^t^+mLYuD*~sJ,32,alphanumericSymbols,201.1
1835,>yuQzU&*tFDNFCz32^;NMYgU)X&~2d?-,32,alphanumericSymbols,201.1
1836,Wbuabnb_WrAxMh*QCZ_p.m!b7;(@bT!Y,32,alphanumericSymbols,201.1
1837,:[Mu:ay:};PDgcy<3@f#<+L%ZjaV-<=4,32,alphanumericSymbols,201.1
1838,!+}-[9YdC$p-qqQ|_aZ)P~a4N#P-*c9@,32,alphanumericSymbols,201.1
1839,"m[Wm&}d2jrZWN}nw$a,{XyMfw>#]stJ-",32,alphanumericSymbols,201.1
1840,PQ*RZ-<En<bg|D@4iE@JE&jnMKNeHh]Y,32,alphanumericSymbols,201.1
1841,[2bi%AxexQ^s_X3:*Y|ECQnm/R;qVj]d,32,alphanumericSymbols,201.1
1842,RNQ;==AMLj-K@U=&}gH_N~nYU_<|@(}u,32,alphanumericSymbols,201.1
1843,k#!9/{[}Kx].LZ+n;wc|Wvg7/|D-i-D~,32,alphanumericSymbols,201.1
1844,!jVQ~2g]cZCjc-/@vUzeAEqCr7;D}R^T,32,alphanumericSymbols,201.1
1845,>~:~#keu*ajQZAVJ[t|x4n#R_|v=HKv7,32,alphanumericSymbols,201.1
1846,;%3rsLWdr$qPWXv^ik7z;f}@XsAN:9Lb,32,alphanumericSymbols,201.1
1847,dpMJ3/EaUg-M_UmDtJ=$&&e?NY#T2#sx,32,alphanumericSymbols,201.1
1848,%v<#T=PvEJEhC{H9R)Ljfvgqk|z;@xJy,32,alphanumericSymbols,201.1
1849,?-DZ)hF<jb@7ct:^[(rp%$}K-ibb7)f+,32,alphanumericSymbols,201.1
1850,3PHi:PJ#[)#hve)qD2UZddj!i)#zbW/D,32,alphanumericSymbols,201.1
1851,".V$PbCyY_)HMs>Cp^d&g,^)whJWjc@MZ",32,alphanumericSymbols,201.1
1852,>(Mg/m7H>f+3zhDFxeMr?CCJ&QzH7+dd,32,alphanumericSymbols,201.1
1853,twVY@HpFn<(yeXxkXC?hw-vYJs$AyNgT,32,alphanumericSymbols,201.1
1854,[QN<n@)P&Xd#bmhK&h|Xi(>P]fMg*~cZ,32,alphanumericSymbols,201.1
1855,"-qa,qe}m^JUpY@-@>wgK$Ee]#ZaKrw2h",32,alphanumericSymbols,201.1
1856,"7qki4TZfjAdPrY#ypDXi/w!anAi@i,WT",32,alphanumericSymbols,201.1
1857,d)XC&e;+duxUvRMP}<A!Q_~-g{fFWu*E,32,alphanumericSymbols,201.1
1858,dUFhE4W[=jns4Te)9^uU;z]k-&(Hg>?P,32,alphanumericSymbols,201.1
1859,U#3F;P7g(<+]ims@{LexV.ntDc;;ugT-,32,alphanumericSymbols,201.1
1860,r_9^Y-~E!Fhm#_W+V^y<i?Q<C3U@j~jJ,32,alphanumericSymbols,201.1
1861,"$]L]_TAKTQ<yy!UwUZK=q=yw~pk,A7Y@",32,alphanumericSymbols,201.1
1862,"/9%};t;vLTF_:<P&sgDp.[Ysjr^yz|,)",32,alphanumericSymbols,201.1
1863,zsTqZ*#{^fKXskjVZhkgHtRCFRmHayx],32,alphanumericSymbols,201.1
1864,<Fgz=3iu:_q[zb3xWWF{/A<|TyN%3U%&,32,alphanumericSymbols,201.1
1865,#Wb?AL~ywme$u}*ECMcy/[MJbMWu(:rV,32,alphanumericSymbols,201.1
1866,"*Fsh_2-$Kdv>9E;>hg<>,3?mJ/KDJCv|",32,alphanumericSymbols,201.1
1867,")EVj}Npef4AC[!Q&<,9Pxez.{{eApg:>",32,alphanumericSymbols,201.1
1868,2YxJr+F[trHLViT-gEnrC+YPyxrd+MH:,32,alphanumericSymbols,201.1
1869,3N?v*%u$:Ud>@^ZTQNQ?p<CjJ#??J;r7,32,alphanumericSymbols,201.1
1870,.FWy@z@-#3DN.cAkv<u>N9!(=MTRaUT?,32,alphanumericSymbols,201.1
1871,a}UM/(e493U;Vk9|EWbA{#es>~Yxy^;g,32,alphanumericSymbols,201.1
1872,qa/!Y{yPu+?uEVu~&*yWZPg{e@:-tsAu,32,alphanumericSymbols,201.1
1873,^m.[wKvg//-2<eijVHtVa%bmq%7@ZaMJ,32,alphanumericSymbols,201.1
1874,i|2pufttsq!ejV4d}2CMfh(^R}&*st(j,32,alphanumericSymbols,201.1
1875,"4)A_bMUChH>Xs=Er,!sV[TD3sumi,>HY",32,alphanumericSymbols,201.1
1876,"z7}jy(.UF)k,]Mt3*P,UK~a*A**PXryQ",32,alphanumericSymbols,201.1
1877,",K9Rpb:YFbb4j[c:*Q;$XbpJ]nf]*yJR",32,alphanumericSymbols,201.1
1878,(+3:MAgu4kAA3T]yx/jQH%;U!x-{a*Yk,32,alphanumericSymbols,201.1
1879,cCT9F@R_c;zk3xMPA{d_tk(q9?}vxVn_,32,alphanumericSymbols,201.1
1880,"MvFKK*Fd>#DkPeWn>juR_:C=,X{T$kwU",32,alphanumericSymbols,201.1
1881,"~axzek3i/,ZJ@.bxpJYQ}s?@V[QavpHH",32,alphanumericSymbols,201.1
1882,"$y3<>sncXt7^?;:yhz~}mC)aU(:m}mz,",32,alphanumericSymbols,201.1
1883,"#/],LtpN:}|C$FN_K:u&J<(ajE((cb~A",32,alphanumericSymbols,201.1
1884,"b>2EKevb>W]3bjvzsJw:Ry7)*Uj},KRm",32,alphanumericSymbols,201.1
1885,~uc--v$D_k.[@@sCg<3C9iFTJP#c;ccn,32,alphanumericSymbols,201.1
1886,||-4Q_Nv{pQV+gfWz{d+2#7]Y}n<vs2|,32,alphanumericSymbols,201.1
1887,Kq&?s}^k@-z[$>K!hWKNvh&_~)ee3PMT,32,alphanumericSymbols,201.1
1888,"j)TQqjM7bm,.,Ege)zT{{>]$$:--*k>W",32,alphanumericSymbols,201.1
1889,Z;#Q$:9(qnY]|=>)t_[yu&*wpq+Q3u-U,32,alphanumericSymbols,201.1
1890,h/fYW+?QX7x#b.T<<Zc*@*LF2#w*):b-,32,alphanumericSymbols,201.1
1891,#kd)>(au~Wgt)<>c!@pm?:+/vbE*k:vx,32,alphanumericSymbols,201.1
1892,KXF3?j-[cEkYa^XL-=Pm>9nUL-A-Q-#X,32,alphanumericSymbols,201.1
1893,4Thdd}2!w2b:xPYAmV-cK2qVJL{_|rvM,32,alphanumericSymbols,201.1
1894,",:|wLhmmq.)_W!w}[;|x]C7J99m.vs!>",32,alphanumericSymbols,201.1
1895,2=]@k<Pk||xyd$!U[7;?@3&.Y}{|(N;U,32,alphanumericSymbols,201.1
1896,J4+uiK9g:(ZMX]$9X!M~abAgXsbb/$#%,32,alphanumericSymbols,201.1
1897,e|pKK#[7zv_y3=:(v3-mXk|UbxJtPE^;,32,alphanumericSymbols,201.1
1898,EJ?ZUtW*^z#V$UD$.g}pV$e)TYq_uY]T,32,alphanumericSymbols,201.1
1899,"uDPrp~%+NUZgQ~Lu9,Fh}>A_cYJJfhE7",32,alphanumericSymbols,201.1
1900,|$ap/UwbH_C#wZdHZZn-#(YqfzT:_7@^,32,alphanumericSymbols,201.1
1901,(N4@Ri+EhvEY/e_>p<9@7MHKnwnr(E3i,32,alphanumericSymbols,201.1
1902,"y=+<)cNu!{a#d@*<tvgZ%{4$,!^:X$Du",32,alphanumericSymbols,201.1
1903,y9yL}AfmP2$&}~rtLp]KD[r2cC2m]jZx,32,alphanumericSymbols,201.1
1904,{Q;J$%n#*uu2t/w_/kTDf^aN.gD]>utX,32,alphanumericSymbols,201.1
1905,3p@a2L)>(e74eMA@bK@<M4(||rWX+M?K,32,alphanumericSymbols,201.1
1906,"a**]pjp4Ndby-,Xm9*MDQzLXEwqT^aA]",32,alphanumericSymbols,201.1
1907,"[AE<=UN:Jd,.q&@wq~V((a49/sY^!.@g",32,alphanumericSymbols,201.1
1908,..Lb{>cJ{&x*dEa&FHe=yLz[s3Z]aQxf,32,alphanumericSymbols,201.1
1909,uQq}q@e+|v~9_ZuNtN|+PD{hf</a|*2<,32,alphanumericSymbols,201.1
1910,VtPUmnUpL|H((hL~HKX*epa.%@:;FfY-,32,alphanumericSymbols,201.1
1911,}r=P9)RE!n.Z7CZ@+7s[&Jr!tTTDCf~%,32,alphanumericSymbols,201.1
1912,"%!C{QKq/^>WfAN_,rX;N+.ET+|=E{v$y",32,alphanumericSymbols,201.1
1913,"]j;[%_Yrf:byw;@PbZ/ea3MWD(jwrb,:",32,alphanumericSymbols,201.1
1914,"qHZyC$/^{!Q4Rsf#=fT>Df.Q,49FwQ[{",32,alphanumericSymbols,201.1
1915,$Q@Qh|.iT*acd}iYnxx(KJX^e;twk97_,32,alphanumericSymbols,201.1
1916,xu?{WhW_r%i~~@-avtRh<[#;)U$D|}tM,32,alphanumericSymbols,201.1
1917,".x?UWscv*xbvD}~VA!KdH@a4,LA(tYWd",32,alphanumericSymbols,201.1
1918,g^YD{!ethRg7W/>>R|Nhi_?[giXwz2)c,32,alphanumericSymbols,201.1
1919,F2DeaF%DZ?t[w4*$vxrEa<Zt:h3Rp_kt,32,alphanumericSymbols,201.1
1920,kc>7s&{#PAbg>.g*!ymxYJmai[rY>A;^,32,alphanumericSymbols,201.1
1921,/C#D%3KA]T7PZ@/M<fr!fc}qXTi|<M@d,32,alphanumericSymbols,201.1
1922,^4E^|n/vkb-eFu%3pwtZ}m[/;+4!aCV),32,alphanumericSymbols,201.1
1923,KF=x)Ah:b[JL:kXU^=@!(D]JW%Uc!7Z<,32,alphanumericSymbols,201.1
1924,"sHv#,ADM;pdrAUb[XfLj,<|pXgTz?Q<k",32,alphanumericSymbols,201.1
1925,#ZaTENVcm.9?:hqyCy)i3&Pz@Qr{T]Wg,32,alphanumericSymbols,201.1
1926,eTU|>j9/K+wWUsLW[eeU;%(ihVr/vH/9,32,alphanumericSymbols,201.1
1927,UE;EQ3LUQzZXw^xuC~*sJY-vcu:A!y7R,32,alphanumericSymbols,201.1
1928,"<qAJkYYb=JF9;s,wryc-$RTQiAAx/K;?",32,alphanumericSymbols,201.1
1929,=H:PYfvV=Ej~dgs77MaPVPP?xNUQUyK?,32,alphanumericSymbols,201.1
1930,2-fE:T^}TRE(F}=$zNfFbrV*!b[C^E|d,32,alphanumericSymbols,201.1
1931,{@*^vJKY#F-m7k!^_!PF&qiVnj:!^$}i,32,alphanumericSymbols,201.1
1932,"aAeL*D9P-dzy[A|2Pe!DhWWNfkTW.,N@",32,alphanumericSymbols,201.1
1933,"h%U4=Yuv+i/&mkaJ^M&~FvAbd#*,C+t@",32,alphanumericSymbols,201.1
1934,"#r/+%.RVRbMP4sa/,rM77JAP_9?dk3wi",32,alphanumericSymbols,201.1
1935,!ii2{z?]vv~g[^:{|:qC%!hu!^wp*n==,32,alphanumericSymbols,201.1
1936,"KWZ3X*u],;{t,4/ki/@jY|nU9rRdXKe%",32,alphanumericSymbols,201.1
1937,"zVV,ATw>Nb&U[4=K/PZgiHPLsw-p~Qz]",32,alphanumericSymbols,201.1
1938,gV9#3>?bedUa>]_U9r}4nP[jgtUZ+Na],32,alphanumericSymbols,201.1
1939,RqvF=VP>qexkada<*rZc~?x3A4wQgimU,32,alphanumericSymbols,201.1
1940,H^b}^V/7Y2=)Y}k*xmrp^#UkzwKqF4+n,32,alphanumericSymbols,201.1
1941,"<LEh=2vf*}{,vt[m?R7q_$e?r.DV^3iA",32,alphanumericSymbols,201.1
1942,pPZY.RZt~KVH:*9ayagVij}Dky4&MQ~Q,32,alphanumericSymbols,201.1
1943,UM}VQJkdzdDm-<>|Rji*zpx]4X)Mrh;q,32,alphanumericSymbols,201.1
1944,"Pn?;mJR!:iusP2,vXdNPK-RN_Aw>]jLV",32,alphanumericSymbols,201.1
1945,"i-v?TX,q=%@jNbraf9AHHb_czmMRRAr$",32,alphanumericSymbols,201.1
1946,"P9h~yLbs*#f<n$kez(AT=,_~|ragA}%#",32,alphanumericSymbols,201.1
1947,@)!7f-R)KPEV>YT?)mhE]f?n?[i&~DqE,32,alphanumericSymbols,201.1
1948,"ne4x,*((K^}bQv@(,>YeuYQdbq^/+Q-!",32,alphanumericSymbols,201.1
1949,i44.$7r!PdJgjwTWCss|b?7f^^V>R%p_,32,alphanumericSymbols,201.1
1950,:m9jKkx3x*!x/%t{nmJu]a}<Hy~r>yp>,32,alphanumericSymbols,201.1
1951,bVXU9vZp?;Vu:2)P2&>adZgAU(gn}d|m,32,alphanumericSymbols,201.1
1952,)(:9Zan%@!#QR(nWT:?@kDVy*v{WTwNg,32,alphanumericSymbols,201.1
1953,&vbbmU7PvgR4Ji#L27N&RZg#P(tTb>UL,32,alphanumericSymbols,201.1
1954,_%7VTmz+jnryJ=-%/bL]Rw=?Z[asz=Zw,32,alphanumericSymbols,201.1
1955,z>EHMY=eN{+=E)TK{$z<>eUv<d$4+WV4,32,alphanumericSymbols,201.1
1956,"*KRK7u2PwhmEc;$7dD-i9M?,7gQjnA)]",32,alphanumericSymbols,201.1
1957,"Kcp3!Pc{fpj,~#xc7;^}dFdeZ_h;}[XK",32,alphanumericSymbols,201.1
1958,AKV:9v#W2K@g:+NsDt)gu^Hw2(y#*uj+,32,alphanumericSymbols,201.1
1959,f/k)3(AE)D&qmU_$J+:QRh=[EvUc!t#{,32,alphanumericSymbols,201.1
1960,EV<L$!iEijT{.~@=^xMyfr$3[s:W*f7~,32,alphanumericSymbols,201.1
1961,}?jbj<jNr@.}(=cMe|X%gsa<C~x$W;kk,32,alphanumericSymbols,201.1
1962,xE[/ZcPE!Q.C9.&X*v;Hc3%*awsTe(t?,32,alphanumericSymbols,201.1
1963,"*.m,z_*~MCQ$/n!s}]iJi4X$N|KU?Li)",32,alphanumericSymbols,201.1
1964,"},icsDKPN_g3@&+9w*y{X(]|U^=.eT&E",32,alphanumericSymbols,201.1
1965,C)CRU>J/UpVP4~Y(3$kJ-gQv;kJ~]jNk,32,alphanumericSymbols,201.1
1966,"&dmZ?}kM^bnpRH{iw@9y9f.cXxNx_,+7",32,alphanumericSymbols,201.1
1967,")MH<_*/JY7kK7vXaaP,*<^.|U=HcVf7z",32,alphanumericSymbols,201.1
1968,=Y@z|^#P2K/d;3-tyZs2;)YnH(#(Ed~L,32,alphanumericSymbols,201.1
1969,.XAW[XrkHmDzu-D()d7T+h^s#mV%K;sF,32,alphanumericSymbols,201.1
1970,/9<FZ@dwPR!ANQrkiR*(z2gc{.jAu~N%,32,alphanumericSymbols,201.1
1971,"{LeMJ[d/~[PDTb@YFHYxscv=FM],yKa|",32,alphanumericSymbols,201.1
1972,yi9Znq3>Kz.WsxCDn+(R$qwuvUCtQR2{,32,alphanumericSymbols,201.1
1973,"@|JxpQ@J>RJsUm}<[%aH(7],kN!Cfw!/",32,alphanumericSymbols,201.1
1974,"}>jmc-Af<.,L=bE+9k#gufcX>bF2KiZd",32,alphanumericSymbols,201.1
1975,L#vE;VN=;rw*<)*kr[{c=nMw@Q7?cwHU,32,alphanumericSymbols,201.1
1976,eH9&HQ]n|2XWmKzXwAX~EP(9Q>kF2wHh,32,alphanumericSymbols,201.1
1977,"Ur(R]n}ZL-d=K:U$/@3,_~LDR*g}gR|A",32,alphanumericSymbols,201.1
1978,*VN24Us@#wY~<Q~ApThL9{xCQ2m_L3pY,32,alphanumericSymbols,201.1
1979,TR~Hwx)b9n+sM+PE7|=xy3UwhWqsiu!J,32,alphanumericSymbols,201.1
1980,f&y&/Ve~p>|}EQ)h?[kY~&KKz_<Nu{$|,32,alphanumericSymbols,201.1
1981,w{bC<:wF7^>JY(9_e-a&iR>n9TLCPM%P,32,alphanumericSymbols,201.1
1982,"kE|db?x!NUN:,h=~9=4W$LdJk<VtDP{2",32,alphanumericSymbols,201.1
1983,${-;}hRR=!iw+WcVhgaU|/@Tpf7V[<yr,32,alphanumericSymbols,201.1
1984,yPE$^+gs9/~Q)FVQWbiCiamYww&/Di[/,32,alphanumericSymbols,201.1
1985,"VyVc7_;Tu{9,*j@TYn&CMXRppJUt,mzY",32,alphanumericSymbols,201.1
1986,vR&s|Ygj|@)%L^=aJjN3KHTxhf)}e=RN,32,alphanumericSymbols,201.1
1987,47x+#V/.2!Rn:C{Ctw}z9uv*+PW>FHT:,32,alphanumericSymbols,201.1
1988,"Y]C$JFAM,|/!*a[.Ai/r3f~AsRfzPu=_",32,alphanumericSymbols,201.1
1989,T4&)&%^4PrF/X&.x)kD?YF4%{Z/HW}AA,32,alphanumericSymbols,201.1
1990,s)h>vWC9-#$mYeuju^tj^=3q&7V-H(fC,32,alphanumericSymbols,201.1
1991,"^%JycF?P@n}aF4cXd3aW4TURnm/;,;Zz",32,alphanumericSymbols,201.1
1992,R}-cQ{ET/;WN4yHV_(.fnHj-zPN[!$VC,32,alphanumericSymbols,201.1
1993,"a:|s2;j/j=,&*JA(KgY:-iNheYDDME+i",32,alphanumericSymbols,201.1
1994,:+xXm&U;&J+F<]xnu)zyPzFZzg~*hW>v,32,alphanumericSymbols,201.1
1995,]>.:p(_&:ctQ.UPja9s<r}<){@LyK-%Y,32,alphanumericSymbols,201.1
1996,VV?$*E42{afg^s]!nxc.s(K_P7m9(-+u,32,alphanumericSymbols,201.1
1997,He%[fQiMrW9@tWRCcT+Y]q}}:Z.vgY|{,32,alphanumericSymbols,201.1
1998,3/92Jn-<N>y3reV4Nxw{_nHW&]~cH!Ld,32,alphanumericSymbols,201.1
1999,"?;L&zhNc$.mg$vvCri,T&2/4&:Q#Dj27",32,alphanumericSymbols,201.1
2000,kg=j)x.idy.2WgT<j!Y|-j*LzzEmCZVZ,32,alphanumericSymbols,201.1
2001,dQT2Pg9XVs+Q.^n_m$W=pxLbwb$_k|~n,32,alphanumericSymbols,201.1
2002,&nutu{TFYvq/ZJPHLDWfL&:fEK2&@=+>,32,alphanumericSymbols,201.1
2003,%<~rEPgUe^e~X-}X*tkU#Z^ghn<asWq],32,alphanumericSymbols,201.1
2004,"#DymQ$Q3/M)xZ|.jhv?)fi&zyN,/F~dp",32,alphanumericSymbols,201.1
2005,?]Ep{FpNZqg.MQ==:Vz$7H#:mrW{Z4M{,32,alphanumericSymbols,201.1
2006,{2]dnnXu)b;[!ELK2sa^LAFYDqm?<(&w,32,alphanumericSymbols,201.1
2007,}-$3tiH!~+7{&nw3wsU<zM.py:LMN!}U,32,alphanumericSymbols,201.1
2008,WK7XT#-q)4-(z_z~UJ*%;gRY&)4H^Tmd,32,alphanumericSymbols,201.1
2009,"Qdk~U}U327,iV?aAX/ALcVt;xufy9m={",32,alphanumericSymbols,201.1
2010,">TLQskxwbQRy}NY@-,:RJ(R})isLN:(i",32,alphanumericSymbols,201.1
2011,PNWeX?>wZnr~%^^L+@q*<|i<(~NuKF9<,32,alphanumericSymbols,201.1
2012,pF9fKKZuLV?}TD3(jnkmF(]bXQfUD@P>,32,alphanumericSymbols,201.1
2013,.9<?d&YFa?R7-v}%L~?fass]:&xX)gy!,32,alphanumericSymbols,201.1
2014,|H[<3.?y~}$#Y9pja&&i3;:ZXR*_t*9z,32,alphanumericSymbols,201.1
2015,"VCP&:-4]EF73e,tDwm9u_Ha:#+j@[.!R",32,alphanumericSymbols,201.1
2016,9jm-?j~XPDc^2&-ehY7<X;yQ]!VMXkmZ,32,alphanumericSymbols,201.1
2017,E{J}!3Z%F3nMZZhCz$<JU2=>@^rvpa~F,32,alphanumericSymbols,201.1
2018,|^zDx[+;m7sQv}2E2TWJrFFujWV97bTh,32,alphanumericSymbols,201.1
2019,FQNwL<9ZF-7&Df:#aUMx|b3T*@>sRPi9,32,alphanumericSymbols,201.1
2020,_!/$db+KxTqJ=mQ#{3C9!kt]V_b=;:iJ,32,alphanumericSymbols,201.1
2021,Kd|hz&ner{kbM&Y24%Dh4|)@+L)ZM)=),32,alphanumericSymbols,201.1
2022,rxKmM@uzy]AZ7[rn=s?{W*zcu%?Cw[H:,32,alphanumericSymbols,201.1
2023,"jki>*yXq.f]YNTydpKN,uy(a+ax7M/(<",32,alphanumericSymbols,201.1
2024,rH*YLpM^^%sXTriC?xwu2rr4K_xj?L!i,32,alphanumericSymbols,201.1
2025,a4q99t@qxEVD{QXQ3ea]$J-7s>%/4xX?,32,alphanumericSymbols,201.1
2026,-LT<_rDa=gx/9F%W97wPqk:;-*gNz@nk,32,alphanumericSymbols,201.1
2027,?qXru2dWyR^^yEYJ;fW3P&&$M3<7bYPU,32,alphanumericSymbols,201.1
2028,~&vu}LhA3/fz9gTVHT=4!VkF[RN{h*vF,32,alphanumericSymbols,201.1
2029,ER#>Jp7>cV;<AYE7xwaJcj)NAuL9AJae,32,alphanumericSymbols,201.1
2030,M;?PWLw]T#U-FQyrT?:(!D/3bPf/tx+Q,32,alphanumericSymbols,201.1
2031,"7#>yC=W~b7~@ExCNb.V?D,mqCcEH3?u[",32,alphanumericSymbols,201.1
2032,@|>c_4~F|Cik[i^2)t9%wm-(&&WE+kU2,32,alphanumericSymbols,201.1
2033,"zu9{q)#{x_mE,;C}CvYy(uVm%|;YH9bE",32,alphanumericSymbols,201.1
2034,~J:;AkF]h:C2Wsm}fw:[NLf()g=}--Ue,32,alphanumericSymbols,201.1
2035,[wDD@Lh$!7p*$Y:(7~mu{]Kja(tu$_w%,32,alphanumericSymbols,201.1
2036,fJH=i_?)(<d&J|D>{EfR<VPsawZiRi^3,32,alphanumericSymbols,201.1
2037,vab:y&!y+a;7N^:}N|(?ku)^_!h(!>[J,32,alphanumericSymbols,201.1
2038,au=vQXV*2~n4.jn$:N<XV3EP>UcQ3eE>,32,alphanumericSymbols,201.1
2039,*<CsMs^Qg+3b:K{/s*@D&bMzH;=XU4pL,32,alphanumericSymbols,201.1
2040,na{K-{sAZYe:m!U:XQdXJYm9e$L9V-Kw,32,alphanumericSymbols,201.1
2041,dKHmUZJ*PLCq[pfcc_ce3+RHC^zk4HiX,32,alphanumericSymbols,201.1
2042,#rLqFA=dR#FpW<4x{%K;x3Y{?2s(D&Tv,32,alphanumericSymbols,201.1
2043,$EvhRnQ.apc~qm]P+mxHy$m9|Nm*pL<p,32,alphanumericSymbols,201.1
2044,"u(bK;cQtTJk]PxjdmdqXx9$AV,!z*W,?",32,alphanumericSymbols,201.1
2045,HTh&nLhF/Qi[Z;<7cH~}C/eg$(y-$d/h,32,alphanumericSymbols,201.1
2046,sqbZE9*/%}@YV7jNMLi_|<v7[VpfjPr7,32,alphanumericSymbols,201.1
2047,"V><fCDZ+,@DcUyd%|Fr/L,C?x/*#~*R?",32,alphanumericSymbols,201.1
2048,X+Hw3Pc=!b~Wkf}%Kc;VK@bL<EZ>AzUd,32,alphanumericSymbols,201.1
2049,";snd:*,&^KnT{~,[k^$/am4U3(UJT)ui",32,alphanumericSymbols,201.1
2050,>/pYj:?tVcWViYj77Q]3/+pYsU.v^rtZ,32,alphanumericSymbols,201.1
2051,)w}bmPm.ysJdWyaqE%>cy+9H-w;Av]:e,32,alphanumericSymbols,201.1
2052,"m[H)4ChLV<%,Qd3}r.KQ!&!9,%zdFF<k",32,alphanumericSymbols,201.1
2053,>ZVRw]Kr}tn}EWJM7_R)}.ckQ?yqNqxz,32,alphanumericSymbols,201.1
2054,Vvgsf(PXjs>v}!Lmd~?DDRnY#|b|&TNV,32,alphanumericSymbols,201.1
2055,2bh:e&nhcVPmjZ.}=U2LUx@#RTtRu+/(,32,alphanumericSymbols,201.1
2056,.%wZP&PTa^/Pu>9<-u)HLA&7kZ+s*kk4,32,alphanumericSymbols,201.1
2057,"4Dq/L#XKj-u,U~Q$^-i#.&hb4E-$3QeN",32,alphanumericSymbols,201.1
2058,U.qCC7~ez!}h&4v[(>2[wmk~(m<3?FMv,32,alphanumericSymbols,201.1
2059,"LzkNXs[)A_,7Z&TyDEQM,|@b-R9!+PFb",32,alphanumericSymbols,201.1
2060,!#J<K)3Ct}>)*2N{Y2:zC!ds$HY7p9vX,32,alphanumericSymbols,201.1
2061,"pTds(bf#~T,y4M}.>Ps*|rm=V99WQ;mY",32,alphanumericSymbols,201.1
2062,"aXV~~;%U((Vd&cu{Hw/,ZRC#r@!a+Y3_",32,alphanumericSymbols,201.1
2063,"{_h2Ae,Dja;_m=)e+hLk2udM}&w,}|b|",32,alphanumericSymbols,201.1
2064,"EYhfw[_:tg,Ev*?&.-D=>c:C[PHwqh!$",32,alphanumericSymbols,201.1
2065,=@r#jabZ=(+@<FD|Miu[dz#]zZ|CxY&&,32,alphanumericSymbols,201.1
2066,)bk*74dX<LyFt[>aHY.7Ke|3^_qVnZ+@,32,alphanumericSymbols,201.1
2067,J(4=bYY_>Ph{@9aA_>L+g(})j;txsW*u,32,alphanumericSymbols,201.1
2068,"P=gdin9c>]KHju]xb{D_j79FRYy,LqH*",32,alphanumericSymbols,201.1
2069,";&,/Hy%y7AeLp}heT,#?[)V}!=|U}^sH",32,alphanumericSymbols,201.1
2070,"h9aeD?g))sR{Pbcj^;TP~Xt)mAEvz7/,",32,alphanumericSymbols,201.1
2071,aPL/}4r&|aNs#>r$!>m&AW#sjQ#pzL}_,32,alphanumericSymbols,201.1
2072,"9gx@:JtjWJ{M+3jVM~Yd;mC_&[Yy-,]E",32,alphanumericSymbols,201.1
2073,$wg@#Nn;:_9hsji?:K9tY@)p<Rx<Qh@N,32,alphanumericSymbols,201.1
2074,J@ALvJt]^gA|}7Wcy%&9n-URM|zp=?yf,32,alphanumericSymbols,201.1
2075,&{R*<(Z7s(#@x.CwE{9wc_;FW%emnC@f,32,alphanumericSymbols,201.1
2076,]Y|M^ZYQ^b4_+JZxn&P?p@tR>p.gL&|3,32,alphanumericSymbols,201.1
2077,"jnqL-n*Df%DjN$&u%XkJZZ=,E4;CLmgD",32,alphanumericSymbols,201.1
2078,U*%9!HH^zt{xn{Y#pD/rMptR<;~t2aND,32,alphanumericSymbols,201.1
2079,nu.K*+z&|(<|{P*$gz4CCN4JNFntwj~Q,32,alphanumericSymbols,201.1
2080,&]9axkaXq]%NCJc}eiL+JZsi74ih#j(p,32,alphanumericSymbols,201.1
2081,"q[Px,UZ|e]23[^[zY[xy]tJ{Q.2E2j^!",32,alphanumericSymbols,201.1
2082,J3e2@AQQH<~jDm+er4YzRiFXRkMV)+yv,32,alphanumericSymbols,201.1
2083,"@,:,yyf;NrmN/&ZC7&,Xi,#Vp{[|?(tc",32,alphanumericSymbols,201.1
2084,"27:/%%3yP)QZj)gp?h<E,$QF>whH!@Dv",32,alphanumericSymbols,201.1
2085,7FhVyW2;34:*HEw^q&j*[HbzZPx}jJ}v,32,alphanumericSymbols,201.1
2086,"4@jW:/mj9,sidp[!D>=,yJd}Z*T?~&Jr",32,alphanumericSymbols,201.1
2087,"h$]uiR^JrceE#n>qh;2c4,%}xx,7bHr]",32,alphanumericSymbols,201.1
2088,"d-VLziaeL)@T,(.{};/-:X%D:WJ*]pJD",32,alphanumericSymbols,201.1
2089,Q:*Yn*.?UHT}9(xjtxYs[?@}{Vhhz[$T,32,alphanumericSymbols,201.1
2090,"d;i{.?A#Lc?{D)z4,^k;#,&sPr79ty;x",32,alphanumericSymbols,201.1
2091,>|-^-D.XzP7?kYdnAkLC~*+H<9nCj<]k,32,alphanumericSymbols,201.1
2092,zdggt#-?Rv?dDq|ADhAr~~c4frW2]TYP,32,alphanumericSymbols,201.1
2093,"K],3zmcT{wr#P)P(L*#QD@/hH%c:c;9i",32,alphanumericSymbols,201.1
2094,N;z_N+>M::r:Q=Yiyu*&P&WxyYWry%|?,32,alphanumericSymbols,201.1
2095,J;t>e?AA$9g4sMp&|HJ/^%K$gp{&rp#D,32,alphanumericSymbols,201.1
2096,]t#|JYVY]^(!Q42W#)}i(b#hWVH-~cyL,32,alphanumericSymbols,201.1
2097,"s;fNsaN<w?zVg^dYxCR;x:a.4ZCK,X)J",32,alphanumericSymbols,201.1
2098,ZQijwz_*m;U:<^(Kpn)dcd3_d=]d9qa-,32,alphanumericSymbols,201.1
2099,Q//V!E&nkvWJRKgf$ivY3:pCEm!4WTtR,32,alphanumericSymbols,201.1
2100,"<&CC,(%X3$hg@{i&7WEDTM%+R2)>kLj,",32,alphanumericSymbols,201.1
2101,n)dj}N[:FPKQWp^p=iar>K=i{u_*-Ce<,32,alphanumericSymbols,201.1
2102,"h%@KmM!H(yfcJFH,3XX.{x&cgZ~A{}w^",32,alphanumericSymbols,201.1
2103,",XTi[=UTCAAWb=Nh,!Wwjhq!%{cju,!Q",32,alphanumericSymbols,201.1
2104,FH;_LJzHyvKy7<m~{/:sjbrHs~UhQ*RK,32,alphanumericSymbols,201.1
2105,Z|[3K$DW|w&WfAj%Z&~?smvpLAcnZF+/,32,alphanumericSymbols,201.1
2106,"JDLac9XWk!<J%De|.zhCLEM[?dN,!<-_",32,alphanumericSymbols,201.1
2107,"igQ_gzWM.2R&,9nNy!9Lm*^W[|wjRb2$",32,alphanumericSymbols,201.1
2108,q[q?4JJ4[m$Jiem=7U@_haa](V3wREjR,32,alphanumericSymbols,201.1
2109,"gqi/)y-,Rj;Xh3}2z{^n%pFb3@^h2i+f",32,alphanumericSymbols,201.1
2110,{hJ(==E#-ccf(X4M4L]|>CrnpgQR?r.P,32,alphanumericSymbols,201.1
2111,hr:xM4W$LM}WD9t<uyd*Pb/Pvc/JnyJ&,32,alphanumericSymbols,201.1
2112,-s}|%p;^s+%<n!u:~ym<Y]s33#vMU<iN,32,alphanumericSymbols,201.1
2113,XdTkpWtDZH{Ra$vkkqK3LgAM%xn|sq)s,32,alphanumericSymbols,201.1
2114,C7Aj9d![7r2?kY!fjpX@tw7$Fd@!TYF~,32,alphanumericSymbols,201.1
2115,]&j;MH[^vwr4-+jm[/abbgW2ujtDPZqH,32,alphanumericSymbols,201.1
2116,x~FnD)-!gK#ND[(>Qa$kxL#=i{y?d{zU,32,alphanumericSymbols,201.1
2117,F7JzPe7EsyKDrb$E^gR.HW]m<%vyi.Nb,32,alphanumericSymbols,201.1
2118,nQ>rc|~dasFrq+_H4]|azAur-7mM2g%7,32,alphanumericSymbols,201.1
2119,"nx&;i!FNmeN#9@f]p{?h(H;hE~K,ju.3",32,alphanumericSymbols,201.1
2120,NdXK++MD<wtTZ*A]JDQht@~_V=&UXW-d,32,alphanumericSymbols,201.1
2121,37(4_<Tb(g/]FmNc&c%^2q)f?.gur]]A,32,alphanumericSymbols,201.1
2122,.CPH:pauE>i.%dPmTC[M<z9u|k~3Tf&7,32,alphanumericSymbols,201.1
2123,@+@wnNNwb.;hQF;@zp**atn?>~ywEwuY,32,alphanumericSymbols,201.1
2124,4fsDmH[n}Z^3DfDMk^{x+pt7Yg#pwy9k,32,alphanumericSymbols,201.1
2125,)Z|E|43|df%CPqu{cy<Nt*k}{Eq]L}|*,32,alphanumericSymbols,201.1
2126,eZV=~}[fc<{p>MZDzjgZya}Zd{bdsqXa,32,alphanumericSymbols,201.1
2127,"+mRAC$.f*]>HW+r^$f)mn[Td)jcMjL,U",32,alphanumericSymbols,201.1
2128,"ysMp:3u|)Xca(Nri=+y,e@n7z[*N2m;H",32,alphanumericSymbols,201.1
2129,"%JJxe,UPX{zKgH2~z*J,X4!tc?zZZi/U",32,alphanumericSymbols,201.1
2130,"w?j@Z,eDkH.*f&@bC.M~uPnTK(/|W]<:",32,alphanumericSymbols,201.1
2131,VD;j$s3D$!)nrTW}*Pu|?j{nr-%!.PNk,32,alphanumericSymbols,201.1
2132,"@q<?9$JwT.wHu$VTu,ei:7]^*?!(b,$Z",32,alphanumericSymbols,201.1
2133,"3+$;2Q^f#Fu:4nXVZxQj-Zx#,pxqq&-N",32,alphanumericSymbols,201.1
2134,!{|2gjr]_/w>?UEP]W4r/Fp}WN$Z:Mw3,32,alphanumericSymbols,201.1
2135,A:HNu*^vtRF_W]ht%9iRJ]Dy|H(%:@^7,32,alphanumericSymbols,201.1
2136,HX*$h<;H.Lzdw%|UKXwxMjmn~w7kF(Ff,32,alphanumericSymbols,201.1
2137,"x~7hgX,d,;nw&4ApbD#snZ!s#ER)Cv<X",32,alphanumericSymbols,201.1
2138,:KZRbF}4c#}$ju.w)ZUZ~e4X3tzcpJ&Z,32,alphanumericSymbols,201.1
2139,"~*JaX::),,LwyW^b3z?{_M>r(_h=$xmE",32,alphanumericSymbols,201.1
2140,$>}#2N!iL<vC)Rb9n}j&Y!|[~4p(tbzc,32,alphanumericSymbols,201.1
2141,Da2_jrPZ-+d_~rT&WjW=T+(Aq[XK-yyj,32,alphanumericSymbols,201.1
2142,nJi3Mvt%Wg*>miCa3+=W<C+TCe~^E}<P,32,alphanumericSymbols,201.1
2143,s[_^_UxNY*rmV^MFA~hR.rgtZjP%v$Ac,32,alphanumericSymbols,201.1
2144,aJQwM-)Hd-rE*=:pxQ(UZVia;}P/nkN/,32,alphanumericSymbols,201.1
2145,:QziK#v+iL+9ispqh[]wiNmJ<AXv/di(,32,alphanumericSymbols,201.1
2146,.[gr=xz%)y#*vU{QgzAZf+%H$%JV3AWE,32,alphanumericSymbols,201.1
2147,Eefw%UP+XU%=p@XVF::7y^kJq)nW*ws4,32,alphanumericSymbols,201.1
2148,{h*![]q<=E_Ph_nX)ziCi:ia9d]7L(Ef,32,alphanumericSymbols,201.1
2149,"p.C34{4E,vNw[-b%dn2Ywj;j&)mzFxry",32,alphanumericSymbols,201.1
2150,"}!3[PhR(UQ,Pdq>H<..{wdeKK&&[Vxt^",32,alphanumericSymbols,201.1
2151,"nea)cYs.t,/u4LV_u/Wm7,/_:a2ud}hQ",32,alphanumericSymbols,201.1
2152,"t_)^mM,KQ^Q4(^u@wcx;Z}?<iZYWT]mf",32,alphanumericSymbols,201.1
2153,%v%:aW-e*D(.UzMHu2k;/$C4%Hb?%<7},32,alphanumericSymbols,201.1
2154,$;4scgbzwnCWcPteC@Z&!T2EeDtZUsD:,32,alphanumericSymbols,201.1
2155,&K+sh~LvT3DXTK*HRnVrpj>!<ze$v)!k,32,alphanumericSymbols,201.1
2156,"JE[HZuK2,*?(vxdwz=3|erZ{$HN&g><+",32,alphanumericSymbols,201.1
2157,"Xg3~3X*yT|,#%C[@ktdzX[iDX%J,;Hzt",32,alphanumericSymbols,201.1
2158,Z_wpf]mhVb(xR>qp@-#A&sdq@|&g4)g>,32,alphanumericSymbols,201.1
2159,"@<[9,yFD4b<KQ<CEi_Eq@yP@UT?)qv:q",32,alphanumericSymbols,201.1
2160,"+[Fb(7.$|hbeMHuCAPf.r!yC,##FU.MU",32,alphanumericSymbols,201.1
2161,b;v2.yt9>>-YC}KcJ[nZ_ZE>#</Vt>K<,32,alphanumericSymbols,201.1
2162,"E7wq,hibq=n-~#)wrqHjtZaf7NJh9NRM",32,alphanumericSymbols,201.1
2163,%!:;YQ^F_Eu/Lv#g)z-Uw-@h]9v~R@7W,32,alphanumericSymbols,201.1
2164,DiPw+w@qZxr&a_KWVc|zJ4p9W?<d-rdQ,32,alphanumericSymbols,201.1
2165,9FH>$+(TxVyvvaMi/ALenA_ZUd[Yh*3z,32,alphanumericSymbols,201.1
2166,"7m/zb=bRhQNcbAbkWpA,gk3_)$=Z-RD*",32,alphanumericSymbols,201.1
2167,N!r;rDy7K}cFWD<^~Y{][:a.ZptQDtq[,32,alphanumericSymbols,201.1
2168,@za!^&@u>UdhrtV#Wi~7V{v!~bFzRa$#,32,alphanumericSymbols,201.1
2169,"b,$>?i&Da=,A:V2/^:Z]xHqHZF}k*>ad",32,alphanumericSymbols,201.1
2170,Zc3D9+M~NzPT_}zvQ@*E&;>+X|D|7_/r,32,alphanumericSymbols,201.1
2171,tz4ka-F@-]z%2sLxka{sbuU)HJ@rU?|t,32,alphanumericSymbols,201.1
2172,_?g(M9W_D:V]_D>.=Qu^e|zwh9F+jfiD,32,alphanumericSymbols,201.1
2173,".aFH@wVD**PK!EqmN3/ug4,#aW%id{9P",32,alphanumericSymbols,201.1
2174,HepR9=3m/d2ys#%KM:Qy9YJ7q_g&s:&Q,32,alphanumericSymbols,201.1
2175,{%#]$:UpAxwszq(z~p.<u;ymkVYH/s2<,32,alphanumericSymbols,201.1
2176,"@j#[dgU{N<WP.JVPv,zg@-tFC)Y[|<)H",32,alphanumericSymbols,201.1
2177,|_j|}_4A*A@TM<>p[{+4*!bjr;}Rx.jh,32,alphanumericSymbols,201.1
2178,dX^sniU+>m!g!7:g>R!H[*=$]=T;>~z@,32,alphanumericSymbols,201.1
2179,]zsuti+Xy?bVXH.Rtz![@}a}}K9^v;ys,32,alphanumericSymbols,201.1
2180,"LR#W~~g=<)ye:qP.$,)}&H;TsvwA;N.(",32,alphanumericSymbols,201.1
2181,*xQjjM$Dh>!cbXc!TT%tFfF3:3(v3dYv,32,alphanumericSymbols,201.1
2182,"nR$Kt#F;NRj|!kv[rTp=,*)TZH~N^R?_",32,alphanumericSymbols,201.1
2183,auK;u.UV(KMb@CF-ekUeTZ.k*LQ%?]F[,32,alphanumericSymbols,201.1
2184,"t_LKA,[zaP-&*HQmPH/dV^;Cr@XW3>kF",32,alphanumericSymbols,201.1
2185,"M;g;4;-4[TPT.}/yz,|:h[y@hhmy%r_Q",32,alphanumericSymbols,201.1
2186,PniyXt>Hs^p$s+_2$k]MENR|(fJAMNUQ,32,alphanumericSymbols,201.1
2187,b|%9|:]./nMLcCqJ.?N!r+ysYj|r9$nu,32,alphanumericSymbols,201.1
2188,h=HEws-;>ng7zM>M3.PJc_HqFUMs#;qK,32,alphanumericSymbols,201.1
2189,V7UU-9.{;Rc{@.:}r.A?Vw~U<QZi{Pz?,32,alphanumericSymbols,201.1
2190,<Pv_>d_&z+ahUELM[LJ<{w$L)<sJ-UnX,32,alphanumericSymbols,201.1
2191,KyJX&yg|A(xiyMjrD:-w+w?A>fXPkd@#,32,alphanumericSymbols,201.1
2192,h;[m%+ztk)3j=i((]Nu?@*kLb?_qPA[m,32,alphanumericSymbols,201.1
2193,Y=u2*43_z@#2$r[#N~H+RXETU@9~^.fh,32,alphanumericSymbols,201.1
2194,Q(:?}Z9<Ms;|Usy2$EQH<R=z@ra4>=7&,32,alphanumericSymbols,201.1
2195,iu+~HEebK$:_T@%qijCDJ_3jLXJ#Vg:m,32,alphanumericSymbols,201.1
2196,v)h4u|-+Yf)d4#q2]>R3#kf?dUwCQwXc,32,alphanumericSymbols,201.1
2197,"_C#$L@Y-M@WZc(+#:u?veu].,#baKgZC",32,alphanumericSymbols,201.1
2198,e@@Hu=*3k/}@ZVs@_uf:wfi<@ATa7H/~,32,alphanumericSymbols,201.1
2199,ft4hL>2]gHxe@RD2!Ju=|~L(U!vyLPtZ,32,alphanumericSymbols,201.1
2200,Nm(x!/T~m+FP+!P-M|mz^_pu@wnwi;hE,32,alphanumericSymbols,201.1
2201,.*@.uba]||Vnd|:2pvwr9K|rp#EU=d9F,32,alphanumericSymbols,201.1
2202,g?U(?i9<{*}N7TVs)^FrE*QY<j2TX^=i,32,alphanumericSymbols,201.1
2203,"D.@PJ>CCM^LwWLcHdQ:jC,N*T3#U/vpe",32,alphanumericSymbols,201.1
2204,W+JH@;<?vAai;*meVq>Db^MD/Z9g?n&R,32,alphanumericSymbols,201.1
2205,P|MJRu;TREf/n{Q9(_[_4pzReN<qWk^$,32,alphanumericSymbols,201.1
2206,"Ci2/up32UzF,buuy)bc{<i[/-K)gjw&|",32,alphanumericSymbols,201.1
2207,4(zJC:Zf$gJqm(9xZ|HZDVa$Epr$3K{[,32,alphanumericSymbols,201.1
2208,"H)yXNr;);f-;7R7c2As;-U,.y)JK$N/C",32,alphanumericSymbols,201.1
2209,E3pUR$@+nXEEVNHeV_b$(cZJyPm/PdsL,32,alphanumericSymbols,201.1
2210,"N/$i,p9>.j+!_+)z&P!n9;P{;uc-d<Kt",32,alphanumericSymbols,201.1
2211,!##Ab&Eza3.Ljxw7K(We)a92y{PV.$*},32,alphanumericSymbols,201.1
2212,F:p2*xWA&M~p$H/kKP&K>:(!|[4qfHF2,32,alphanumericSymbols,201.1
2213,"*^k:=}&jn,-)j,KXXH*Y?weXML@{|k;}",32,alphanumericSymbols,201.1
2214,vF*pANE:FWLLpwV7c{Rt?:-=7x$mx*+a,32,alphanumericSymbols,201.1
2215,"7<J&e!4W<Kgu.(=Qzi_[/,up@L.Rjr(_",32,alphanumericSymbols,201.1
2216,"Ek?+zKr|@3Q[p]w,JdFUk@CT<RR,nT[(",32,alphanumericSymbols,201.1
2217,"tJAg]t$|#ca//(|.ku,PnadKi$|~pEs?",32,alphanumericSymbols,201.1
2218,&^gFCK!>d>=DDmqH(_<a>wV7sx9-/%7(,32,alphanumericSymbols,201.1
2219,Fp}e@h!~d@)b2s|WxT}c4DEfjx[.JQqx,32,alphanumericSymbols,201.1
2220,Hi$y^}Kt_qL^aJiz3V<X(Z+Np(9D}FgA,32,alphanumericSymbols,201.1
2221,f!9m$=!%]-UH?QAWdRJH$QbXL<qH~?]~,32,alphanumericSymbols,201.1
2222,K$J?FZ:rThQEeW|]PPegzc4Kr)faw%N(,32,alphanumericSymbols,201.1
2223,YmJh%cJFx!>%{JPVKw|R<byjx=WfMR7n,32,alphanumericSymbols,201.1
2224,"i.$@](JC+.sqiZ^t,XMY~mu<&|fn[Q2)",32,alphanumericSymbols,201.1
2225,"|-;3VunrFx<(,h~)URTmj|pA+/z%u&Ha",32,alphanumericSymbols,201.1
2226,WQ-4Y.KxHbWsDK<beuiTWMbmb~QyLuV(,32,alphanumericSymbols,201.1
2227,+>XzHZr&|^RNT9v#ZK/KTcKU|nbwKKYh,32,alphanumericSymbols,201.1
2228,"r{Y>2nFgf>D,bx/k.r]H3>?z-nUZ-Ch;",32,alphanumericSymbols,201.1
2229,;q!(nz<}edKmCa}-D.LhJgp?N+e;{k[-,32,alphanumericSymbols,201.1
2230,"|^V4i-zFe@bKk/HZA{*<$WV|NXLUA,i;",32,alphanumericSymbols,201.1
2231,g?<#Cppg=VyuW:?%=2i&nZu}UzK>[z~w,32,alphanumericSymbols,201.1
2232,2nY/QLh?+^qp.cp4F?9mW$!Ce|+;?3i!,32,alphanumericSymbols,201.1
2233,dP&)q.q~sswL|qzR]HdCtrmn?:TWMJ7Y,32,alphanumericSymbols,201.1
2234,"FJ,nbU;!$&L>w:4Pj<pAVmi93*zumH@i",32,alphanumericSymbols,201.1
2235,(ZKW^Qd@C*vsx^LF/3db7T9;!.LN^Ev{,32,alphanumericSymbols,201.1
2236,V:+khsEXhYf@d|&;hv]r4zA.WtimYa2q,32,alphanumericSymbols,201.1
2237,tNJTpaCh!|:h!-UU/@-Z%|giWkfa$E=L,32,alphanumericSymbols,201.1
2238,>c@~sQkMePa~/^^a4e]zuN~M&#/[x7TN,32,alphanumericSymbols,201.1
2239,"}L,{?z;(+biTAksyk*~n)j)_&*a-H^):",32,alphanumericSymbols,201.1
2240,)kX}4q)a$Q?s7jYTkLVy?=X9?=|RZvA;,32,alphanumericSymbols,201.1
2241,cxv+YWzK-zzz?VmwXQNp{@kfz)w?-*Vq,32,alphanumericSymbols,201.1
2242,",&{kzxM&V__LAQgd<N/||^pDu[wb{]D=",32,alphanumericSymbols,201.1
2243,~!uD=j;PR{qq[qigxAuCZ@A))/(%4*M@,32,alphanumericSymbols,201.1
2244,cZ>xHaWgbc9@rA]g(>~R?3]WjMzd>AkV,32,alphanumericSymbols,201.1
2245,"K-]Y-rR;mD>t+yY=)[<mKU?73EnD7,(j",32,alphanumericSymbols,201.1
2246,$JJ3eTi[quzjj/uvA3FZ7Jc}Jp$>7^CV,32,alphanumericSymbols,201.1
2247,mb+yhQ*_[sJCUk$w7W@^dwQQFq-W$p@Z,32,alphanumericSymbols,201.1
2248,"-KUHUVy;,DAA^U<DhEL9W[fDZ(L4QW;9",32,alphanumericSymbols,201.1
2249,"HxQhU/,^WY9tWX9r?~,aF{ma<nN)aR,Z",32,alphanumericSymbols,201.1
2250,;VT&N~q_faNbh#i-mi7U%+peq[+!_F=3,32,alphanumericSymbols,201.1
2251,z2.s@TduRHYp]CNAm~*?n~&M4;%jY9>J,32,alphanumericSymbols,201.1
2252,m:tf._ND_AFt@X.)Ef}4~vsAzYzUsAg!,32,alphanumericSymbols,201.1
2253,PF+Z(mTzRJQ2xFrTh9P_=v{Q:?na%}U%,32,alphanumericSymbols,201.1
2254,!#i(K4LXY9j-t(t}Q}p3}CxT]P@ub@-?,32,alphanumericSymbols,201.1
2255,t[Kj9Lq^Va9iYz9#Jc/x:hs=d{sdmQ?_,32,alphanumericSymbols,201.1
2256,Jjsqu+dZ9)Jk|_scRpzvV?fu9D?^Yptr,32,alphanumericSymbols,201.1
2257,fcJ4(MftC|r)c>(%p+[kde%/eurqk</x,32,alphanumericSymbols,201.1
2258,"=DZ?Wq$3X7u@a.P*,:RDh-TPN3FaDqgN",32,alphanumericSymbols,201.1
2259,2v:eeQLmmkY/%:Ah747LA%[.9&cva<RN,32,alphanumericSymbols,201.1
2260,@-2=CmJMkZf3>MMC}9t/v=>_iQYF???k,32,alphanumericSymbols,201.1
2261,~@@Hz+&xp%;CTs^#M:}C9a[Pkxx>kP=z,32,alphanumericSymbols,201.1
2262,s]TW?LC79Rjxa2F[bjR!PFx)3{p%LP=D,32,alphanumericSymbols,201.1
2263,XcakE/v_2;#vp-h#2|)s;H;u-Lfi]&?b,32,alphanumericSymbols,201.1
2264,"J~d2m4er3XaWQ.=U.ZbAUR%V,4@fsAJL",32,alphanumericSymbols,201.1
2265,Du>yijV2nths~-?a[Kx3{tX)+7CNZ?4!,32,alphanumericSymbols,201.1
2266,"}}$@9Ve,%}gDD+)Kbn#W-4a#)y(At-c[",32,alphanumericSymbols,201.1
2267,"p+{q,%YVEn<eL?$3KD){Hmt]]|AHHY9T",32,alphanumericSymbols,201.1
2268,vT*K+d!=>q+F{$Kwz>Q-!L^Ti2RqTCi~,32,alphanumericSymbols,201.1
2269,wEC<xc;AWH:[q|xK|$#$d7p<^^-._b$+,32,alphanumericSymbols,201.1
2270,]{#@9RZ?XHXDC3rWE!eMv;V*r%_v);Uw,32,alphanumericSymbols,201.1
2271,3yq4x$K?-~}pcjZm}MyL}g{HpnQV{WEf,32,alphanumericSymbols,201.1
2272,n)X]7r-=n<4@WkE[pHb*paz;KPCTJ3we,32,alphanumericSymbols,201.1
2273,jU<cUm(]L=$$dPbwQV4d+<Z!4eLWd3kT,32,alphanumericSymbols,201.1
2274,"$9yviMh,N$R]vWTiRCqVYZJVV7&)A_Ms",32,alphanumericSymbols,201.1
2275,"H?PhNJ#yL+m}Yu}Yqnu!L,:=Hs9Ai&HD",32,alphanumericSymbols,201.1
2276,"KJ+uYq/AfNH>uNH?h<M$^,LEU_|},iiN",32,alphanumericSymbols,201.1
2277,"w7)}NmRb7Pp)Z^Af{m,a}J=af&AKf^HR",32,alphanumericSymbols,201.1
2278,"F?,C!Z9W3.Ch%AZ!_h)ZnY&TREV/W~+$",32,alphanumericSymbols,201.1
2279,DTukFW?P.pWkf#VsV~ZzNT/d@DNM7?ia,32,alphanumericSymbols,201.1
2280,u>~byzCxM|=?]Q[A{#n>]k$*V;/fbT7F,32,alphanumericSymbols,201.1
2281,"Dv)&+?*[,;}D}bfhc%@+@bE]g*MEhv%A",32,alphanumericSymbols,201.1
2282,E|2q*k]VQ%@D;+>c_sZ^A3Uw:wD;Q|[j,32,alphanumericSymbols,201.1
2283,X]f~p!P+Xw!(K+7axU<R|{/z&KN^;7p.,32,alphanumericSymbols,201.1
2284,>hM}hnr:P.Trn4aphY&|mgcKcn?NK|Ph,32,alphanumericSymbols,201.1
2285,"|(,K|?$h=WFy:pp3Up,,h[W,!+[}D]:n",32,alphanumericSymbols,201.1
2286,"UM>@H4@7$F|N?_(|~@,~_P(2D}rYQwn)",32,alphanumericSymbols,201.1
2287,/9PtQb!-JdfL4Eem_:T*j:b<_J^:*CNx,32,alphanumericSymbols,201.1
2288,EFQ;kkJ}s<e<}!>$*%b/;U_!@|dgu$Mu,32,alphanumericSymbols,201.1
2289,"R/2ZqU,&msj@wR?<M4v%kHek(x?Y~([3",32,alphanumericSymbols,201.1
2290,U&nQD$g/>cisPCt@?9M}Y)/.DF=A$h_a,32,alphanumericSymbols,201.1
2291,"p}f;ya#}39y@vtM~,EZzigb+UL<MN;^y",32,alphanumericSymbols,201.1
2292,|cZ}aNfM}Pk[*RQYy/.A%AUftvUbx4Z@,32,alphanumericSymbols,201.1
2293,"(xxP,myrhMX,bXCuwj3MHk2^vA4eMQf:",32,alphanumericSymbols,201.1
2294,/>i_ANN$7CpmRjY/3[$i}CisT/>Hx@tW,32,alphanumericSymbols,201.1
2295,"|v*&+V(qXZD~7,z%KbaCixD><.#mHj!u",32,alphanumericSymbols,201.1
2296,gyd*Z&*i>gcR;w&n@@2*FC$;$;%z$fZ#,32,alphanumericSymbols,201.1
2297,i];~<{{]z_4t+)Ab%aWNiqhYK{inxek!,32,alphanumericSymbols,201.1
2298,JA&72tk4vjuM<4Y%47DtyEKApUuXi<wE,32,alphanumericSymbols,201.1
2299,LMRU$Dv^hj~2!/g&9K7xAh{h9)H#sy_F,32,alphanumericSymbols,201.1
2300,7tM4)<$cy^!q&#Hr_Z)Huapx@+Qc.hvM,32,alphanumericSymbols,201.1
2301,%c#g&nD3(fRv{?<w;fiTux@Adm^}}Qb],32,alphanumericSymbols,201.1
2302,qH&/?+%vptzpZky2Ra@;bv%yh^Mg~z#r,32,alphanumericSymbols,201.1
2303,!4T3zcRhh@>UU_b|-n?E^$3P-zqN>>A},32,alphanumericSymbols,201.1
2304,qrnc]JyTAsNTr=R<Xr3.$Dzrv7/x4a[u,32,alphanumericSymbols,201.1
2305,%R:iatnDmyj![@eV!VYym+7wmbzwPr<A,32,alphanumericSymbols,201.1
2306,[3Niw^caxvpL=b9$9x^qKxD^qy!AWYn{,32,alphanumericSymbols,201.1
2307,^meT#Vtd>9$Ex_J<AxW$}:Xk9rfzJwZP,32,alphanumericSymbols,201.1
2308,.c~sy>4T+yW#]{~y<72qRgt(Je{L</Fh,32,alphanumericSymbols,201.1
2309,~r}E@hE*}VK_u:svu7>L/><P!NTz#2<3,32,alphanumericSymbols,201.1
2310,!|ZruEbvdp?Rx2ZHqCZFA?dfxV-;&@@E,32,alphanumericSymbols,201.1
2311,Kti)f=/rX7H[>tJ>xVuF7pc-:UchLy<),32,alphanumericSymbols,201.1
2312,"}[9%dVM(%wF_;ry3>=sKXxw,N$#FvsXx",32,alphanumericSymbols,201.1
2313,"^N#=DfyH&/V$4wATN9=4#s$piC/W,yRF",32,alphanumericSymbols,201.1
2314,"WMWq~A;QpJpF9M4h,P4eCsqH&2#xd$/_",32,alphanumericSymbols,201.1
2315,ktwsfnm3=)X-+PmKR:(F$W;xqTmMMqvd,32,alphanumericSymbols,201.1
2316,"@;p;|N(*uFP&Uch>j)Lp%<,W^]PeQyiz",32,alphanumericSymbols,201.1
2317,~UV~R<Akz.{.-~4efJ=D)Avk#>TUVJd2,32,alphanumericSymbols,201.1
2318,amy_J_x$!htQkwp&U.!rX:dMXK-HrgWc,32,alphanumericSymbols,201.1
2319,-q.]xV/b|dX*KAE:R*d^=u}C9{D=<Vc@,32,alphanumericSymbols,201.1
2320,j(LNjC3WY/KE>}e.)wR.td)pDdd3xQpF,32,alphanumericSymbols,201.1
2321,Qn.&9r2a+%X_a>N)4@~kZn.AWgEfE[%r,32,alphanumericSymbols,201.1
2322,>9}R>z*PNVK[EX<f*yYDXAp]7_ED<^?.,32,alphanumericSymbols,201.1
2323,R{]N9Ee_%D$:c@9/}f@_]F[>>9Q)-:<[,32,alphanumericSymbols,201.1
2324,"p=7}jj@pH{VP?ZD?gTQ-:$+iQfY},d-X",32,alphanumericSymbols,201.1
2325,"XT[.CL/db@xn{e_&:Z&yjh{cE</-[J,7",32,alphanumericSymbols,201.1
2326,"Q[ELqW,gFtgp)p7JKT*.W9~CA}3h-9rA",32,alphanumericSymbols,201.1
2327,vUr%^sWh<g]P$JdT9hjW)HbigKZcAv!d,32,alphanumericSymbols,201.1
2328,-^e#b#=#!djdk_)?43|kPei/mp<dhU%4,32,alphanumericSymbols,201.1
2329,TT>jrpV+++a7n(-D|4Hxa3-&&g4jM4*-,32,alphanumericSymbols,201.1
2330,!WjVHb(?e)dZ4tW;E<>?|kezZ[b?^@ZC,32,alphanumericSymbols,201.1
2331,.$/Za.KU~$^@nb+cM$kWUkz+WHzR^Jyb,32,alphanumericSymbols,201.1
2332,$y7K2eTr^e/*/xdnbvzQdfyeuWre+[a9,32,alphanumericSymbols,201.1
2333,"-gM@%T~zXq[/ZL[q}}w?r)K~Z~),EM^_",32,alphanumericSymbols,201.1
2334,Hszw{wyH.4$DexM?P}UjpW}=+e.$h}Ti,32,alphanumericSymbols,201.1
2335,ic)k]KCeiA*$L{r>Mb&nF.R-Ab:*;gkM,32,alphanumericSymbols,201.1
2336,{&$TEy-7mV_t9@PQ[|[aTQh2K/7zCKe(,32,alphanumericSymbols,201.1
2337,EPzz(Vg.:K$-p*vp7X=]k:R}q#=CgfRt,32,alphanumericSymbols,201.1
2338,"@dq|nmsD*(Y*4c~4E,+;PnMbzARxL/<p",32,alphanumericSymbols,201.1
2339,2U&9VR34qHPn}!=L@.j#iy.s7]isH2}N,32,alphanumericSymbols,201.1
2340,U<pt[U$zc){</]RUcmA{ZEz?3:Cc+QqL,32,alphanumericSymbols,201.1
2341,mUKg@MNhzgkcdmcPhUn{?DpxKi*b|dP@,32,alphanumericSymbols,201.1
2342,tx&sJ9-xvA94=r.E?s>w_{:p:3P$}jDY,32,alphanumericSymbols,201.1
2343,":Mu72:bb~U>e-Mf+mb7gWR.|t#,y#N~j",32,alphanumericSymbols,201.1
2344,XHspEmzvpqQuVj&!;[d|hHCm]HxYLLw),32,alphanumericSymbols,201.1
2345,Qqqa=;_x$!^sax4h{@N+L*)f7h[U2zJg,32,alphanumericSymbols,201.1
2346,"|*Q=%>qA_,=YL,?M%Q-z$akrT.<L$tXE",32,alphanumericSymbols,201.1
2347,d%=g.u:bbjXxMhp!NjyAR_m.rwU7jEjT,32,alphanumericSymbols,201.1
2348,",)]3)E:UxdvaFVA,*mP@)mCiv)~<yetv",32,alphanumericSymbols,201.1
2349,>Uf/h~|_(hqzmC?T:4_hD<Z9DhX;%+!M,32,alphanumericSymbols,201.1
2350,mQxmnK4rpvzV[b|XNTJ!D@qMky!mL^La,32,alphanumericSymbols,201.1
2351,{+YJ&=YhQ>F#4L$C?NsN3F[<zv|@{&be,32,alphanumericSymbols,201.1
2352,"]TeQ,abHdE@/_F$Tq-#;T!!HQHz/t.%b",32,alphanumericSymbols,201.1
2353,"TM{rhsE*U]a)a^k);P(nVd?]}dJmJw,L",32,alphanumericSymbols,201.1
2354,AxDuvg@t|Q}C2RKcU77v7(~qD?$fwNkg,32,alphanumericSymbols,201.1
2355,bK/k^LwTt}3Jp4<q&:QbY+_p!A<u>9)!,32,alphanumericSymbols,201.1
2356,"tadJ4C3)pfKP@Hin7Vyzv/,k.*p,2tWF",32,alphanumericSymbols,201.1
2357,k4U9$;KjVp?RwYmFDg>(=QYHWng2{eDh,32,alphanumericSymbols,201.1
2358,g}E>D4ng!x22fyfw:Md}P?AwN%=L[Cqc,32,alphanumericSymbols,201.1
2359,LYV%4dv2p~UfCPqW+te/)+?pYu*ugb@_,32,alphanumericSymbols,201.1
2360,")j{zaQR>X*z|y(z/?YC<_*Ra}su,4bAm",32,alphanumericSymbols,201.1
2361,"VkH:(nJ>3R?]>i>![~CC=4|!.^Un,/%#",32,alphanumericSymbols,201.1
2362,"AE_<JNt!WxF;~){MqH}Z,pXrU[UhM/d!",32,alphanumericSymbols,201.1
2363,!=?W&Nma=ssK{c%aJ;t}zJrq/#yC@|WU,32,alphanumericSymbols,201.1
2364,Xk~c/yWK(nL;Wx--Z4>wf2MYAa@=@_vC,32,alphanumericSymbols,201.1
2365,?CA|jZL!re3DWK3dq/}-vEPtv7D4LZ/h,32,alphanumericSymbols,201.1
2366,:&$i-M3F]h$fxK]2.}3itLm-W>MqP:yf,32,alphanumericSymbols,201.1
2367,{j)Dj?_dywF/-/{./gg?bX(is?Aswm+{,32,alphanumericSymbols,201.1
2368,"D<ecVZR3a{eF;:?,YLXT!.YZX%z(P4]K",32,alphanumericSymbols,201.1
2369,{#nfPk<xzKXXT[~~Q<H3t^pVaW!Q}CE%,32,alphanumericSymbols,201.1
2370,Dc!r~_i9}w$imP#-mQ*pWg)4}b&*fHEn,32,alphanumericSymbols,201.1
2371,/RDKL%tW.Ps7Ku!q>a&h>7Jg7gH[M[mw,32,alphanumericSymbols,201.1
2372,9_)hi/j%.F?WeH%zb%]H[#+=q9VU}RDQ,32,alphanumericSymbols,201.1
2373,"wL^YTQ(E@,D*P}W|^hbu$3;fw>wYD+Tv",32,alphanumericSymbols,201.1
2374,3n&+Ufp|xT{{AnCjM;</g-;dbpp<!m]f,32,alphanumericSymbols,201.1
2375,?eC7xfwmZ[b2v-gyP>3(zK|CHn^*y)+H,32,alphanumericSymbols,201.1
2376,t|hevq=NrpVQ/}iHaYeUd;WWpH+YH|=s,32,alphanumericSymbols,201.1
2377,"#M@7;^EmPw2C&}mVJ@>p^Xz4!,gx[k7h",32,alphanumericSymbols,201.1
2378,"g[.9.c,tWqucLF;2P-evwV|]WAE@=qeh",32,alphanumericSymbols,201.1
2379,wzPr(H}hJxe%j<%2F@wk%iC?+[iu*2X|,32,alphanumericSymbols,201.1
2380,"A-q[z_|vQ=4]j_7,gDDq)vNXMm=h//sK",32,alphanumericSymbols,201.1
2381,"-XJhVKat,@-g4tPCsv3Rf@ai!wa}jxMb",32,alphanumericSymbols,201.1
2382,"~!EWLRhDWt[].H:*&dCM9@sRP&F,wR<R",32,alphanumericSymbols,201.1
2383,"W@mxi,bZ>M?v^dRkY=?A9TR*}heE@.(u",32,alphanumericSymbols,201.1
2384,Jq7ch*yUA_2i3H&zJz{%Vnq}9m~d7~<$,32,alphanumericSymbols,201.1
2385,">j.A,tcd<uDyP3(=,a:)J![i)=2E(hKD",32,alphanumericSymbols,201.1
2386,j=r(X@&9}~@HmFyL>)P?THAk2VJ<Qj~2,32,alphanumericSymbols,201.1
2387,tmd*2b+&j}Q--JtkUg{MmW<+7)JW{vCn,32,alphanumericSymbols,201.1
2388,&m3[nt=Q+#bhJv+{}v|VanJCRNy{[k|#,32,alphanumericSymbols,201.1
2389,"|<Mb!:2d,|vb32xD)*DTCp~+nA|+~-nP",32,alphanumericSymbols,201.1
2390,"A&/))s%bbEP;r:4dh:3NwqzNZ@n,PYQV",32,alphanumericSymbols,201.1
2391,"wKjkKy$9qb?m]Kt3rfuY.^*;C,jRbxL4",32,alphanumericSymbols,201.1
2392,2~F#(MU[R=iyV=x:JhZWuJLL*ay%4hms,32,alphanumericSymbols,201.1
2393,w3vqQm<y%Mt&rLw9pFhw~atH%z_qiWh#,32,alphanumericSymbols,201.1
2394,"/{,C&(L!?Ci{HnNjMVui9jLqbx(qa#H-",32,alphanumericSymbols,201.1
2395,"7v%J^^-bi|F<2fpMc,(iyaNt+<R7<Yi#",32,alphanumericSymbols,201.1
2396,E@hPL(X*n)<x=sd}P[h?FEE;~eXgC{bW,32,alphanumericSymbols,201.1
2397,"XgE+J]YJ-[wzYbTkJL[,buvHXyv&$UfC",32,alphanumericSymbols,201.1
2398,tHh[mh_MsAy@bvVc={u;bmRQu~j{iQ2Q,32,alphanumericSymbols,201.1
2399,e{tTNn$vqutK]f(CguFaT~ndF/:E_)}b,32,alphanumericSymbols,201.1
2400,"&diZ3qZ}H|U392?k,V%>$v#ws*(K+sdQ",32,alphanumericSymbols,201.1
2401,;_^txj-E/ua++H_TJ+ka2j.=A=na-gCn,32,alphanumericSymbols,201.1
2402,"qhW~HUhVL#9bvf<f,hs;*%mAtq4_eJKb",32,alphanumericSymbols,201.1
2403,=QF=Q)<C*hyNA^7t*wvd-/%K}>saju%s,32,alphanumericSymbols,201.1
2404,D%p9w%fn_cWPJ[=WHQfXPVH$VkUUg#D%,32,alphanumericSymbols,201.1
2405,"7;&v>N&AEU,.YAk;NnP*3j)eAVRu=$|{",32,alphanumericSymbols,201.1
2406,W|>D7[U4n2s({qv^u#U$v~fbN>zpR+W*,32,alphanumericSymbols,201.1
2407,C(C4aMf9.PK=-*F$Y9rfHn~*sbN}U?ZY,32,alphanumericSymbols,201.1
2408,"|?z/JsHmCA#(,-!hENyiDPx_V(s|:%=n",32,alphanumericSymbols,201.1
2409,")ViPu!dDECz{n_m&z#iz,bV{U{r4F>9f",32,alphanumericSymbols,201.1
2410,[pVFYgaK~3ub+2gfEYF~*7NW/[!W}HzZ,32,alphanumericSymbols,201.1
2411,"@RQFH^#ytN4X?K^sjuutJ&@p7ij4<,9<",32,alphanumericSymbols,201.1
2412,{-PE>s)>@;jXimJ&$pXh#ussEmQL|(}j,32,alphanumericSymbols,201.1
2413,"[7(vRRUiZ2%Vg,h-Y-H~,]PFb{MWdQW9",32,alphanumericSymbols,201.1
2414,"V$CAHfuDK-L[|~xmr%PP~Ah,_eRt~/N+",32,alphanumericSymbols,201.1
2415,/WhzzrV+2/+.2g<MYsi:g3P4ydQZU*T7,32,alphanumericSymbols,201.1
2416,ErRc~CAjq^/d3cw{-9ph@Pwv_MwvnWa.,32,alphanumericSymbols,201.1
2417,+e|g;;)b%qkn)!V|h~U3e;m@dpj2}YNn,32,alphanumericSymbols,201.1
2418,N=&NgT:&)>}7eiayj9|MH;mz[L[qE}*p,32,alphanumericSymbols,201.1
2419,ED/PY*)drdP2g&?K{iZj&gw)P9hJ]gp=,32,alphanumericSymbols,201.1
2420,",z9[y[r4/fLEy3:pU@p[.&EQW3|UA)?p",32,alphanumericSymbols,201.1
2421,"^,QDkr[Kudfz4J{Z3m;TW$%i??4m@q*4",32,alphanumericSymbols,201.1
2422,"yEP,mZbPDa}nv$K2P,Y9=ErJKEd43$eE",32,alphanumericSymbols,201.1
2423,"t?@TH_sQEy<~,-zE4a2e3!thk^<4]Mk<",32,alphanumericSymbols,201.1
2424,"ry<|Rc+7zH&$KstTQYvr,3p@q[q:DZk-",32,alphanumericSymbols,201.1
2425,"yi#K3H_d+[[u,Y/$R;3YV2P=gXdE{EV~",32,alphanumericSymbols,201.1
2426,"!Tj]m[-^JjkHXZhC?qttsf,&m,j)w?Eg",32,alphanumericSymbols,201.1
2427,"QWe@3+Q>3^=:E7:hsX#y|M,TFzqTd4Up",32,alphanumericSymbols,201.1
2428,J#/#qxd@-p[~:gxXuM?.K3:Yt:KMjE^;,32,alphanumericSymbols,201.1
2429,hDsJHkQ#y+bfhJ~>$[_%7e<]Qv4w[WMC,32,alphanumericSymbols,201.1
2430,#~bmL)ff:eixt.yKseeeP;?#dYkE/zbU,32,alphanumericSymbols,201.1
2431,rJt/p@hX3hdC?!_Hwb^%/bvj$|a+]K$9,32,alphanumericSymbols,201.1
2432,=md%M.CgU[{_mjdE?F]NiLj3wqk4Xswr,32,alphanumericSymbols,201.1
2433,DfwPh]p<).DLHq_W2+%Q_h.7(_j_^%3{,32,alphanumericSymbols,201.1
2434,zPQkh{Us-+{/e$A2>^/NmsAvR<b}Ve/T,32,alphanumericSymbols,201.1
2435,]wE^#tANKLzq!z#3R=F#CdNW$@.zvJQ2,32,alphanumericSymbols,201.1
2436,C_|ANhRiigQJz_:]Z~=c<R(Ky.KWt+X:,32,alphanumericSymbols,201.1
2437,uRp/ct2|4<Vf&_baqa$(yje/3_(!r9==,32,alphanumericSymbols,201.1
2438,b!w#N#ZHz(:dZ[*Qy<&b>4Q|3cd>ii(V,32,alphanumericSymbols,201.1
2439,RV~@({Wa}t}#m*!YDQ.!kv}Q~!/YH|_h,32,alphanumericSymbols,201.1
2440,"u?REQk$,DXeCZuc,q^m.NjJ>e3UCW{jC",32,alphanumericSymbols,201.1
2441,"vP%jD{<v+9{yv]dA@qVXi,|^$h/%,ZaK",32,alphanumericSymbols,201.1
2442,R#9e.ip)L_>/YU9C%:DjN:sQAZ:r]Ne>,32,alphanumericSymbols,201.1
2443,"y)Vekg%cp,[Cv%)Nc?X|(-UEf{$wcwaK",32,alphanumericSymbols,201.1
2444,"yEsW*W:FfFu-MN#vwV:DX,n*7:$@2h?_",32,alphanumericSymbols,201.1
2445,<RKk9{T@]h|*^#y*Ug#Y^HiK~2J>xdh?,32,alphanumericSymbols,201.1
2446,nyq@#;cpYkmJrXY9x.k&{m/n;&Lm$wkK,32,alphanumericSymbols,201.1
2447,y&Jksn@Zb=gs4PEQFJF%c$(4f$)/A|)i,32,alphanumericSymbols,201.1
2448,7!F>2mxwbJ)*V>(XxqYDWtDkdC4}[:g9,32,alphanumericSymbols,201.1
2449,$#%fY{(:Fx@:Vqs-3A*+g>)MfAFVH^MM,32,alphanumericSymbols,201.1
2450,rUmHkWk<FmvNgTZvNkVqWCv]qrJimfHc,32,alphanumericSymbols,201.1
2451,V@F{rL?}}(#s3]UQ{R|YzC3PsM}LnNps,32,alphanumericSymbols,201.1
2452,iW3_Zgc-/2bM.%;mpiDRtCL^bKk+M*b#,32,alphanumericSymbols,201.1
2453,"y>dUiKb;VWXZ,Lr-^Xg9P]hdsMaRsr}~",32,alphanumericSymbols,201.1
2454,"TRNAkDC<,/XZZsU&KkiXV<UNhv&Ni2EJ",32,alphanumericSymbols,201.1
2455,u|]TARMhruVZ^w#z*khi*sN..%WfAZJ|,32,alphanumericSymbols,201.1
2456,r^|}!_P{tEq_W<L/^FzfEHm|A!bbi~v(,32,alphanumericSymbols,201.1
2457,}C#4)LY-^fTvVAg;^FA##>~Kr(szAUHs,32,alphanumericSymbols,201.1
2458,+euzK.[KH:uHXP^jrXaY(9j%s;HqmLRn,32,alphanumericSymbols,201.1
2459,"wVrRDU<A_w[=i(DiV:m2i#Hr9s/Ry**,",32,alphanumericSymbols,201.1
2460,"wH$QyLp,*,zpa:hn]{WkVfiW&7mJy+Pm",32,alphanumericSymbols,201.1
2461,f%N>QF&>#[ET=@h$)im(JLQmvc7(>yL7,32,alphanumericSymbols,201.1
2462,)7uxZF=7|j/uqDUu2x7d=DXXWH&Ca[j=,32,alphanumericSymbols,201.1
2463,L!~w3+Ze3=c3:WM%$Cg~RK.7U~[*y/w:,32,alphanumericSymbols,201.1
2464,")]2aNt*tJ>RbikfMyhr~_D<sy2jW<qj,",32,alphanumericSymbols,201.1
2465,XCfAvH|&;FYZyhLXwsCR:}DRKgR]2!qa,32,alphanumericSymbols,201.1
2466,NPTT|#;sp|tYPJ@4}tED@qk:r/PR3tA?,32,alphanumericSymbols,201.1
2467,"4mF~$3wm?XZ,:b#2=MyD^Qv9QQaf/q3^",32,alphanumericSymbols,201.1
2468,a%C2;^MFua_P@Zr[EUX4$(WKH=[iRVzH,32,alphanumericSymbols,201.1
2469,";7]$efWH~#H~2/&dK]:m;v!;3LHi,_+A",32,alphanumericSymbols,201.1
2470,.D.2@A]ng(+r*b;{DDn=U@@y4%).<.A@,32,alphanumericSymbols,201.1
2471,T&4+@(PM|K^X@z+ZW/X(m&p[cfniR;^7,32,alphanumericSymbols,201.1
2472,CM^Jb9Zu33~]qX;nZV@QsrH$>b$RcPcq,32,alphanumericSymbols,201.1
2473,";./NRs(yt%NR(7,,>$Du-%xpApmReQjN",32,alphanumericSymbols,201.1
2474,^js)JDb-v{FV/99=_Da$U}XqkAvcP@(;,32,alphanumericSymbols,201.1
2475,"yT@Wed@k/~^||x9&k<cv,tPKpC3yHDiC",32,alphanumericSymbols,201.1
2476,+k<Q^->W]m?y3#!s@-|)HAie=Va$h|d%,32,alphanumericSymbols,201.1
2477,a-M#nu)&wshtz>.uRhA)r%p4N[!]cMa=,32,alphanumericSymbols,201.1
2478,R7Yk}?i<_t:HR@Tygd*{XDP|Zk)!x7Z[,32,alphanumericSymbols,201.1
2479,])*!mX@ZV)KAwkpNcP@9;W?&Nhtm<Z/t,32,alphanumericSymbols,201.1
2480,]{!4w9w:R>KCD=DW3_9+EknkgtJu>hk@,32,alphanumericSymbols,201.1
2481,bg;#Cn$2A2k~a:vdqmts~W9KC](Yzpme,32,alphanumericSymbols,201.1
2482,WxKaJskF(R>rn<:Vd?if9#z#rZmp/~MU,32,alphanumericSymbols,201.1
2483,>;jDUe*U]?*9&Mm(xrR{;U9~LtRjnhV4,32,alphanumericSymbols,201.1
2484,u*jL]}HTA4*pFfbi7!zAbTVH!)s%&NZe,32,alphanumericSymbols,201.1
2485,$~7[P@QE|UK^/i^r$VhMY%^xst=m>;]|,32,alphanumericSymbols,201.1
2486,KtDzZUb3<^$:}K?X-NaVj?(H}|2CgR>$,32,alphanumericSymbols,201.1
2487,":qJY-P#sF@^N7.H^ZzE(<,}iL,_u<4Km",32,alphanumericSymbols,201.1
2488,"+qXNH[H/e.@p@fMRbD(,fzp=mgW%K4>a",32,alphanumericSymbols,201.1
2489,c4buy]ZnaLMn#/7KLYu*f|Va!j?dQ#;4,32,alphanumericSymbols,201.1
2490,"@en$hHqQ{myk^9ipa=&.Wey,-YV*_h@t",32,alphanumericSymbols,201.1
2491,*T=KV3v/))d*Fm<[x<|j&*z3|^|ReKFN,32,alphanumericSymbols,201.1
2492,>.~UxMaDts=fkYV~a][;r+P[YKVsKEf;,32,alphanumericSymbols,201.1
2493,"E^J:(&!e-}a2V9V,yC)4zU-@wwcskgFA",32,alphanumericSymbols,201.1
2494,vy=Qgk^Arej:)w_}Yg4?LPaKykp[4WjL,32,alphanumericSymbols,201.1
2495,i_)s}7m;iznEKd?/@*?Pf>jiDNs$%XW~,32,alphanumericSymbols,201.1
2496,"aiHt[h?n{]|q%UjuFK,qMdR[.k%$K&fm",32,alphanumericSymbols,201.1
2497,z3^s(vDhX|^49vt$4<u;)x]~Kus@=+$y,32,alphanumericSymbols,201.1
2498,7vHLwQtPm9=:3nm>__]D]ixtv|Ps_sz:,32,alphanumericSymbols,201.1
2499,wiEHQ];@|.CP~|A_UTkRE-V/<AX}ZXYk,32,alphanumericSymbols,201.1
2500,"v2M&Q$3*4/M,q?34xa.Pz;|P{LfJv-!x",32,alphanumericSymbols,201.1
2501,s.kzw=RKrLvdhdk2uU?4]%a&4j7J!<^j,32,alphanumericSymbols,201.1
2502,$d<Ydja^=4ZJg}/~m=f~K}YqKH=3eJby,32,alphanumericSymbols,201.1
2503,FbeKgMvcHyd$.a4Hn?K[NjyN&Cj7P3&U,32,alphanumericSymbols,201.1
2504,"=AjZV|U/j|m_Li-&Kv}kah!#<{@)%,VT",32,alphanumericSymbols,201.1
2505,"DRuYq+&^Y}t}X[i_s+nU<WQygxxt,zA[",32,alphanumericSymbols,201.1
2506,!+D^a|vi}R/Yje&n:ibgF#^k$df[;uW},32,alphanumericSymbols,201.1
2507,(mj.M&_:/2>}h=ft#F(xnrz>9[A^%&Qi,32,alphanumericSymbols,201.1
2508,$jv}@9%Ns]ykbMw-?p:P?}wcimC.~9Yk,32,alphanumericSymbols,201.1
2509,"/^VkXh?dhhaM;Y3q,Nk/RUK)!dpr!>u,",32,alphanumericSymbols,201.1
2510,Y{r4x]b[XYFAFPVH=/Ui?Mi|2/XqK34:,32,alphanumericSymbols,201.1
2511,st+{-3&(Y>/w7#E;F}x;!.*dJ-#fHFYU,32,alphanumericSymbols,201.1
2512,ab=Q(/ndgjM|~CCW!/EWTxwkFJ&sE?A/,32,alphanumericSymbols,201.1
2513,=nt()PN<.]R-%WL+tWng.MTv9JyY[N~$,32,alphanumericSymbols,201.1
2514,"tm#$Hh,w,#z3XmkK_#:a!N-j+bMbY;DU",32,alphanumericSymbols,201.1
2515,7eDP#>kQbMmmnV~2rc+~V=Ni3.q@|(M;,32,alphanumericSymbols,201.1
2516,"&}RkD~vtJ;2c<Y::w]4+|$(jNFL,.&_H",32,alphanumericSymbols,201.1
2517,"d|?UW<a<b}](~uD)z|La<,p#WRK;A:YM",32,alphanumericSymbols,201.1
2518,Jc~=|P[jwR*v^?H#u/%xHHn^R?uN2(!N,32,alphanumericSymbols,201.1
2519,"Rt!d}&^AL=*Q?%cEY[?C%+zYAdQ-@/P,",32,alphanumericSymbols,201.1
2520,^U&~*Ew[UeqL]e}?^&3[e;{mFZ3@J%NQ,32,alphanumericSymbols,201.1
2521,",~jc[NiL^V7^},%c^F-!n7wKUM|Jt*2~",32,alphanumericSymbols,201.1
2522,_}-eRhwnzCXiTu<(_/}kTex~d)jhE-+C,32,alphanumericSymbols,201.1
2523,|Z/Wq22R;(Xu#HRK#h2*nMWQ%Ndvn:r|,32,alphanumericSymbols,201.1
2524,!%9F)Jv.WJ2tkwW.s@c2yUA!}u+4<Js7,32,alphanumericSymbols,201.1
2525,Jj7|UZMRrwa!}+gFi9C}C).{}x9iC=:?,32,alphanumericSymbols,201.1
2526,?pz<(cH7LTV4*&kJi_j:[@;ykw(tvZcV,32,alphanumericSymbols,201.1
2527,:4$$TJE>?Yn9vHs)jww?ELEn_^idJgf{,32,alphanumericSymbols,201.1
2528,yPj2TrQu*cag4#~T@e9--;aJ!RU]?n.r,32,alphanumericSymbols,201.1
2529,>LLu%EieDC_bhc]Dm:-z^m}meH>s-4vf,32,alphanumericSymbols,201.1
2530,"mv@T<3%p=Jr,;,/Rs)E+A>c*w=3j+|YF",32,alphanumericSymbols,201.1
2531,Q=Dp%=@sf)L2b~[D9NbpcRrcE~y2H/[],32,alphanumericSymbols,201.1
2532,"~dTVKpMabxtE._QtZ}d,c?f=]?hDnq7x",32,alphanumericSymbols,201.1
2533,"&},pN*vX^a(sTQ~9N9}j7qt9bXz}2K#t",32,alphanumericSymbols,201.1
2534,"}<gKg;PCeN,!t(7w&QJnCKu@qPHTYLuJ",32,alphanumericSymbols,201.1
2535,"w<f!Tz]wV#Rc@,R.}(^H;D^/$_hZRW-r",32,alphanumericSymbols,201.1
2536,!rWp9{*mu;jUP]*3f.P(jzirkkJPHxcU,32,alphanumericSymbols,201.1
2537,hu<Nw^<+vk~RQX(cC=Art<|*TvR|Vp%K,32,alphanumericSymbols,201.1
2538,?*Z}*ggKFwgW)P;)pW}_#U+&&W)c=M.E,32,alphanumericSymbols,201.1
2539,")yLAbYVwdv(;fnFm3Q-V|JV,T!r?=YFT",32,alphanumericSymbols,201.1
2540,"R;WY}ba{|HvW)]W2,q;pAm9%.h[,rAH>",32,alphanumericSymbols,201.1
2541,"YiLX:eiM[q=4,RYJ!|n9nmU~bH9.yHP#",32,alphanumericSymbols,201.1
2542,={b>3Y2i|^T^jb_YR:nHU>uaweT:Q3A$,32,alphanumericSymbols,201.1
2543,hXcHnc:AcUX[Q.b4%_f9<#m~[4(-Ukkh,32,alphanumericSymbols,201.1
2544,YnzdwFFss2~txwwy$fh/w9k!<Zb/K/z^,32,alphanumericSymbols,201.1
2545,ugTac!N.w]qzP*e-qpjM%Aq!-~jkCsCk,32,alphanumericSymbols,201.1
2546,<~@]uK>JMH]P>Pr4|ZVtN3p)i2)_s;!h,32,alphanumericSymbols,201.1
2547,2-]+._.D_E?WVaQzj&M+|vku#3Ziqt%],32,alphanumericSymbols,201.1
2548,/iKryf+g}N^K*Qc~#~fh]xa_-ZZL%4_*,32,alphanumericSymbols,201.1
2549,"E$AxC}7|PkW*sJQ:s?|usbr/7}{9,#Qu",32,alphanumericSymbols,201.1
2550,v$qbk4}[&b>beX*jx(ZRyL2AeD-#)x*a,32,alphanumericSymbols,201.1
2551,"xC39yq;7??TeV,?-Fp%/i.@RhH*^-ppH",32,alphanumericSymbols,201.1
2552,TCn!{_-&yH_L.iQ{~aDFn<={[vUJ{[jy,32,alphanumericSymbols,201.1
2553,".amr=!^-dN,U@R|z2#MbP)cEL-J_2[3{",32,alphanumericSymbols,201.1
2554,xkTuA/A+t]es.C(:!cft!wjeD_#-%F+q,32,alphanumericSymbols,201.1
2555,"e]Wmr;saax~w2Jwe*t,%sLzXt*w^e2yK",32,alphanumericSymbols,201.1
2556,"}VE.LZsbJbUt=,?sD=Jb~%r^]#R+Un[2",32,alphanumericSymbols,201.1
2557,(-9k]tUgy?@+=W3FXXDY=uDe~U$g+=Wn,32,alphanumericSymbols,201.1
2558,>ZR]9H/^puZy;(aJ(%2JY:.+bAKWh4(J,32,alphanumericSymbols,201.1
2559,"2,wi<kxV>&+]$|aHxuH^*X-:&W!L^J{3",32,alphanumericSymbols,201.1
2560,"v|x_LcrYLM4Js,FyM4)|Jt;H^%;@DP]F",32,alphanumericSymbols,201.1
2561,>@n=}R7.nDhT|d?Cvg&ebpeM^Cf99D&F,32,alphanumericSymbols,201.1
2562,*wP!7(vAb{x[tV*+fH!zTE)g*WKQ}%v/,32,alphanumericSymbols,201.1
2563,"<&3>d%a[MmwvziVq7eHEfat[(AnR,YZH",32,alphanumericSymbols,201.1
2564,",#_9c2>Q,+j$-&-x/+Fw<-HRh-(%|=D^",32,alphanumericSymbols,201.1
2565,$9f9?kvx4Xfs)U%}9T>3CFTQ4V^/+%3D,32,alphanumericSymbols,201.1
2566,"hu^3kCz,giQ/[)FhcCQ{av)k3-E=Nu-&",32,alphanumericSymbols,201.1
2567,L-rTz.&RD|XU%U3jufPKX.X[Y=W$:#<h,32,alphanumericSymbols,201.1
2568,"-A,!axXtap^;a{tbxv@D?Fh3kEDn!#zU",32,alphanumericSymbols,201.1
2569,frnie:7N~3v<ss[=<nYE3Z-DsJ)P)!^L,32,alphanumericSymbols,201.1
2570,"nM.v=:pnh;wdg7g-,{^?K&Rivky|Dy%Q",32,alphanumericSymbols,201.1
2571,k@F@v)-rsm-U%p@A)e.j:%Z9[Wzc/KiD,32,alphanumericSymbols,201.1
2572,"P<,.XCCJ;ta-y&kTN&;7D;-kWc7N:nn|",32,alphanumericSymbols,201.1
2573,^>iNuPsg#Q%X=Z*mN:VUe;w.K#eFEE&w,32,alphanumericSymbols,201.1
2574,g;4?Tbi>+/|RQa/is_djN/&4{+*mNv4V,32,alphanumericSymbols,201.1
2575,"A7anV~7UyAz;cZ</x~32P9CL;,3r@v+(",32,alphanumericSymbols,201.1
2576,"(A9{/jeCg|,iy#v)@=t-g4]dbT#D=cw|",32,alphanumericSymbols,201.1
2577,"k-Q+F|<,.xu}QYhPL<Q,,iRy$FD4}$si",32,alphanumericSymbols,201.1
2578,Yi~~>;h&yP9bh)pEQx[F[;C/7/{)R<*z,32,alphanumericSymbols,201.1
2579,A[|w[^Fjji==LnE?ZdF?&fw~*FWPuX(E,32,alphanumericSymbols,201.1
2580,"Uutdu4t2aNE)pR(;Q#pvc(X~CUwWXh,V",32,alphanumericSymbols,201.1
2581,"~Kk)Ecw>}p*M+DKJ[>)bf.m*-@PNK,v$",32,alphanumericSymbols,201.1
2582,"M_;r}(hr.9-UTJn,4^/_yL@u<<f~z&f.",32,alphanumericSymbols,201.1
2583,tcJqPKzZ_:PN$uR|*d*|(WZJ)=bkw<jn,32,alphanumericSymbols,201.1
2584,"hb&.U%R7E/=kfryp_/|z9^rL_Qc|pM],",32,alphanumericSymbols,201.1
2585,"kf4d&<qe..+(-]$w!jy?avLkpncgA,4f",32,alphanumericSymbols,201.1
2586,jQcE/Rv^Tpd7d~#F|9P3eNH$>Fs^REH:,32,alphanumericSymbols,201.1
2587,^?E-!h$ij3j>f7yH7eCp<3Xwn(Y%CCL{,32,alphanumericSymbols,201.1
2588,K>{Mgp=zyjkJku#4/q;#y]EMpqNCpVe*,32,alphanumericSymbols,201.1
2589,&NyneVFp^H?pVEk]VbRp/iP}c!2?-?$y,32,alphanumericSymbols,201.1
2590,kkNt/VfF=(vK<-wRQdn2Aek|^gh^d74H,32,alphanumericSymbols,201.1
2591,rbQR%2:%->?D*f(n#YV_)/Pypasx;-EN,32,alphanumericSymbols,201.1
2592,QzKamDH]Fxv:AHzs*P[*?uc3[:Kd4#%!,32,alphanumericSymbols,201.1
2593,UEwuw*_|atwYzE:)}hxX>c>--_[x$q|F,32,alphanumericSymbols,201.1
2594,"x4LPJ[fj}Zzn<bWLH*9[,>x@_r]@$$Rv",32,alphanumericSymbols,201.1
2595,"TmiYRFXC^&|ZtpF9TuvD*+=(PkgWT,,b",32,alphanumericSymbols,201.1
2596,"~KAD_}&p!jf%.f,f9Fh~?FMiPsFU32px",32,alphanumericSymbols,201.1
2597,])f#v}vq]efn}X?))Eu^}?uHqQ=c)^4x,32,alphanumericSymbols,201.1
2598,"aR/m)h$McP&VzC2YCU4r[u#+D^-t],>9",32,alphanumericSymbols,201.1
2599,"fiD>Qz,,y@vLWu=ExtE[Wc^wWj}bZCz+",32,alphanumericSymbols,201.1
2600,"g:3,.aQdUt!$)h>X4|pZPCE,9nr,U-/:",32,alphanumericSymbols,201.1
2601,"$<wghj4LsPghdf,PPgf^H27,fsL4X{;2",32,alphanumericSymbols,201.1
2602,"Vh]3?-,H,+F4bD&_P2qwC+>Z=UZHdP%h",32,alphanumericSymbols,201.1
2603,3<(aW.M=Kcx}J-.>%>Rys=r7<weXfkw;,32,alphanumericSymbols,201.1
2604,cYE:H}D|+f#9QjgYT_:*~xPQ*PyVRn9C,32,alphanumericSymbols,201.1
2605,uu:PYy?sR$AN@/*%4=z=[}Yf%(9~Hh>|,32,alphanumericSymbols,201.1
2606,dDz(WE^UK4hbs{#h*xarVMMN_>!Y_jve,32,alphanumericSymbols,201.1
2607,fPvKKQrE%:nRh*~[F_Ci:Ex~|sX9uij7,32,alphanumericSymbols,201.1
2608,A<]ZY[[*!ydV#Q[]xk{nRQENFyPHJVkR,32,alphanumericSymbols,201.1
2609,?QR_-wKEs!Vm#_>(-:jH%v-u{~P$;%KR,32,alphanumericSymbols,201.1
2610,K}ndY+QCkvnLiAcq|E~cY/!Kq4.^^fx-,32,alphanumericSymbols,201.1
2611,".E=,*>[><iz[Zk2>z{iJ4Q3EE*VPz{Di",32,alphanumericSymbols,201.1
2612,+Jrf[E<7^_/D^%DC^]R->^Ft=^tM]9n;,32,alphanumericSymbols,201.1
2613,Mh?-@WsVJk(<zH.?)_gx#/yr%WYx=4U*,32,alphanumericSymbols,201.1
2614,"7C/+j^!EA:cgTt*q@DNxpV]i@kUxq,EW",32,alphanumericSymbols,201.1
2615,Lq@D{b;i!rs%&fRb>D*QtN}jnr(Hhc$],32,alphanumericSymbols,201.1
2616,X]V3j{|wmyuL-#H>vs&iFZfaP+|V?PqX,32,alphanumericSymbols,201.1
2617,zZkfMg*.4~:yD9s:7Xpy?3RUF%L[M}V/,32,alphanumericSymbols,201.1
2618,bM4z[nu:[-CpJ_W=}V}j3PJaPXP9F(2h,32,alphanumericSymbols,201.1
2619,"aHxE%Z_c|+=%m!,Q4[D9:h-;?+Hd};;D",32,alphanumericSymbols,201.1
2620,":i!]Ff;.vwC,9Tq>Z2Xa|nV//N%jnCdp",32,alphanumericSymbols,201.1
2621,"}CA${Z$HK3Z7T3=7,wj;%$bR]W$Fsr+:",32,alphanumericSymbols,201.1
2622,v/=W$n:?pm~!y3sN9<DA?g9[cFWuu+Rm,32,alphanumericSymbols,201.1
2623,",REJEFq_~av:uPyV/*M<H;3~LMr[hwj}",32,alphanumericSymbols,201.1
2624,"Vg[)_j,k)tD27r()kDE]^@&U]-w#<sAd",32,alphanumericSymbols,201.1
2625,Rtby.#>UEzQCk[TzsC^Aj^ReK@m7:YXX,32,alphanumericSymbols,201.1
2626,"[m,v3nDFVqqEk[i:&m[%9}&n[r;iH]*:",32,alphanumericSymbols,201.1
2627,R7&?;>eak*Zx&[=FN$?:|qKbwzuN9|~9,32,alphanumericSymbols,201.1
2628,dLvEWA)bR$|.nCgQ:+|_?;2pZ3c{MgV4,32,alphanumericSymbols,201.1
2629,"$),A^#:jH^.#X>RF(fbXp>$t.CKVpN_<",32,alphanumericSymbols,201.1
2630,nsaZYYWM&})^ym(*FzD@_Qt^]dhhcxi),32,alphanumericSymbols,201.1
2631,eWC7E!?&3?_{mTw2bvfs..Hm];g|CK9W,32,alphanumericSymbols,201.1
2632,"Z2J#aYtYHH&u}A%)?Vi.*hz,^)k!p}Yd",32,alphanumericSymbols,201.1
2633,.%p}&Pi;x@?3CvD{;m;H%{cs$i)$/UzK,32,alphanumericSymbols,201.1
2634,PJZag|mf2nJVcfM;cj!/{2$-tMi]Nd&y,32,alphanumericSymbols,201.1
2635,_<rzA~QTFjaedgsr:_Vx}ttsgXdH-V7T,32,alphanumericSymbols,201.1
2636,>#K3R{)&2bH**!}2P<[zVLaazD/aC$+[,32,alphanumericSymbols,201.1
2637,7^x_b2Jyv~A@#v)/j?a(|@.!Wi[!;@_9,32,alphanumericSymbols,201.1
2638,/{njjb44+|&H_V@VcMN:V{cj(n+7&9.q,32,alphanumericSymbols,201.1
2639,e~(;@i^A?&/QnY:nxK>fgb^v<f&q(j~a,32,alphanumericSymbols,201.1
2640,Aj)ptZX|&UJ>jy@%X(y^&:P@si}uEhf},32,alphanumericSymbols,201.1
2641,K~DUxT~z@;$uLrd?R)[PmUk/&_^Qu9rZ,32,alphanumericSymbols,201.1
2642,7zE;A!vH--J97Tm~RXs|AmKp#W{!:c_x,32,alphanumericSymbols,201.1
2643,g2F=>D.dXPe?s<PLR%{#;%Y[P#K;nskK,32,alphanumericSymbols,201.1
2644,"xvCA^qW9i;hw,4_a=Q$4pry.[3+suQ>H",32,alphanumericSymbols,201.1
2645,"JUJ>$nhT~wzWA9wp{3JL7,Nxfu/W=]Pq",32,alphanumericSymbols,201.1
2646,"dtRh?:=EU*#EybXh,hVhaUUmT]!N}$Z_",32,alphanumericSymbols,201.1
2647,jsJA&MC7Dp3(ezd*WLnHQu$2[E)eEUEv,32,alphanumericSymbols,201.1
2648,":r2>x?C,am<L9#)^Nhprc_?4.]<XH7qM",32,alphanumericSymbols,201.1
2649,"XaYLjdM|Q?cEfW|;PW4zhfMR,fNt}z3]",32,alphanumericSymbols,201.1
2650,Wqt]RTu]LJ3PPz?/ZFDZLt(XQc&pH+y~,32,alphanumericSymbols,201.1
2651,z=%JLhj)sN)sgn^}j=z44[qy4$3u#M:E,32,alphanumericSymbols,201.1
2652,4c)/}z.%;pj^;^wK(h2fgw[miVteqvP/,32,alphanumericSymbols,201.1
2653,",{TMHJLykfNny)w,p%ApUZ;&FP.QCjMF",32,alphanumericSymbols,201.1
2654,@$}ce/?Mq*Ky)Q3jMm{}g();z+Kj2iHZ,32,alphanumericSymbols,201.1
2655,%aEe.qXxPYD7=*}w2g7CTwKQXNhsUvVj,32,alphanumericSymbols,201.1
2656,"tXsN2**W},i]9JDt*j7Zse9/;$=~.|c.",32,alphanumericSymbols,201.1
2657,7=@XM*}=P@g^AQPL+=Rdque:CUT7w$Dd,32,alphanumericSymbols,201.1
2658,3x]n;)XCvmUc$nW)wA+PA7avtWgzH=:#,32,alphanumericSymbols,201.1
2659,y7H/?ei>?-pYqkD}~:2tfzE^hN(_>}CV,32,alphanumericSymbols,201.1
2660,H=]#wD=k@ZUbU!FP<Vu;<N32A;cM:va{,32,alphanumericSymbols,201.1
2661,ppQjDK{R_A2rCD(th@t%_rPmw;2(/)w+,32,alphanumericSymbols,201.1
2662,"U_J:VvUyY7gwR<]tnC,}#ZFjfa?AF3>;",32,alphanumericSymbols,201.1
2663,4qtZ]dn*ZMbi4T^h%?(LF;didyY*ETJm,32,alphanumericSymbols,201.1
2664,WX_(^FP/_aYTskR^_7;4(n~>yCdg^ut},32,alphanumericSymbols,201.1
2665,pErFYabnCx[DM/bFu||7(E&$9-[UA*eQ,32,alphanumericSymbols,201.1
2666,"E=p,$xn|ei*=eDm%-M+nUt)&R&bw*Y]j",32,alphanumericSymbols,201.1
2667,"r-U^!ZFV97m(/~Fs,/9dh^R3q_Q$j@xb",32,alphanumericSymbols,201.1
2668,")P@C}k+/q7.<Q:t7$vt!s;{K(,#Hsb~F",32,alphanumericSymbols,201.1
2669,M!g4RvT&piRA[d)Uy]HN|vK#)}kz2uTk,32,alphanumericSymbols,201.1
2670,AVKdMH!fDmtAWm[np+:a4e@~v&#3^#hZ,32,alphanumericSymbols,201.1
2671,:P|sCgdXzixhW)A)Jx3a;WWZkdzyU(A9,32,alphanumericSymbols,201.1
2672,K]TV<FAk>JC%Xu#kti>t2J@>fx#aN=^[,32,alphanumericSymbols,201.1
2673,"d>n^DfM[ku4ew&}:eJp,#[Z+x*4{tsK.",32,alphanumericSymbols,201.1
2674,"$,=n~wv;P/3%)9@=fQ2j/4q-JWfmgJ!,",32,alphanumericSymbols,201.1
2675,&~3QUn[N^nZcMAf&?)F/|p&Lx*/b>JHH,32,alphanumericSymbols,201.1
2676,"PVf&*Y>^]H_Qd&XnH4i!&J,)%U,ECKW2",32,alphanumericSymbols,201.1
2677,.Tw@]<FdshcVv?da3F&;RT$kN-M{vH.;,32,alphanumericSymbols,201.1
2678,4%F&e>Wa#bYsTT;YtupiP?dEgYiUDivN,32,alphanumericSymbols,201.1
2679,V-pFC^H-?F&)y%^ujc9FzCC+._ansMH(,32,alphanumericSymbols,201.1
2680,"fQ/iK,y%THAsTjFh]jg)#kZpK4^+s,Y?",32,alphanumericSymbols,201.1
2681,}]#R|fxKX?-LK/~dr*_AWzmNce$7zbwt,32,alphanumericSymbols,201.1
2682,/jzZQW^e=dFdYx^YQq?i=*+yF$>h*eUA,32,alphanumericSymbols,201.1
2683,$)ktL7t/*RtXLEMzgK+hz*^vRRJj|*}u,32,alphanumericSymbols,201.1
2684,|aV_fuXzh@+LX@x%p@i;QwhgYwR+.Vr$,32,alphanumericSymbols,201.1
2685,Ly_PzE=Zzuh?bm~r](FH?_w$CRnH=#HU,32,alphanumericSymbols,201.1
2686,Pj^4rb;t(v&D<CW^@Uy-(7h_UD;|dzWE,32,alphanumericSymbols,201.1
2687,!2fii^$&{D|UbTYDY!?$amt2T-4_ieJy,32,alphanumericSymbols,201.1
2688,"c{Qr_L<iW:Cgtk+C>[x,sP>-UYj+.Kn]",32,alphanumericSymbols,201.1
2689,Y+/TueP{=RTWg<cX?v!UZ)[+))s%4tfX,32,alphanumericSymbols,201.1
2690,ueHZvPQ2QRHyk(-~pdFm3dx/Cj}Fz2VL,32,alphanumericSymbols,201.1
2691,"EM,w2-@n?.-fXs_/T4KZbXEY&M22Jcp<",32,alphanumericSymbols,201.1
2692,":+U{vsLUmY.#32E,4ZWUnkrTnk+hpg<F",32,alphanumericSymbols,201.1
2693,4&H*Cf[2F+scPZdY+d3/_hd]/9wD.}<i,32,alphanumericSymbols,201.1
2694,Um$yy*n3wxjD%|fek@V/j7FC#2U.-cq3,32,alphanumericSymbols,201.1
2695,7/.q2C:b+4.V#[PRU%.r~3T@<]#iRui|,32,alphanumericSymbols,201.1
2696,"DnM7,u;a)xf}b|[:RPZ_wvb)UUZ:$VK)",32,alphanumericSymbols,201.1
2697,"PayeAP%=~D,*]qnQ#~+p{-PRMn,J(D2U",32,alphanumericSymbols,201.1
2698,_c4!n]LUx&k4e/)Kcb%s(|c@b*yTkf9F,32,alphanumericSymbols,201.1
2699,">_KMZqTwNzy_ZfP]:;qKa>HU4d)|fYD,",32,alphanumericSymbols,201.1
2700,2wZ7XW2E.FzqJJ:#-s3s=cCWmhi-de9f,32,alphanumericSymbols,201.1
2701,{z+kni&N[CA$KUpKUmndP:ApK9#z{ehq,32,alphanumericSymbols,201.1
2702,q{~i$jkCrjUaF>dCHjrFDhH.)+4=%$g],32,alphanumericSymbols,201.1
2703,($fy}Zmj.#Ppi2d|>R~}3D+NWqeDaCL7,32,alphanumericSymbols,201.1
2704,"+fz.fC;2}PL%C;T)3T7i,rVZ9==zDxZ?",32,alphanumericSymbols,201.1
2705,%x~#i~mw&dQix_WpJb4?gL=~dfikq*sZ,32,alphanumericSymbols,201.1
2706,uwXJ{bf]_K9@qp%gfqE.f<fn*;KZP|vH,32,alphanumericSymbols,201.1
2707,&{Uk];mpXY;!QW(T~Fa43.{*EEnj#Q~~,32,alphanumericSymbols,201.1
2708,EFZm^2#(LyJdjyHs%LiZ=gsf[y_rsPMF,32,alphanumericSymbols,201.1
2709,3(~tbr]$[>iZ*gmunzfke|DNJc.h@vzU,32,alphanumericSymbols,201.1
2710,auHEmiRdMtfck;.[C9|XkYjdYMvdyVDg,32,alphanumericSymbols,201.1
2711,"CqU,}muxbQ9*9&,(x[duR;v<b<*z4e<R",32,alphanumericSymbols,201.1
2712,eL>NHfc!i?DX{#kFQ/(W{DD@:{j-%WFC,32,alphanumericSymbols,201.1
2713,/t)%~.Db?ucE{(:R)E=~]fm<AX33EbJh,32,alphanumericSymbols,201.1
2714,rcDL49k%ff$2])p%K*ULt@zvPuRCqTV#,32,alphanumericSymbols,201.1
2715,9[;z=Nfz2F]L%3A||Ju_pA^.Lh)kK%Ck,32,alphanumericSymbols,201.1
2716,<Zpg?Ve!N/[fzH=aydZ!<L=N&w7/{W-g,32,alphanumericSymbols,201.1
2717,"rr?[#C3U|g_,Cx@<]=c&M&4D-[-N9iug",32,alphanumericSymbols,201.1
2718,"#4Kz$WFLF!h9)3a=(7ep}%{[a,v~m}*R",32,alphanumericSymbols,201.1
2719,+T/pN9}3-KqL?}&paE$9:~D9%&Dba.aL,32,alphanumericSymbols,201.1
2720,A7i;dp._DARF!Yi=iDm+DfnCh#wLZ_=:,32,alphanumericSymbols,201.1
2721,RrixWJ-%WD%9xsCwa<sdd{jY!a4;g_RT,32,alphanumericSymbols,201.1
2722,Lfa<F(yjD}@s!d:9]?[Vnwm::J9@&iMD,32,alphanumericSymbols,201.1
2723,3k7f!/M]KdD9xm}ukX?<AU%c@JefPZz>,32,alphanumericSymbols,201.1
2724,J~_ZX|i+^>i_xV/gmvHMmg=JD>Q[i.w{,32,alphanumericSymbols,201.1
2725,i]=4jnM2X+A%4E!sk#@T}JqJg%+#bHKD,32,alphanumericSymbols,201.1
2726,.@{*Er@RjK{[{cZ!*R?K)e}cj^jgkY|},32,alphanumericSymbols,201.1
2727,/^@H_/PEUqyX>@U3KNz!}aT7+QF*+MyW,32,alphanumericSymbols,201.1
2728,FuyR}RW>mNJv4(@hgdF:DFX(&:M/Y2_u,32,alphanumericSymbols,201.1
2729,"Jw,(3Ysxa}:i]/xNpfigEiE/tch]/YR)",32,alphanumericSymbols,201.1
2730,f&Ad@C?s@|XA::wEcL}pTCv|UnmUxd]y,32,alphanumericSymbols,201.1
2731,ch!$7s{Qmxr{p2cV-JML.WV$.T+gQuhr,32,alphanumericSymbols,201.1
2732,C$e#QKirPV+^b)EYZ3Dp.=f#Wga-xw^|,32,alphanumericSymbols,201.1
2733,"rf%ZUD#j,}wrkMQ,PQ3jt[33_N&u+K=q",32,alphanumericSymbols,201.1
2734,L%[fkUkdv$}JzA:}fT4;sEK{mnP$mi&P,32,alphanumericSymbols,201.1
2735,{{(Xn9sjJK?Njkk{:tU@=$rT~|H?@zbM,32,alphanumericSymbols,201.1
2736,Kbt9|&gftrYxu(_d2-)m^n==>|}A/$Vt,32,alphanumericSymbols,201.1
2737,"?,QN@Dd>}TML%?sappC$t!rEi=FYHT+u",32,alphanumericSymbols,201.1
2738,"dui-DQ(3#]q9HL_,b<>3yE[3JFfdHtpp",32,alphanumericSymbols,201.1
2739,M~:Px.M_/TUi<ik4;|H+gDRTbK3HzsJ^,32,alphanumericSymbols,201.1
2740,@Y~p)RFJcjq#W:LKn!pWi}{C!+PAc;[y,32,alphanumericSymbols,201.1
2741,N]=Duh~y}Vz!4fRQ@tpiw#ip~R%sM/i-,32,alphanumericSymbols,201.1
2742,>LcKhx|Ci~{V4H/tDc}[sD!MpUg2T3j>,32,alphanumericSymbols,201.1
2743,w~gC=F|4cqv|3a&{-pVK3i|F_d(V(iXU,32,alphanumericSymbols,201.1
2744,"Reg(>A=4L+F?P:,V<-_zs}[~c!@#/Y2*",32,alphanumericSymbols,201.1
2745,U^/:<E>#C%zMe9PfV$w?.M<t=UWe)rtx,32,alphanumericSymbols,201.1
2746,"n^iXCbc73+kYsQk]U9^W9,ukddwy[k&X",32,alphanumericSymbols,201.1
2747,D_77|#x]>R_2iuDy)Dr~H;?s-};g-Mae,32,alphanumericSymbols,201.1
2748,*P&M>RHwNzpEg3n~mb%wQUDXM>Z>|T|9,32,alphanumericSymbols,201.1
2749,([(#3U|Xwck[hX*J~92]_]EAbzLp4|s<,32,alphanumericSymbols,201.1
2750,"u?WNh/,F+cgCm+PN$Q?--!2pv29mRH$g",32,alphanumericSymbols,201.1
2751,FQ]R37&XtHp!g2N#Pc(smRggfu!+4<F_,32,alphanumericSymbols,201.1
2752,"K%)2vNWewwXV~r}(^zyz,q-<gwQeEMV(",32,alphanumericSymbols,201.1
2753,rnP{<keRD%gyx=jhx]sZyuZPK29|3z@g,32,alphanumericSymbols,201.1
2754,=)q(+AmQwui}yic[[L7Vc)(WA<${e!/#,32,alphanumericSymbols,201.1
2755,#gq*%|?!FVh(JJhi[c(H#g!{~#f$P2sg,32,alphanumericSymbols,201.1
2756,YX(&_=Hr@=nA&}Uk%YKkh7%!Tx:Z2J!#,32,alphanumericSymbols,201.1
2757,"r@:/F:e(Rb,RKPE~AXU/gw$vmJ(X(hX4",32,alphanumericSymbols,201.1
2758,"ZKMVDVkv.*;cgAr^3{P-x/~%{tqDR,;F",32,alphanumericSymbols,201.1
2759,"@,FLh(;cz>Db,??>Xhd~k><=z%%4gb:@",32,alphanumericSymbols,201.1
2760,ct-pV.tPN[%K4Q4~d7=|M:+Tam!e@2wt,32,alphanumericSymbols,201.1
2761,}T<<^mPEg?}F<V-CA-&ZW7MZj3:]WFQ],32,alphanumericSymbols,201.1
2762,"[?$J;n,92E7wTqhKXMrXcwHeh;*DX#2a",32,alphanumericSymbols,201.1
2763,"4_Dt*t</}?;>~/Tbw:X,%>/|H~R,?ysw",32,alphanumericSymbols,201.1
2764,WT]Ln#a&$p/juJ[AZHk}v</Mx%q/ni=E,32,alphanumericSymbols,201.1
2765,rHh33[^fgJ@}hNQ.Mm)PNaejC3}c{H}],32,alphanumericSymbols,201.1
2766,"2@abfu=DDQ{t4},<D{:3WLw?Ch3*W){K",32,alphanumericSymbols,201.1
2767,Ab-YaZ2jk@C.(M/a$?nhv@P[suEv$%%>,32,alphanumericSymbols,201.1
2768,"LDDJk!XR|J^(+%,nW*qi=kpK.;V-3df7",32,alphanumericSymbols,201.1
2769,23[3.xwx9Jp[ggx#<fj3>2UzjD@p-drg,32,alphanumericSymbols,201.1
2770,R%epTK/!_$3uA@vqWy7:|2]jhq|;P3PP,32,alphanumericSymbols,201.1
2771,">b|!t!>@HF<|,C]4pb|Z-x:b2]i]j4pJ",32,alphanumericSymbols,201.1
2772,Vcyf{_T+(=qiwTp{r=;]c?fzjhcQH(RZ,32,alphanumericSymbols,201.1
2773,pZ)Ka-{+v+|4~?k/Mcz[#Hq.:xTPdaXw,32,alphanumericSymbols,201.1
2774,"~*xyL,(+FL{m:)HyHQh&T>C;wX!:$a7{",32,alphanumericSymbols,201.1
2775,Ant(hx;Jafkg(XUH]4w)?P[Cda;f^)&h,32,alphanumericSymbols,201.1
2776,K4dfM=9=TWt9}~_z*in:d&)9NuW_{2E<,32,alphanumericSymbols,201.1
2777,"!!m(eX,t<J[YH{MkXtJX;W/khCD,K)3V",32,alphanumericSymbols,201.1
2778,2&|ikLUePn#%&(|YLxT#|2x+4$p4U*x^,32,alphanumericSymbols,201.1
2779,:s3>v=&f-pLEP(7>?y{nEPV.KWDCd+Mx,32,alphanumericSymbols,201.1
2780,c~+{p9Re]z-FX@Hu^ujur^Z<W.x-9nxv,32,alphanumericSymbols,201.1
2781,"P*_Pq|HRW3(|#,^qHE9*$%]dt@E$>A9{",32,alphanumericSymbols,201.1
2782,"XEEAanLJx,w]qMvtq-C3P]&hbgp[?kU(",32,alphanumericSymbols,201.1
2783,?<*)]HNRLfefjnd#}QPfDxE_MnQM*(w/,32,alphanumericSymbols,201.1
2784,"~>rUc&q_|Z,TQ&>&Z~@DK!cJDRA!2&Tx",32,alphanumericSymbols,201.1
2785,nXb_322b&rbL/4C-?s?~#u*9VD@?4RY>,32,alphanumericSymbols,201.1
2786,%=p7^HCQjaV<}cv!k$7Quh$$xVZXn@2U,32,alphanumericSymbols,201.1
2787,&(Wq$!T^ztzyFk^h@$ZfKmp]~U-##{)y,32,alphanumericSymbols,201.1
2788,"+s;)He?)3a:s:,XhwFf7F@NnU3KJnYE2",32,alphanumericSymbols,201.1
2789,/]NghLC|c?}#-M(Le~=JRR{it)(N::sM,32,alphanumericSymbols,201.1
2790,"#7K>Erhj7LK#/u,Vx?{F?*Wtn.^+uwJ&",32,alphanumericSymbols,201.1
2791,Tg@kh3H;<NMZ@h{Uik]|Fjr=}_F[PU%f,32,alphanumericSymbols,201.1
2792,QcHecns#aMmDmjfuFa?n=edP/t^[^KC(,32,alphanumericSymbols,201.1
2793,^Nfqc_-]w(Zt+Jms->p+*hCv@rn$j7.s,32,alphanumericSymbols,201.1
2794,q3Y]ainA(cmedzZ$DE&aw+N!dh7}Vru{,32,alphanumericSymbols,201.1
2795,Tj/2hxyWDr?J=Vk{QTqukvU9<(k{^r>x,32,alphanumericSymbols,201.1
2796,"Cdz}:qZV#7CTn72gDs>-z-qEj,&Ep7mR",32,alphanumericSymbols,201.1
2797,"=p9~*CFs{jCWsWa,mv_P2KH:Te*4s(q?",32,alphanumericSymbols,201.1
2798,"=edYFf%=Q2H}+$EkyH#i,-|p^Qzdpci2",32,alphanumericSymbols,201.1
2799,"c[aAR3,@>J?H;<QVUNA-b#F^^AaeR;)Q",32,alphanumericSymbols,201.1
2800,~mbu3fXU&;U<s_?d[rTndL{v2Fk{z&Au,32,alphanumericSymbols,201.1
2801,"gek?u$A|7hNYJ49a%,Y]=Ds~aL<|s3hK",32,alphanumericSymbols,201.1
2802,"K>[p^i:(}Ew{WM,$)(iqE&F^qFA(9L|)",32,alphanumericSymbols,201.1
2803,"NX{Ljv2[@>#<^+@-yf;mC,]ic]uLdRA/",32,alphanumericSymbols,201.1
2804,%)caH<z)P(sbjbidLJwJ9/h-cwgPFH}p,32,alphanumericSymbols,201.1
2805,3D#F7EzjK)MpQimEQf^~eUV~dYdfh^}v,32,alphanumericSymbols,201.1
2806,qx!zwW|)<)h]&/MA?nEz.#Zj)&<cz]<z,32,alphanumericSymbols,201.1
2807,dc;E?{gjqFXUVaUH>_t$;@}=yw;ryuUt,32,alphanumericSymbols,201.1
2808,Cvn!hq-dkm_?##Hp<Y+Z)!waXA2V;/<<,32,alphanumericSymbols,201.1
2809,}ZH7EwW{?sm<VPsu;AWU+]t?Tgj/ycvZ,32,alphanumericSymbols,201.1
2810,"<2Zq@qx7,,Jc*Ks|,@&d^@4Y-^3AQ~]F",32,alphanumericSymbols,201.1
2811,"KzQNb$?<D{K]i2,vc;}.icFML:%QgusT",32,alphanumericSymbols,201.1
2812,>jw-ui>Z((bPnFw4Uj_C_aYQjQYa_$N],32,alphanumericSymbols,201.1
2813,"UF?f+]z2,Uzxy.HL(,.kLNgfU[L(ts)$",32,alphanumericSymbols,201.1
2814,|ygc;zKNj(g>v>]b{zpm%Re}Pd%Vz&U9,32,alphanumericSymbols,201.1
2815,"#w4?*3btDgYdZ>ips^*aW,4>c@-v.2)e",32,alphanumericSymbols,201.1
2816,?.7q^hy;L[4d*:;w#R^[$cC[*2J++%Z?,32,alphanumericSymbols,201.1
2817,zJ#yz3Cmd*&.e.R(hyAW^J79J;?kFk2u,32,alphanumericSymbols,201.1
2818,;r]cWbNCj+=vyvr=!>yiFd_}d4y*J9a3,32,alphanumericSymbols,201.1
2819,L_em}D.emQ>N^mv?QfhN%w%y:Kh?>XrK,32,alphanumericSymbols,201.1
2820,N$~K/Yy%^:{#Yx4tKJ2%W&kn2y~vgVu~,32,alphanumericSymbols,201.1
2821,}!:(}yVncu|U:!i.c9=zykmML>:m}:wq,32,alphanumericSymbols,201.1
2822,#2=Fw|PUH*qe+EW)Atj$p?!b;q])cW9[,32,alphanumericSymbols,201.1
2823,J;bEpp2D7T/^+b^v|-ebQg@RP/AuAz|.,32,alphanumericSymbols,201.1
2824,(a&R.!=L;i#]Hkx.r=*yW7|~|QVdJ:yM,32,alphanumericSymbols,201.1
2825,v7Kbhs+ga%JdeT3Qey?+Jx$V.Kj^~e%;,32,alphanumericSymbols,201.1
2826,ZVFQ);iT*Y_%cjx3ieEU@m;Q#xVU;9Dc,32,alphanumericSymbols,201.1
2827,",g}AmeRAex;[r{X,VsJD{a4gQ:?~KLc-",32,alphanumericSymbols,201.1
2828,YF$*z/*n|x}!|b^hkKq~-aHzX|%gMj2v,32,alphanumericSymbols,201.1
2829,nR;e[J2CfMC)4TX_]*#$wj+Y?wCZ./=@,32,alphanumericSymbols,201.1
2830,"xjdL;+,(#fA<HHe%h:[/nJCa@XV&J:dv",32,alphanumericSymbols,201.1
2831,2<D;cqUWVQ}F{UUH;ak<2^FEp7t!(LU~,32,alphanumericSymbols,201.1
2832,"xmqr)ujafAYiQnR~mYdxWLn,_<f}n&CM",32,alphanumericSymbols,201.1
2833,:T#WCWrV4r_!$2K.e]dd&/p_(d<!PT/<,32,alphanumericSymbols,201.1
2834,q;W(fLwULvtu_%h7M;R=@Cjfs%k}CZv),32,alphanumericSymbols,201.1
2835,hX9Zu[]zL~A<q{HpmkbRhq%s:;<x<)4s,32,alphanumericSymbols,201.1
2836,"X*iLM,WhVur~^:buCFVQw2x&A^vfA.gd",32,alphanumericSymbols,201.1
2837,[e_H)k;9?E:]EUJ$CAn?&J(+[4qiZtzM,32,alphanumericSymbols,201.1
2838,^%Ufz_3#/]VwD!3s:L.m+cs^N4RvbivT,32,alphanumericSymbols,201.1
2839,^gRYEMZdfFvJK;:cqrCY:?%:JC&U|)yT,32,alphanumericSymbols,201.1
2840,}Q!@]K{UMw?u=zwU^xP{Q>_4![/|sZ{@,32,alphanumericSymbols,201.1
2841,A_XUFC|-a(#D##a<yc~|WCw/#~>Uh(Wx,32,alphanumericSymbols,201.1
2842,gnF&~h9e%|]nujm4AF*Uwv&i&99=UsX;,32,alphanumericSymbols,201.1
2843,"$c*p=}tnw&V}|92ZX*p2{*c<%,nap<9v",32,alphanumericSymbols,201.1
2844,;w?>Ev)D)P&~s$vy=+w&~ab~i@FUP}JN,32,alphanumericSymbols,201.1
2845,"(xuLh=Y[t%7w4d.(,-~iVcQ*a9#JweJE",32,alphanumericSymbols,201.1
2846,F|?]!^hUg&y=%Cv3]&3Vj(2cYQ?n~FYH,32,alphanumericSymbols,201.1
2847,"}!g(~Y~94jZR|%nW>p7U,Nan,{dFAb<R",32,alphanumericSymbols,201.1
2848,yv{7A&!9xe)mfC<K/7ZnN#xg##d(f&Tr,32,alphanumericSymbols,201.1
2849,+ap=pJ4tsr4#@<Ei_Z$@Aia%=P{{&H$(,32,alphanumericSymbols,201.1
2850,+%bEp+Pq:g7mWWN#q$/H<Mkgv_9x}Q{k,32,alphanumericSymbols,201.1
2851,"EXdiFiwg9,%4ke]ea]@_C]fV=2mD<naQ",32,alphanumericSymbols,201.1
2852,"DDP;|=VbwpZ,&A;Uc7LzQgfn)m=:vCeq",32,alphanumericSymbols,201.1
2853,CXLncy~$jM=;.hh3g?#^27b!V!yV{RZn,32,alphanumericSymbols,201.1
2854,*q#s*f~J%_KfccgveHwH&aR=K{t;U3+2,32,alphanumericSymbols,201.1
2855,)4]$cUEbv.st-9m7}a:Zdim*z&+v[gTT,32,alphanumericSymbols,201.1
2856,3dU-AK>-fykKdDdsQ?YAN!]nnVvakj-Q,32,alphanumericSymbols,201.1
2857,"f,3Fgdxterkstcwk-fC?y]UnVpYmpR(|",32,alphanumericSymbols,201.1
2858,=Eh<);;zAk@e?i9/AUCmtM?HNQ4pPQ)U,32,alphanumericSymbols,201.1
2859,"epg,37J$_[cYr~X;[ibyw2;TZbDRQKFa",32,alphanumericSymbols,201.1
2860,!#RYrm#v9X7}Qx<RKN~t~k:AfTek{[?v,32,alphanumericSymbols,201.1
2861,><@i~*Ni/%Hgq_{@u/xK$^2Y~r*<]gk;,32,alphanumericSymbols,201.1
2862,:~#EJm$hyd>&(qN*L$VmnryXb#3kyH&=,32,alphanumericSymbols,201.1
2863,H^K^UH@D}Qa=9xawT[3#U^+:c{d(igTC,32,alphanumericSymbols,201.1
2864,|aX4=c*;++Hj#n!Nyb]Dc*u*-^#(/h*D,32,alphanumericSymbols,201.1
2865,A=.*x[NL3C+)q|pf7|[%Dd3mdRj@-C+U,32,alphanumericSymbols,201.1
2866,F%WCf@9CiiDd>Mz-.tAyzrE*URye()j9,32,alphanumericSymbols,201.1
2867,epdgJcm[2L[.?F!K;|D<J]z|w[+CNw-T,32,alphanumericSymbols,201.1
2868,j4+qT#ypLtPgRWy3eq]|@)+!Fx?#RQN#,32,alphanumericSymbols,201.1
2869,"Q:Mg_v4<&P3qQr>F>KVa,!DNL;;@ud(X",32,alphanumericSymbols,201.1
2870,"Q22qM)]y{4-/Cy@a~t4TF,{9/-i!hCwh",32,alphanumericSymbols,201.1
2871,hD?gku{r]3Xf.TDeM7FxR?<&c>Ry!{-P,32,alphanumericSymbols,201.1
2872,JKyF{#9kDtZ|#y99|C&.pe]q%EyUM&_+,32,alphanumericSymbols,201.1
2873,^kzd/@#iX4=+_T%k{qh!=mjv:+}ab*|W,32,alphanumericSymbols,201.1
2874,@/pQ(diU$?Cw_j$maus/?acM>9>:3?!J,32,alphanumericSymbols,201.1
2875,"MzZVD#N=X)77_u$sPRrjW>],}bN2aD(F",32,alphanumericSymbols,201.1
2876,Z**E?b>tq+V=TVRp^|2qLTDsAmb*bE&h,32,alphanumericSymbols,201.1
2877,"#,Typ]^[|%YjZ4RqKKy|qs@fC^f;RAZD",32,alphanumericSymbols,201.1
2878,r!UpqmMkRVZ=Xg>zAt$ZR%HN.iybW%2w,32,alphanumericSymbols,201.1
2879,(rb!*<UDF!<3xU%m&<PFmYV(;|KkHC[L,32,alphanumericSymbols,201.1
2880,"QgvM=tuDpR#$,/=ir<jf?|j>N]V@rPfx",32,alphanumericSymbols,201.1
2881,iW?P=:??K&T@uD7Yzp]ejW#yK$q%g*y^,32,alphanumericSymbols,201.1
2882,"#Urq2nf_,PQM&~j|eKNKr2rtu^Ng={v-",32,alphanumericSymbols,201.1
2883,y&z7b:p|]&e_)LFwXVu{7e74Ty|mvCsc,32,alphanumericSymbols,201.1
2884,y><-rXe|7*k/[XpNi~!M%aK&k!Y;iwb7,32,alphanumericSymbols,201.1
2885,em@.DwT{2rjh]~9:F2egF}t+LXuPh^Ui,32,alphanumericSymbols,201.1
2886,"WY=?+VJ*-bs7X~Wt9>P|-@Kn,Q{mXjy.",32,alphanumericSymbols,201.1
2887,"43|pak,?*r9$ayuhV+RA=;X3}Q)-uHv{",32,alphanumericSymbols,201.1
2888,m#u?N!RxtC>@J}2(E.fCP;f#3nF/u4_;,32,alphanumericSymbols,201.1
2889,"RT)A]7k>w.g{],L9rcXp[.[p;n)YmiYi",32,alphanumericSymbols,201.1
2890,"tr,a}{L<&rN~+CK-.@=3:>*?r:x!_@@u",32,alphanumericSymbols,201.1
2891,"(~:njuwx,vKQ)(%9N3m,?CaX/3!TjTx.",32,alphanumericSymbols,201.1
2892,/xprbn>?X}.!HPm!a4LX{h3LQ$YARnji,32,alphanumericSymbols,201.1
2893,}kmmdfD.@xi]cKZ+Qc:H}DTVFPN.piQM,32,alphanumericSymbols,201.1
2894,-k+kCxzj<(h/HPWXM_*T*CE-E~$teqZL,32,alphanumericSymbols,201.1
2895,"{(;.W.,e^j-?CJuh{C,24NjP<{Y34n2{",32,alphanumericSymbols,201.1
2896,"~@Y*v?-~&t+n,T]/?ePUi&wyCrRirpQ{",32,alphanumericSymbols,201.1
2897,{:atj9a@49cn#&4F#/?v]C;W3|x(A9<U,32,alphanumericSymbols,201.1
2898,g./k]3x{|?d#)%}Rb4@X.]nuZPrirQ*H,32,alphanumericSymbols,201.1
2899,m=qD7m<FQKQJi}J}MP.4r7)pJ:Yh=${i,32,alphanumericSymbols,201.1
2900,">y}|a2znCVn$de@X<>w77D7KC_7{zVK,",32,alphanumericSymbols,201.1
2901,f~((%{@w}:X(gy.*^pyX2Dh<>^ypNs=2,32,alphanumericSymbols,201.1
2902,"kdrX27dL|m,|@~vM/uaM*]Ji%9Vd!:LZ",32,alphanumericSymbols,201.1
2903,"[c^Lh*dpv#-V(^Kexst!f)J+7s,|Y;ew",32,alphanumericSymbols,201.1
2904,X-x;}EYyU)v$x@.&pr<(.u~!/D{3-bi?,32,alphanumericSymbols,201.1
2905,m:^gMce*yyL7fVeW!M+tr&vM^D-&s2~J,32,alphanumericSymbols,201.1
2906,YdiRtwUq~9%@t;7#7k:gErE/ZKCZ?&H4,32,alphanumericSymbols,201.1
2907,!F%r*!x@:+skr9JpW}DDDHF?Hd9TJNmK,32,alphanumericSymbols,201.1
2908,mCJ9%H>d3;tFQ!^/dm*heUT!YJM7etJr,32,alphanumericSymbols,201.1
2909,Ta=(_)cF=xcJhuXnNP[V#nz@sd9N%NaK,32,alphanumericSymbols,201.1
2910,u_/@whUW]KRE)L93!+F=byF$@2&P|/HM,32,alphanumericSymbols,201.1
2911,"J>Vki]a_~Ps,[yJhWPs4-$}[WPijwh@Q",32,alphanumericSymbols,201.1
2912,"%wFEev(E^u//i|Zcm-mtAm(),&kmRz9A",32,alphanumericSymbols,201.1
2913,P$_{vDtyct/k&bnfNnk)+3rwt-y}$@d?,32,alphanumericSymbols,201.1
2914,zLu!^EWg.&CsZ=gKYrMUDc]w$T](Ngkq,32,alphanumericSymbols,201.1
2915,"/s9awrjC,M%<|@Q,A4$srA%2P:YU{]3P",32,alphanumericSymbols,201.1
2916,"AF]FK)3Cs,%_E]9{#-kCa=$Z/Ef>kanv",32,alphanumericSymbols,201.1
2917,"]/)w}YgtU,3T_zH>Yuf{Ug[Y;zR2N,2!",32,alphanumericSymbols,201.1
2918,X/+{9UMfwHArRazXA%Y$/+&;Hic]Dmwh,32,alphanumericSymbols,201.1
2919,bL}g}xWDa&m.ym~tdrj(p.bKa7ui}Zd{,32,alphanumericSymbols,201.1
2920,"vMmw|d.D~n>.@~mT,_?@Y*D9|/w!9rWF",32,alphanumericSymbols,201.1
2921,Q+!)v>%urYqp+.qei>j=%u4bF=;(AZ{x,32,alphanumericSymbols,201.1
2922,2;Ru>Yg/iV>zaN2*W(d@K[~yed(us_yn,32,alphanumericSymbols,201.1
2923,srdK?=tYcQa4m3@L4}CJ)>#A9.=rnffM,32,alphanumericSymbols,201.1
2924,+A;n~$fLJ<TNau_WUT;~:j;p93N9.mVf,32,alphanumericSymbols,201.1
2925,"3$[}NQx[mYPT_,|Ubn+JpuM^<A;uTcTM",32,alphanumericSymbols,201.1
2926,sC|.+cdYWvJ2MkN:fX(wi-e^wgP7uQJ-,32,alphanumericSymbols,201.1
2927,"E[(WDPnn;jaArR$p[.DV,P*/Yi4s&C>F",32,alphanumericSymbols,201.1
2928,"RkF=<,ZLz$k]siP.N.%eyLYPuub9(4X_",32,alphanumericSymbols,201.1
2929,dY9sD;$xem3~%9Nu4YxJEKswKU@-(R[;,32,alphanumericSymbols,201.1
2930,"KK~~+2tf2xdZX2~.s=K#(=&m;vW,nVxV",32,alphanumericSymbols,201.1
2931,PjQd&xA[p4=ZU]]L!?-U>LE.fi/$k9yW,32,alphanumericSymbols,201.1
2932,sa]2U=7;[|Dc+<@&)J9V{M>x~74{Jwsi,32,alphanumericSymbols,201.1
2933,vF+2sTyPmqf-/q%agitLZk9-;+P}g$-2,32,alphanumericSymbols,201.1
2934,Fa|z%tfE^QEP}LL(;nZf/4.4erDJ#y>Y,32,alphanumericSymbols,201.1
2935,"~=Z.UyE,mEM<Km_puWN7DP{2-cLnq!mk",32,alphanumericSymbols,201.1
2936,Zf$?@;)yziM|J7ZEmzyP_ubd;><brtiN,32,alphanumericSymbols,201.1
2937,"-])9|K.]H;9%MTez,p2>_73*w4FjZ;dm",32,alphanumericSymbols,201.1
2938,-i93]w7!+hd4iR9&;EnLpkLAqx2jxZFu,32,alphanumericSymbols,201.1
2939,/q/;HQg{DEu[P:mN.Z|+prQyp_#3nhZ%,32,alphanumericSymbols,201.1
2940,yeDd=99nJ)2j-:?z]kCX:r:DAM_wwvL2,32,alphanumericSymbols,201.1
2941,HVZirR9)DdA@7{~p2rHKwd-Dx*|jc3jF,32,alphanumericSymbols,201.1
2942,+wX]3)Aki{jy.hJTk#V}H;d_XwqYu3t;,32,alphanumericSymbols,201.1
2943,"e#$@,xyNq*X!<ru,#@Zp:[t9[vs#VXvd",32,alphanumericSymbols,201.1
2944,p9?-it;-b}LdUM.v(WtgU]|m=kPFkZT>,32,alphanumericSymbols,201.1
2945,N=Wn{{v:#yu4;_Q:RQU-])*Kf_$]MP2f,32,alphanumericSymbols,201.1
2946,"~hz7Dqi:A,kZ<&=gNDkXm*4[Q4=z}Mg,",32,alphanumericSymbols,201.1
2947,{[Uz{D}[9xm@c3.g}]r4<+MLv_iYfF$q,32,alphanumericSymbols,201.1
2948,dHd#.W~W=NyH$(/%2Q.}!(FCssk;VUXa,32,alphanumericSymbols,201.1
2949,CtQ/c#!MH<s7jnE<;#bt{v9?<a&V.9>%,32,alphanumericSymbols,201.1
2950,pMtP|#hjLa~4XJ}un~]m%%h=(>pVUU7{,32,alphanumericSymbols,201.1
2951,"Yy,!7?HbWY#Dp^xUWVN2~.^vE4g3P.z,",32,alphanumericSymbols,201.1
2952,jRPbMN9hdJ@ZxQ*%Q<tLk(>!UgCTr=UH,32,alphanumericSymbols,201.1
2953,z9CQv|-H)(;7vVnbyK;eWeC<R)vk_;)h,32,alphanumericSymbols,201.1
2954,n*<|de~_/P-$*xx|ZzKJ7K~#A)qM%W-%,32,alphanumericSymbols,201.1
2955,"af&./Ds*CR7X?@.ym!,iXXbPtjPs*c.n",32,alphanumericSymbols,201.1
2956,qW<aeJR2J/_TgC]:f2uHR{q4Q&mi)cne,32,alphanumericSymbols,201.1
2957,j}fZ3pW|W#?p4Ts:{/m4>r(>.9>+2ppr,32,alphanumericSymbols,201.1
2958,L2X7UbuPTi:VLMdh&RR!wH:/s2;9bA4b,32,alphanumericSymbols,201.1
2959,CP@fHuEg^N}RdLnUMF~/xbU{$MJg/]y&,32,alphanumericSymbols,201.1
2960,+mR3)LxYR{Ct)$zad]77XtVx{[2@:J+R,32,alphanumericSymbols,201.1
2961,cnn[fs>phC(}K{_YgMz$Pg3Q47_W}Y%X,32,alphanumericSymbols,201.1
2962,"@R)hv;/L47{ydcy+qH9F$fb7r:*4u>,K",32,alphanumericSymbols,201.1
2963,"pA>2Mtn.x|.rK3ivnXb@b,JA/@!]zdM3",32,alphanumericSymbols,201.1
2964,9{&pzZ$;U$J>tu|LY+xp+MP4uRZ=q3|y,32,alphanumericSymbols,201.1
2965,Fn~r4<V7NV>{gj<TLE.VED$q%(hb@Cbg,32,alphanumericSymbols,201.1
2966,yD|!+$R&q?A*@ar9#D]-/yXKZ}>nK+Kb,32,alphanumericSymbols,201.1
2967,"[cUnZ3#<vmxAJLvp!EuPd9b^,!w~w@Ru",32,alphanumericSymbols,201.1
2968,"Q,P~>=Qa%~*<(ARR|s:%~XctjKjt@f=R",32,alphanumericSymbols,201.1
2969,RkdKkLK}7%p]ZzswitR#>)~&s)sqgRk9,32,alphanumericSymbols,201.1
2970,n#:[[Ds2:s&T2_Yt&xTx:*#X|xe>ECmx,32,alphanumericSymbols,201.1
2971,"{T,iqyavYj}~dH?wpjp[W+~s>xRV|[T*",32,alphanumericSymbols,201.1
2972,3xRcyA|q=uTTMLbV/?#zQ$/WuP<$kM4E,32,alphanumericSymbols,201.1
2973,].4D?Fjcz+@P*j~4*f3ctFA3Ct*9x*fr,32,alphanumericSymbols,201.1
2974,>p4;qCmr:9LzPqNnP_hq#~u-4w)c*y4f,32,alphanumericSymbols,201.1
2975,N.^=]L&ksf)+uUY9x<%A|2<_JcnXQ4@h,32,alphanumericSymbols,201.1
2976,_<cJ-+>jAA^7E|@WQNH<N+=yFJ]:<.kb,32,alphanumericSymbols,201.1
2977,"N)|Zfss{[gL}{k?m=Q(qTg-:jm,R+,a+",32,alphanumericSymbols,201.1
2978,[PgtxsVu4#dLp:@?wNbmiPpZyrMZ_(*L,32,alphanumericSymbols,201.1
2979,Eb*tELH2i7rn^&{;)%$E/e!U2K2t+94~,32,alphanumericSymbols,201.1
2980,TK|t_=iz$i:>|F*R>_wR?qj|sr&a&JMb,32,alphanumericSymbols,201.1
2981,!sqJEjz~y~(2_n&YxarQE{q)AfiH|7?$,32,alphanumericSymbols,201.1
2982,n)pc$!WsJ3ui~(s_xTy.*q<}Tf&z&2:k,32,alphanumericSymbols,201.1
2983,uU.7dgs=QNJe&Uv=)JgX7{pw9[$rsD#b,32,alphanumericSymbols,201.1
2984,ik!h%7]m4*YV2Wg<HW@;F_Ab=>P}QvC2,32,alphanumericSymbols,201.1
2985,"gm,DkcDL:W<Jv<|MyxUqJD4cuW[u={MW",32,alphanumericSymbols,201.1
2986,"k(qk9DsJgH.|R(b~,:{X{hRg:$L(.Z|u",32,alphanumericSymbols,201.1
2987,u2|xyqz~n;]]YCQLnZfj*ArNYdNba;jr,32,alphanumericSymbols,201.1
2988,_us=<*u*K9JV);qq>Ng3jp^V=e(QE~&V,32,alphanumericSymbols,201.1
2989,pv+q_UK#rCup]>ie+Q&L.V]PYPhaFpT!,32,alphanumericSymbols,201.1
2990,=vQFZT#@kvmD.K&.F4nR>{KP/3kRTeZ[,32,alphanumericSymbols,201.1
2991,.<s;F;2|}T9wUg-F#&;|.V=qsEM(rWa+,32,alphanumericSymbols,201.1
2992,"{bDq#CJ*,$e#+eE+TW9&3&zX#q[2mV<%",32,alphanumericSymbols,201.1
2993,(CL#f{9x_kNiNgZH4euMPshDek>ypN~k,32,alphanumericSymbols,201.1
2994,-%_KEc9dPi>e>.>fy:9;:&KiWpAfy!}v,32,alphanumericSymbols,201.1
2995,"d&JJR,}d#7tP~wEW)&_)9PU[9gs?eyzE",32,alphanumericSymbols,201.1
2996,(NU_^.r{@ZWT%Rx;h@Tmy2r4UpMu(~h;,32,alphanumericSymbols,201.1
2997,Ec=$HL$NDE?|>c7R%hjgH*:xmA+@V@m3,32,alphanumericSymbols,201.1
2998,DW@e^^txHCvJ#2R<bnkQ!Vw]N_f9y+h<,32,alphanumericSymbols,201.1
2999,pVCN/X-$VqFvHYwm;Vuc9~<-%!@.LzFm,32,alphanumericSymbols,201.1
3000,"@F4aTUD_HPfNdC-:H/F3!t%[fk<s97!,",32,alphanumericSymbols,201.1
3001,"Tp+fz4Up@m,C}cay2FM;+,A:@b^#_TeJ",32,alphanumericSymbols,201.1
3002,4_af?muzU2fU&L%pyQJKq!s>Ub}9[{/X,32,alphanumericSymbols,201.1
3003,Ltw<7WvZ<YR2Kbj(aNVmtx^inU{A/?^9,32,alphanumericSymbols,201.1
3004,rDARYcmKpF;:q$@*q.L49~Zi#3vKHf=r,32,alphanumericSymbols,201.1
3005,[FT?km$)ikPac&/D|-:Au#wufJ>P-=.9,32,alphanumericSymbols,201.1
3006,"x<|v}_7gqmVv],2*LfcZNpp3t^dTRi[3",32,alphanumericSymbols,201.1
3007,"a3P*FaY[^r]^sVgu_y<jbLWjQ,ka<4?!",32,alphanumericSymbols,201.1
3008,VpKnhrki4TX~/*LqRsjLM7y^ZK7fh}}J,32,alphanumericSymbols,201.1
3009,"+gLMk&svLDM7s.m%.|Kc,Ar.sK|TcR4j",32,alphanumericSymbols,201.1
3010,:n?-Ms2FwU.?m:.<%P*E3>;]Ap/C&)+m,32,alphanumericSymbols,201.1
3011,zYJh/QtY2K>dh_Akx_HYJC$ZZ|3ytJ7Y,32,alphanumericSymbols,201.1
3012,D)*h&n{nJAad:KKuW[dD[Ju43t#q3hq%,32,alphanumericSymbols,201.1
3013,"V*[,mh%$$^rk(7kxn@[<*{$(^m~u2W>p",32,alphanumericSymbols,201.1
3014,jhaWm/UJYAU?i#]WFUM$vk>TJHyvg!yu,32,alphanumericSymbols,201.1
3015,Mf}+dVz..MaM[iWutV2/fpb>j+7<iX<%,32,alphanumericSymbols,201.1
3016,C/9x&NLLPwx7f!PRc&y>wi[y$k/4qe=>,32,alphanumericSymbols,201.1
3017,"$KLREaiPc,h;2Xs;2u@9=/@F!kq-f_y}",32,alphanumericSymbols,201.1
3018,QqyjY@TT}~nf^Zu3gJ?LV#|9z.7WwzY*,32,alphanumericSymbols,201.1
3019,"z^-3K^yqMQg,Qj&=$PF7n#XJ)4!pf@24",32,alphanumericSymbols,201.1
3020,"gh!=/*FQ,-jrR#XMzHfngRv2hxH;y2hp",32,alphanumericSymbols,201.1
3021,DwQ((~~3J*xvWi@9H!HCaQ%Mjjha4F?x,32,alphanumericSymbols,201.1
3022,}V!?NnwC{3]kE!vqzAEmFT]vq;i!a|(q,32,alphanumericSymbols,201.1
3023,RyR9upZq+7c<v)cFh>NwD^)YRyk@tRu-,32,alphanumericSymbols,201.1
3024,fyTf)w:&V#{yrY&bvD?7g?zhn7]i+jJ%,32,alphanumericSymbols,201.1
3025,jR<cKr=&qW:/VfC?K?wW:QQ2$X4ga;Tu,32,alphanumericSymbols,201.1
3026,"Y%)$J^.(?e%z,!yeb=Q?i+a|tt.}@>kp",32,alphanumericSymbols,201.1
3027,"p_HR.MAa@Y,?yhs|;QzRMwHnAa>h|YaJ",32,alphanumericSymbols,201.1
3028,">n.c?<x9FA*R,22H$.^T^xj)yzWuhw9f",32,alphanumericSymbols,201.1
3029,[tJ=w-[Ub.j^3!eAg.}z#sx~Cq$k*D2T,32,alphanumericSymbols,201.1
3030,[M]#>)Zd>gCq:}Za[KH^PyZ#YzvR9bdg,32,alphanumericSymbols,201.1
3031,"v(C7|<D}.)Q:CW4)C~iN7,np.+J&mt3[",32,alphanumericSymbols,201.1
3032,gJ?ejQ>ub&>s4yb@R/[uYv)pUP;H*gEr,32,alphanumericSymbols,201.1
3033,"iKFgwZc,^$-9@Ze,U;N7js,^k~H?-q}^",32,alphanumericSymbols,201.1
3034,|T?%xY9JZ^2/V9h]*J|[XA-|fvRD=gZw,32,alphanumericSymbols,201.1
3035,";4Hki{nq9]V+xE/,bQEj?!?iEX#U2H4v",32,alphanumericSymbols,201.1
3036,"RWeH^mg,VzKJzheY,]=bx<Rs<h>}|?#(",32,alphanumericSymbols,201.1
3037,")^zkjg<j!y>3HmF;7|CJb,?Ta=;|/Lp|",32,alphanumericSymbols,201.1
3038,;Dz?4d4unkk|%TsmaHZi&Hrd[L3Aja>],32,alphanumericSymbols,201.1
3039,2~WwN;YtqKn[&z>xMs%j.psE^}9LXwwt,32,alphanumericSymbols,201.1
3040,)4A97t;e<-*!(4-+>z[Wz?wX@kZ3=2^H,32,alphanumericSymbols,201.1
3041,EwteXp@N-!d9jz_NN]my^my}k.{}#-[:,32,alphanumericSymbols,201.1
3042,:Tu-VEz#C!fyTtAN#h<|;WLYJkPa^%.P,32,alphanumericSymbols,201.1
3043,"2_i{{..Q:w<p3Js<&^2;F@3w>^](f,ip",32,alphanumericSymbols,201.1
3044,4jR%R~)gybaFTyLhM*D44vHhpe(zkL.],32,alphanumericSymbols,201.1
3045,MF@=ZKV+-*V.#4)97WV?a!x2[Qr9~rkA,32,alphanumericSymbols,201.1
3046,"-T4E(Wc,/Qqwc]{vn$h.tD*nUq|frs|$",32,alphanumericSymbols,201.1
3047,FHQ#kUwsJqayhb*X%jFD_xQyxjf}Tq:7,32,alphanumericSymbols,201.1
3048,"s7+@t..Z?_p[JMh=i,HcCq#2m|QY~UC<",32,alphanumericSymbols,201.1
3049,"sK4wwW/!cLK_@+3Aw=&@+Pr*/ND,R,=[",32,alphanumericSymbols,201.1
3050,<y@$f~xtmaz?W+&Y7A2a-)VvF[U@D&n9,32,alphanumericSymbols,201.1
3051,>reicJXec#4f/iq&YL);?%T.nT;~-k9>,32,alphanumericSymbols,201.1
3052,wa|gE-HE-e7(4/}}xuw3b2@uQ4>-!3s/,32,alphanumericSymbols,201.1
3053,ZH3|&4E;ecbXw/;vRJVsxk7[2zLeDMjx,32,alphanumericSymbols,201.1
3054,mdpR$2/#2t/d&|E;T3dY:QDhQCf$Q|:i,32,alphanumericSymbols,201.1
3055,gqcQU9wA|A.Y-Pi|Hey<=QD)3>c:CUXg,32,alphanumericSymbols,201.1
3056,Q(mpk/3mytpc-!~L>D{ir#Lhav%rF|-],32,alphanumericSymbols,201.1
3057,"Day}4iW&.%UbVk;,pQ&WQ&Hu[&~cqm^7",32,alphanumericSymbols,201.1
3058,hscXTc#iEZu4P{$EZ?t{X_jQW(_KVHtQ,32,alphanumericSymbols,201.1
3059,}VbLiR9k:uj{7VaEJfsi~jyX-};dj}j=,32,alphanumericSymbols,201.1
3060,v_3=Hpi|4)(94+$.!{b277n+jDH^2k.?,32,alphanumericSymbols,201.1
3061,"[39X}[$W:wh,?%!rvi+r!Yr&<w7KAi/e",32,alphanumericSymbols,201.1
3062,nd7g!WHkhNf]$W{N=j]b)T*ZP{wvT==t,32,alphanumericSymbols,201.1
3063,"<zX#:iVD/y2rH*(.c#b^]k,|q9d3qTA&",32,alphanumericSymbols,201.1
3064,X9>u7yxu>#my.sU~#9<#YTFb]$<)/@<C,32,alphanumericSymbols,201.1
3065,c/feEUL|~R}H>mz[k|YKynut/sKws4r#,32,alphanumericSymbols,201.1
3066,"C@^.&,2.vfyhdra^-=m&Q@@{x3}aw$^r",32,alphanumericSymbols,201.1
3067,"M<K^)2y#/@ffD,Wp>v.XKU[j:y?qTV?A",32,alphanumericSymbols,201.1
3068,"|2$k!rc[#mkDC{&:2C/),]Yk+vW(jX4]",32,alphanumericSymbols,201.1
3069,[jfXw3y)Px*JYZ)m-PcY~&$D]Y(T#&/q,32,alphanumericSymbols,201.1
3070,$Vbr?pjw!+]ViwZwgn]X{A[T;{xZCXA#,32,alphanumericSymbols,201.1
3071,.Z3?a]$>(Yvm=F4*g;V[*TVt[KZ@Ce}h,32,alphanumericSymbols,201.1
3072,"ybi=XWFhNfAy2ev{44,b-zgr[:z9d{ad",32,alphanumericSymbols,201.1
3073,|jLMg-:UkX^~$T{<KexKE)_q9yNQK=Hx,32,alphanumericSymbols,201.1
3074,"/R%Q^,ij{9,V=U?bzRpFm:&TJAtWUA~:",32,alphanumericSymbols,201.1
3075,*V[Vt|K)TpqzrkH<uxEdffXy?$|H[E9e,32,alphanumericSymbols,201.1
3076,R*QN4aVx7}9).:T-rDxk27]/KMe4|NLU,32,alphanumericSymbols,201.1
3077,sj.j]a~$E/%e*~ymMQ:!}D(3s|zm?vmY,32,alphanumericSymbols,201.1
3078,"/H+UAv_j<w)?H:!:hJE,EZ&Rx,.xZ#WT",32,alphanumericSymbols,201.1
3079,"t[nsfuwN,N?pZ?gR~qhWVaXX7Z-!vix/",32,alphanumericSymbols,201.1
3080,zy7v+!Px+ed{F+Hsr##(^9]3ZT.Hh?zm,32,alphanumericSymbols,201.1
3081,^Euaq[R_HeA4}eD-m&b[E<ddVz4RYU97,32,alphanumericSymbols,201.1
3082,mq|[rYZ$n+j|Qcx/nFb9A[KN$F@g[mFt,32,alphanumericSymbols,201.1
3083,jkZtE^]s(.=m)-uT.WX{e3^umszq~){K,32,alphanumericSymbols,201.1
3084,"YjMt7fk<|&QUE.qdD^4c-{a,_$Y7&>[s",32,alphanumericSymbols,201.1
3085,"PjH%x==:DM9gW7/.P:+<p_X]e,}^^Xsb",32,alphanumericSymbols,201.1
3086,;)K*>7pnM!v(Y@ZmK-}Dwdu](:X[n;;H,32,alphanumericSymbols,201.1
3087,skdYax@3NTJ--Jh}>]HT2V|2MPa!M9<K,32,alphanumericSymbols,201.1
3088,@3Zjb4qJ.j;aMvjd&Vv@?F|bq3Zxe!$!,32,alphanumericSymbols,201.1
3089,"DC{$&[t37MM92E,:e;E]w@w{i~~xL*vp",32,alphanumericSymbols,201.1
3090,VwwF|;Wej+Hv{^+vLUXt3hqQr]~sTtb!,32,alphanumericSymbols,201.1
3091,}RdMaLz@{caPD[ftiAPxx:?rYx_;9-DP,32,alphanumericSymbols,201.1
3092,%F<K92n=43/^s7h{.t|?f];e&TZpc}~b,32,alphanumericSymbols,201.1
3093,":2]&#:AX*}xUfb%ydtJQu<qM2Vu].DZ,",32,alphanumericSymbols,201.1
3094,Abg#ACrYv)+E<.F/vpg.y9CX]AmR)nEe,32,alphanumericSymbols,201.1
3095,"WQg{i[|N,h_V|f^4[i[s4M/LwWQH~deQ",32,alphanumericSymbols,201.1
3096,??cN>F;b&mDqs2mQxxv)J^ZtveDwy}{d,32,alphanumericSymbols,201.1
3097,}DU#$Y%Hn~{&~Anx:p(K+W!A4_}7EYC&,32,alphanumericSymbols,201.1
3098,cw<:{j)hUd*:R&f(&3f_:Vy%;cTJr&ki,32,alphanumericSymbols,201.1
3099,u349fh%spvsk*K:7#RX^q9JLRz$tj<XP,32,alphanumericSymbols,201.1
3100,W@L]:mAezPy|&@kP)i/fUN3~cx_=D3c7,32,alphanumericSymbols,201.1
3101,rM3.P9W}{<Vgmnrj=E?+3t?ivy;y!H&n,32,alphanumericSymbols,201.1
3102,h!kc~iyh^#Uqjz(NDTVa*_m!*@K2_.Y&,32,alphanumericSymbols,201.1
3103,z|<&UTZDu{&J=Nv9tzpc:%RNw#=m<Lw4,32,alphanumericSymbols,201.1
3104,"MtbHzM;%&ti{Nt7],^|yWeKuCcf|]bKV",32,alphanumericSymbols,201.1
3105,"7WW@vnzv,zMY9wMW{%e9-WYDtP%p++2&",32,alphanumericSymbols,201.1
3106,ED$Ep#Ud-cv?s!:Rc}g^QR;N|g&dZ}Mr,32,alphanumericSymbols,201.1
3107,hm]aD;u?4PXMjX3chck29Vk;ww)T/f.4,32,alphanumericSymbols,201.1
3108,"+2_,nY,9#teQc@@XxN@RkRHt3~b47MDW",32,alphanumericSymbols,201.1
3109,N}7dvJVvT}|z2J&Wwhqs!>V2R<|&yJk<,32,alphanumericSymbols,201.1
3110,|={aQDxKWNsbfF|z4:hCt+K!ax9wkg{A,32,alphanumericSymbols,201.1
3111,~||M73t[>Te<yn4gbc[hT&ki@J.NpT>*,32,alphanumericSymbols,201.1
3112,"T^M#Df]d~C[%<J?|_+JRw~rA,-h$2n!s",32,alphanumericSymbols,201.1
3113,"!-3E|a($3M}%jtEw#axY,Nn=,$X9.c@Q",32,alphanumericSymbols,201.1
3114,(eD]kZ~u.jj9c:$9:i[~e{bxxgeF=xnj,32,alphanumericSymbols,201.1
3115,"Y%EzvgN+,:+pd^jw+m=C7~-wiq>Tca3R",32,alphanumericSymbols,201.1
3116,MzTy|2*XikxA/d7.P[VNY(>#yeb%[tnZ,32,alphanumericSymbols,201.1
3117,_YYcviZ/)CeepyCjp?iUN!VJa^k&N_-b,32,alphanumericSymbols,201.1
3118,N<<y>g]<HXsfnaN#$[Jj/3wT$bg[Pk^H,32,alphanumericSymbols,201.1
3119,Z[2~^m$XJbyL7ZJU:{TsP=AJP*M|}rw},32,alphanumericSymbols,201.1
3120,"V]CKw9pJD9A{L+bW*Ln,9rtN+TF)2<@)",32,alphanumericSymbols,201.1
3121,._z=T:RF&NCh=r3X*FEw3;=naQw$K42F,32,alphanumericSymbols,201.1
3122,"g*[,|akPQ%4~YR/jzayjweTKC>}UVu]p",32,alphanumericSymbols,201.1
3123,M+?t~__=Q7ECFf]NsTEqq)T#*L;uJ>__,32,alphanumericSymbols,201.1
3124,3(&a;bnasr@C_fFkJ;QxAqR~j#v_eV|-,32,alphanumericSymbols,201.1
3125,"bmsi>xt3wFf|)Me,()pK/E~4.DV?ic_b",32,alphanumericSymbols,201.1
3126,"NA@<Y#v,>sC3]RJYK:qfEpt%dVgv2?!}",32,alphanumericSymbols,201.1
3127,"a^:risXq}9#E,qh$/&ALKJ.ejDh]7at@",32,alphanumericSymbols,201.1
3128,3Qu-4xfs4x=df{79*?fm>t*y@xeL@HE{,32,alphanumericSymbols,201.1
3129,MK(RNXaLfLNtC^kU{wKhWK(#vjZz(|aF,32,alphanumericSymbols,201.1
3130,$mnwy;;Mb_{NqWZrn{TfU=%.!Hs.+A:F,32,alphanumericSymbols,201.1
3131,qhgLpTV?z@iP=]<!xL/Va7]Lb&)!QW+F,32,alphanumericSymbols,201.1
3132,wkKEa#}M}NH+?]Ve==!iNvWf@u>*L<m],32,alphanumericSymbols,201.1
3133,e=d|E@sE.[/]X<nYu(W$^vY~4+[u]{MF,32,alphanumericSymbols,201.1
3134,"MsLTe-($ur?TRd%>C.]7?/z3mEMJ,ekN",32,alphanumericSymbols,201.1
3135,_a&K^3W+u#ymH)K##&d-Z|E<d*{|JT)j,32,alphanumericSymbols,201.1
3136,~qx$/H(42b-hgqz#wCz{F*<tXg/yp}:!,32,alphanumericSymbols,201.1
3137,Wb7<Dt-|d7}Zhm;t#!n(Cer<s;}Z}*g_,32,alphanumericSymbols,201.1
3138,"u@_7ZJJ%{*dV,v/axK[pjiKib)ERH4is",32,alphanumericSymbols,201.1
3139,PAi}iN^/E>#;C=H(bE]u/*Us@2(+*A[:,32,alphanumericSymbols,201.1
3140,",mk.u+|ppWfDg:fbtC}+k,44$kFqKw~f",32,alphanumericSymbols,201.1
3141,ay#tM@g/;M2&pzi7|t2@Z:Jq^?P_&ATc,32,alphanumericSymbols,201.1
3142,h:kXY#VHdkRF!e%g^!WuQfVeu&eZr@>),32,alphanumericSymbols,201.1
3143,"E_-3Ed>mkF|{4;|R}[YA,A<r%qmrZut{",32,alphanumericSymbols,201.1
3144,".Qcz@3%.,r;9;w:RK*gpLhh|#:L:WX2h",32,alphanumericSymbols,201.1
3145,+h(e+YCN^AWkV(.f!x-PhYrUwZ4:YwL-,32,alphanumericSymbols,201.1
3146,"3FyKwd,Xb*dfLr@Z#aY}RC<Yh!ujC]q(",32,alphanumericSymbols,201.1
3147,"FvZRn%<)=h#9.ufEf)m.~T.3p,?/?wPJ",32,alphanumericSymbols,201.1
3148,"qi?=+gC?2pFPA_#7p,$rb[@wrR~Vy+ti",32,alphanumericSymbols,201.1
3149,.m}3{iR:WbniWwhq]F_yN7V7n?%9XR~z,32,alphanumericSymbols,201.1
3150,tHQZN>z@i3m43FTH+/YP$ZLR$.agq!A2,32,alphanumericSymbols,201.1
3151,"D[wZvqCP=9WQj,L=u)nt!*FFj|^njK>)",32,alphanumericSymbols,201.1
3152,#X+(Qm!<sm7j3T%>LyD@A}pQ>]r%7Z[d,32,alphanumericSymbols,201.1
3153,F^#jCyALD&$[tHuenY)j|mg>|_@T(4{Z,32,alphanumericSymbols,201.1
3154,f.nr;/?&:i.;vq%@2ct)=iCF[DKV_wK},32,alphanumericSymbols,201.1
3155,@mV[L@HctM|+/s$J:3ZzZA&N#LPLC^Zu,32,alphanumericSymbols,201.1
3156,z[hq7vw>+mC^Tua(h<Vm_*wHHU@)rd^|,32,alphanumericSymbols,201.1
3157,EKe=)pT]bz[g9:^;a{)H+#;*>Cf<mPx4,32,alphanumericSymbols,201.1
3158,"ai2<.2tL*?_$h/-:cqx)@d&+,a.ht}XL",32,alphanumericSymbols,201.1
3159,-:kLf_XcH($UphDjTLVu-K;/K]hM<+~^,32,alphanumericSymbols,201.1
3160,<.{KUd*^r<w-PkJ?+b&2AeYcigfc-Cbk,32,alphanumericSymbols,201.1
3161,"j%:A:JY/kug,ar$raC)nLPQ=MyLj+%-H",32,alphanumericSymbols,201.1
3162,t)3*$3rQQhfnhh^J.[LAq3mLpkUsT?|/,32,alphanumericSymbols,201.1
3163,[-cH]xkZ|iW?Jt9{!*#f(%WKHyLXfZCk,32,alphanumericSymbols,201.1
3164,CCM)-mp:2U#7b;g@U=cez=U}mvi9]@(T,32,alphanumericSymbols,201.1
3165,V=)#|>ViLiU~d7Jp%Khtip@4w*btPFN&,32,alphanumericSymbols,201.1
3166,?E&b#c#(f)cPw!{UE%v>7<3?.LDyfRr2,32,alphanumericSymbols,201.1
3167,;iL{h$MgKu@x-zpWZC[^#H}P9-]Pd=7:,32,alphanumericSymbols,201.1
3168,}}r.!2L7;^4[ynHy&{d}y~Y~m-h:4(t2,32,alphanumericSymbols,201.1
3169,@3!qE*qP(RC]H7K|F%yd:FuXT9Lt=%VK,32,alphanumericSymbols,201.1
3170,U]>f3[FVih2C$bTD>^?4PDJLb*q#?>s>,32,alphanumericSymbols,201.1
3171,k<y/R);wrb2Rb74ZPA@w{fWptYP_F3-A,32,alphanumericSymbols,201.1
3172,"RU{.u]R7WDQVVk*AY<!,TKUU_2nxH]g%",32,alphanumericSymbols,201.1
3173,pwP+evMv|Taha?nQj#kPU4a;PN@7aD[|,32,alphanumericSymbols,201.1
3174,"?m}2}y2,k=y}tM3PQcsfzcJban>>wWQ7",32,alphanumericSymbols,201.1
3175,"ym$,Q.s>uTQ-VW.$g;=9XK}9^_@]MQ7m",32,alphanumericSymbols,201.1
3176,4ZJx-_#(HVgkX(?#-s-[Tw<r]#:EvnZi,32,alphanumericSymbols,201.1
3177,":J+q|j|}-Xm%,dg]HkL<nYrsTC=ZVWD%",32,alphanumericSymbols,201.1
3178,vLy*+KT4usML.xNJ2;FN[Aeua*NFJ]Cf,32,alphanumericSymbols,201.1
3179,"i.*{Rv,nnX<}%}_ce^MwnJ~uv;q!yYQN",32,alphanumericSymbols,201.1
3180,?dp)xCdsjuRT[+pQ}^-cr>+>[N.z:<Mc,32,alphanumericSymbols,201.1
3181,euZd+FU$^&/~F:it=h7PP9D;4M^<N)_7,32,alphanumericSymbols,201.1
3182,"W&Hjs,gV2$+{es]rz{|*$_kV;E(>TH)T",32,alphanumericSymbols,201.1
3183,nPbJ>Uf!g$R>izukai#;7?_^_?Eee)2p,32,alphanumericSymbols,201.1
3184,pPj@?#C@;ec)?KFJ:+LV:qeY-wkq+a7!,32,alphanumericSymbols,201.1
3185,wFEy$;K=&x@E[WDApxa4t3Z4?<-w$=ry,32,alphanumericSymbols,201.1
3186,"%*TH23zAwv.brTyFmP.$ZgqUxNc&w%,y",32,alphanumericSymbols,201.1
3187,t/y#.N_X[+#;#Hw;Wn&(XgLK]v-#|_;[,32,alphanumericSymbols,201.1
3188,"n{w_(#H{33rnUZ?.3v,Xb~sV%p?:y&Kv",32,alphanumericSymbols,201.1
3189,[7u|*n{vxjTWz[%XVn{P:nL;MNaC(ft#,32,alphanumericSymbols,201.1
3190,wd@jxqkPybhnietT#(T^bxfc97=_D++F,32,alphanumericSymbols,201.1
3191,]e2L3sdN(dW(gvphaNvY..by4+hQe[|9,32,alphanumericSymbols,201.1
3192,"$Ti%{;ak>(gs3iA,j,r374>/>ks-4zKx",32,alphanumericSymbols,201.1
3193,>pM9RYY{J!m@w4f;_f-n9EJHW!aCy&P3,32,alphanumericSymbols,201.1
3194,"YJ,7y9N(RfW};iD+Y?~UyyMi?(zCQ3br",32,alphanumericSymbols,201.1
3195,nUmj.NLV#WAT|s|s@|MP%b=/i|Wv/?LV,32,alphanumericSymbols,201.1
3196,+qnPRC?cHP*k{:=g=QrJvVe4vW:M(<K],32,alphanumericSymbols,201.1
3197,(y%w_}>F_NDdHmpTv>4C|}TXx^Xnm_3F,32,alphanumericSymbols,201.1
3198,"tR,ch{Yv[>{,c/jm9e-r])bqd:w$U%K]",32,alphanumericSymbols,201.1
3199,b.qVpuY4p|^a&|.-qM;rTFYX!qtAszpk,32,alphanumericSymbols,201.1
3200,"cR*TNNs}n<MNE,>g=pR$pNaF^z9:dA~N",32,alphanumericSymbols,201.1
3201,"tb/Wt}=(j}[9Nxj?,%EK+]*aPD@k[Ea_",32,alphanumericSymbols,201.1
3202,")fKWFCU){VFY}4H~L>z}dpk3>,i9aavE",32,alphanumericSymbols,201.1
3203,"Q!p9y?TW<n^Tz:T=hc=U$)CaE+T,aH$v",32,alphanumericSymbols,201.1
3204,z/dYNtA3+7#D|A=.&*-eY9K;{AP/~V/v,32,alphanumericSymbols,201.1
3205,"UN|~;!Jy)v%qkJ<vW,gAP!d7f{M{=Xv}",32,alphanumericSymbols,201.1
3206,ctDZs}a*i}ThN_J9Q;rY{7kz>X(zRuC-,32,alphanumericSymbols,201.1
3207,@k^PMyQx(^Eed:%?$Q=3+eD{{-EU@;D@,32,alphanumericSymbols,201.1
3208,F>{zTraHE9t}Vte!iE<jyX@DNVfn)UhJ,32,alphanumericSymbols,201.1
3209,"#!+F[g,=r2RmNj.2~?N.@^XD[F}e^F:[",32,alphanumericSymbols,201.1
3210,"?3)@Kti&{Y|&_Ef],CV,DxzWW*q|*D37",32,alphanumericSymbols,201.1
3211,"WJU3T+]CLvgNQW>!y,Qz~_*u-e-7edjZ",32,alphanumericSymbols,201.1
3212,qt_NMW<w}|7jZVn_yVhdMH^AM@/.em_[,32,alphanumericSymbols,201.1
3213,mn<z=ARCD_;Q$b{+;KqujChyv{3fJyg{,32,alphanumericSymbols,201.1
3214,QANeWbt=)h/&]PH94+Q[@u4PnqJp2s(_,32,alphanumericSymbols,201.1
3215,"QAdK_4&L=},Ed(FY/+P&:g&?$q=.xKUL",32,alphanumericSymbols,201.1
3216,"4[g.2pd_V9VpNJXwrun/D[=HK/=~eV,q",32,alphanumericSymbols,201.1
3217,F@c/h9/3zRu9x$#m!k@a%nujt!T3e^Yz,32,alphanumericSymbols,201.1
3218,kp%k+H:AV7LA@+sTyz%mQF=x7:TFJFc!,32,alphanumericSymbols,201.1
3219,"/NMD@{mR*+e~>vE3,T;eq!*&!h*[X{Q)",32,alphanumericSymbols,201.1
3220,>MT]qc>ZgE;>|>Y&d=Fy:jbwe+{d-cCp,32,alphanumericSymbols,201.1
3221,:2MJ}vQn4>Vpvv@r%C#-Mv[7dqg)<&KN,32,alphanumericSymbols,201.1
3222,Qp(x-Pdw&kHV_ew>KHCCf_mv[p4+M_>|,32,alphanumericSymbols,201.1
3223,m]/y<MNv.*h=F:^|^vt#Vgb^h7knfEz),32,alphanumericSymbols,201.1
3224,U}[R=!v$c$vj$pea~dswA<]A9u$$m]ri,32,alphanumericSymbols,201.1
3225,"2]:aLH$$xN|)^2,P*<mmxHn;=>|W4ip#",32,alphanumericSymbols,201.1
3226,^7)<>ND(T}%x.J@]dV@D@P:WH9d-rh$n,32,alphanumericSymbols,201.1
3227,3+}CAj!4(7z[N$W@$Z:x~J&Xv:VdF2tF,32,alphanumericSymbols,201.1
3228,y=?PWhnkHe&i/!T&NQqUX;t;-gQ7Y><c,32,alphanumericSymbols,201.1
3229,";yt,}-3!@Y^-E[^PT+LY}cv3:XcyP>[$",32,alphanumericSymbols,201.1
3230,~2F7~Tbthwq)c-m=LP9xMm}9<btn(f.r,32,alphanumericSymbols,201.1
3231,C.*X?T}!/:QF*7@Thg}:cdj.>#w+D-qb,32,alphanumericSymbols,201.1
3232,"dzaAF-$@UQikeH;.(e,q9$LYtt7f4VT)",32,alphanumericSymbols,201.1
3233,K]{m:Jg37uws~2nJp_:kq2&n{ib7XL*u,32,alphanumericSymbols,201.1
3234,=zbp47KU<t@%.z{|=xJnq>+R+7RZN$Li,32,alphanumericSymbols,201.1
3235,"KD,%_vsy9f^4zy%UAT<A}Y|_v$w3R,&%",32,alphanumericSymbols,201.1
3236,"%,i{3WhE*ki|JWteJc}?e^KA2#-LZe;^",32,alphanumericSymbols,201.1
3237,NDVU!}|rK~?r~>k=jF.&)}-ytfpn{HY=,32,alphanumericSymbols,201.1
3238,];hs_J!|^2HPCR7P)z|[4^i{jpH]K>Yq,32,alphanumericSymbols,201.1
3239,PCKafyKsL@^3wx$=YT?|_~cYR3q@gd|?,32,alphanumericSymbols,201.1
3240,"rVhZb=.E$pcL,Q3VwkFJ>ce;%etY4q+d",32,alphanumericSymbols,201.1
3241,L%gkz!)c3Z!7a~K.T2=!$&K2vWv=KggV,32,alphanumericSymbols,201.1
3242,cxq@4mFQbANXF](~Cb$CmMd!VA=W94JW,32,alphanumericSymbols,201.1
3243,?QR(b}*N}e@4&xReJ+T+quL7M+AMypEs,32,alphanumericSymbols,201.1
3244,!(a)N$^}#<g??$Q>m4j@s%]>FpPPqF:7,32,alphanumericSymbols,201.1
3245,9Q+NuPMRJ7y.J_^X<HV)7;|:H*|2J$*<,32,alphanumericSymbols,201.1
3246,T|JZsR[)ant*wV%]b7d*Vw=uHY_j/F~c,32,alphanumericSymbols,201.1
3247,">vyKmTq>FFw*[Jku-T|,znJUWV;txRc3",32,alphanumericSymbols,201.1
3248,2Vu-AU>+sz2fwA4U&2v4(/judeQZrPLX,32,alphanumericSymbols,201.1
3249,R&?AkhDQwv4@mMas}}pEq<^Ve+DKzL9),32,alphanumericSymbols,201.1
3250,#e:{aw?(Cj+A~WrtF+zEmdQyk>n!xj;U,32,alphanumericSymbols,201.1
3251,"mN@cKP#72R[:e;FiH?h{dFmWL(Z#>9,n",32,alphanumericSymbols,201.1
3252,"cTR=zXkt!LhYX.}fD4j=pfZt@uq?*,|A",32,alphanumericSymbols,201.1
3253,@disdz_PmF/g|c%RY|rjx|v;UCQPrALM,32,alphanumericSymbols,201.1
3254,.X9Eby-L}g[P_D_3CV*_[Ai)*#vs$E}f,32,alphanumericSymbols,201.1
3255,h&]u#heC4N&w@:}]hm=;]Ur.$f>!)V|m,32,alphanumericSymbols,201.1
3256,cTA?@eN4rPF|Pu*CD/j>R:dAE{qd%+9[,32,alphanumericSymbols,201.1
3257,"$4>V-VP&^~zxn4%d{9PMi|~vA|4,RYJ,",32,alphanumericSymbols,201.1
3258,"(H*bdr,&3[qEXmLZCC@Tcz=_7A7J$fnM",32,alphanumericSymbols,201.1
3259,"wbLst9Dun#H,su}RnPT|_-*![|>!wDwN",32,alphanumericSymbols,201.1
3260,ULUiRvfx<vR!!]a4s)2mQ+UA_T[NjQw^,32,alphanumericSymbols,201.1
3261,"QC#c$4vHJ(Q{V-9F/rW}4,+9Afdr;g~H",32,alphanumericSymbols,201.1
3262,";9E_)@Qq~<;@%rP,9R)C{F*[Lg%*C+4e",32,alphanumericSymbols,201.1
3263,%kg]+M-~h==)tj(TzmyMUvRp+h+ra~mz,32,alphanumericSymbols,201.1
3264,"rE,<99-$U;;sk]NbPp{9(4>bx|.:Mk.9",32,alphanumericSymbols,201.1
3265,"s#h[gi%a:?__b[WHyt=4/9T,Pd&!4PT~",32,alphanumericSymbols,201.1
3266,.Q&zvvReszF]Hq$pKqX[UwC$C[PLnkMa,32,alphanumericSymbols,201.1
3267,b{~kDL;wj?Ze{-cZQC]YcHr%#Q2xu]t%,32,alphanumericSymbols,201.1
3268,"2Q~^$nM!u+bEZ;Kv*)Nic$]tEk,gV+h3",32,alphanumericSymbols,201.1
3269,^dpW}Y3TMbnd%e~gm3=k@q7eV!bp$.q&,32,alphanumericSymbols,201.1
3270,",<,{mCywq,cgs~9=pyqufjKqL(*/kAum",32,alphanumericSymbols,201.1
3271,c;<wN9$_]q$>kF~3#D*2T>W[=-A.XCx~,32,alphanumericSymbols,201.1
3272,7%2mnwfTM!M&Jd:aX4#ee-*Y{Q]KQ=v$,32,alphanumericSymbols,201.1
3273,Cp<{9c#.!ptCE]{ZYi<>@!$-7L4KQ.!W,32,alphanumericSymbols,201.1
3274,twU|jfTc:x2R>=H9{jJkU.9#|:wH[QVd,32,alphanumericSymbols,201.1
3275,x>)fic_UE#k;yEfq3LktL[Pw%M_<fF#{,32,alphanumericSymbols,201.1
3276,bZ+2yz4MR:4a[E2+%AD?PaaxLX:Wdcuj,32,alphanumericSymbols,201.1
3277,"ixa/>KYmseN|Z2dh2w.*hvr]:_jb,zgP",32,alphanumericSymbols,201.1
3278,9~uE.V_9gL&L7~^7TW>wXY(w.YmDQPsc,32,alphanumericSymbols,201.1
3279,PKyC#&ngThQ7Z#.cwFdN{%<RY!/P]^&V,32,alphanumericSymbols,201.1
3280,uHs!3_3vQ-_Z@UN42UnfN[+:Pu=h3Dia,32,alphanumericSymbols,201.1
3281,W3Vqnd)JEHNw(XseiXscw#3h?L:L]!jw,32,alphanumericSymbols,201.1
3282,<)*-#as-TjEVJdy[siV/U@D^~c#7qkQ;,32,alphanumericSymbols,201.1
3283,NrmKwhwR-;ct-FX{sgbg$d&$@i<@/EJ2,32,alphanumericSymbols,201.1
3284,CQTb-)QmibrX2~XgLvDv)d)puCTK4DWX,32,alphanumericSymbols,201.1
3285,"/w<f?sC<fmL<g()%Z<wz^$hhT*Zx,Tz.",32,alphanumericSymbols,201.1
3286,"}cC$XDp+Jbt7CPi!yDMR/[|Vrk,T=J_@",32,alphanumericSymbols,201.1
3287,:zQ/_e}r/e-@brMnZWA2/QRn?yw%V:KP,32,alphanumericSymbols,201.1
3288,d@~+4K%iKfe=EkkNNZsp:^ALvv4)7k&+,32,alphanumericSymbols,201.1
3289,>^hHAJ$;H7njUukmqqm4%k:%Cew%c34&,32,alphanumericSymbols,201.1
3290,La!gv-b(w~ZFFpt_r!;J]tht)bt7pE7w,32,alphanumericSymbols,201.1
3291,DrR%MrU4PjK+CkC#4vp+jRtACsXe~>(-,32,alphanumericSymbols,201.1
3292,7=}aM:(-a*D|iXqC./%)Ze}>n]%cJf?^,32,alphanumericSymbols,201.1
3293,"A^3t>j_Vk<(f,.hz}uH&!urC>j3i3_ZE",32,alphanumericSymbols,201.1
3294,4L~zFnbbQv_+$gYU$kkHVp{U$Te/(Vt),32,alphanumericSymbols,201.1
3295,PcQmsk^~s.@*y<&4DjNypL4Vk%RMCR>b,32,alphanumericSymbols,201.1
3296,fbn@&-#H2+gfh=~u^LfUkHs/JpirTV[|,32,alphanumericSymbols,201.1
3297,QQh=/4pNr]fkf]_tEU9mf)+U$wH.)cXx,32,alphanumericSymbols,201.1
3298,yEE+:u!A]mE:7yR;TqMj&]fv9d$pf#g>,32,alphanumericSymbols,201.1
3299,"Z,k*bq_>_V@qX;vJ3{H4^{{Ln4AJHajF",32,alphanumericSymbols,201.1
3300,"Vp-Mtjt)vg,&z[{7<d%dDe7tvC#~kwL{",32,alphanumericSymbols,201.1
3301,"_,ze%]]}~p$:Cz:rNM!Q>P]t-{eiy/ic",32,alphanumericSymbols,201.1
3302,_2cjWAdnatgb~LZ}@nk2u9wNe*}bzAEm,32,alphanumericSymbols,201.1
3303,WHu9/zZpax-hHzM@>_c.R4/[.Ry?A4KD,32,alphanumericSymbols,201.1
3304,"Z%A^@ixmz,|W>zPz=tgYbXQHUL,WveT4",32,alphanumericSymbols,201.1
3305,{:wsX*]X4Hwv{t(W+;*4Qz.Hs.Kg|gRL,32,alphanumericSymbols,201.1
3306,we:<(3&k#[=+DY!UV;YuRUQkg<nkD@.L,32,alphanumericSymbols,201.1
3307,"H#,MCU9rd)(;(|Wt.Xx{QdT/[&tZqvK,",32,alphanumericSymbols,201.1
3308,e.*y?L.4m;j/[im*D%dJyd{>~|wJ^k9i,32,alphanumericSymbols,201.1
3309,HP]#Y]Mtp#E3T.*ess#9?aYxv>]*X9iy,32,alphanumericSymbols,201.1
3310,rTLHPsgQ#tbZAx!DEMVqp32~dmjg-!Y#,32,alphanumericSymbols,201.1
3311,"2j&$i2:diMXZ@-+9Z:,#jrE|^y^>#eyE",32,alphanumericSymbols,201.1
3312,_QbWt:C2)W/;@[~/>Dr%Tg-uu9^bbqgm,32,alphanumericSymbols,201.1
3313,3uF+3:i!*J_J&Q&j<DsrVpHi?j4&Q%2v,32,alphanumericSymbols,201.1
3314,Z.jygd{.tA7dP/aEJ%CQEpVg9Rw2|{np,32,alphanumericSymbols,201.1
3315,CfL47:fk>-=D{3vq:@pP-My?cXa9m]Uc,32,alphanumericSymbols,201.1
3316,"e7H,en{P.L{R7pZC&?d@n7ag;(e%3mJX",32,alphanumericSymbols,201.1
3317,{~KpEc>NECThY{f@Ts+L|.*HpzDw^3CV,32,alphanumericSymbols,201.1
3318,"JRK>uX=_kk!;f@x_7aK?)!#&?v[i,q?#",32,alphanumericSymbols,201.1
3319,"iP&aV-,$kY-9kQ3hY2<bE*jUR.n!a*<%",32,alphanumericSymbols,201.1
3320,y3+{K9q)f|k>]D[#aA_JmqVN4im@u7*Z,32,alphanumericSymbols,201.1
3321,]un73Wn=nV$Wyt3nh!$CRT*Zew.~VAFp,32,alphanumericSymbols,201.1
3322,?fV^h3^~]>R=xcD;p-D]AMsYgbwXgVfQ,32,alphanumericSymbols,201.1
3323,*.M]hT]FF~e_V<u=Y9Mj[XjrnJt?<4h/,32,alphanumericSymbols,201.1
3324,:P]U!hPTz:{LF.ks_=|($!!;}=4ac}XE,32,alphanumericSymbols,201.1
3325,)(JwC)f*P[!^)dyZ<Yvn^Kp#Wv@3R27U,32,alphanumericSymbols,201.1
3326,_94ga27.RjCui][e-uA~qQnX:2<eQ@2J,32,alphanumericSymbols,201.1
3327,DTKk(E-L{XDC/P)n)7MtPu#9UR4T<:s.,32,alphanumericSymbols,201.1
3328,"@|-L=^Y}hdCp9Vsnk,-[)$AVTi7Tm{[Z",32,alphanumericSymbols,201.1
3329,~_uR}_fACNbckR%9qg*z[=x@:9:%k<7t,32,alphanumericSymbols,201.1
3330,"pUkwz+_:h4]j!,Z=:w#a2K7RZj%WmvJK",32,alphanumericSymbols,201.1
3331,W)_cth.<CDNht:s=4;W4nQ|ZU}(E=u2L,32,alphanumericSymbols,201.1
3332,"AQE>*zt~m=Yx-UHZ$U,*bA9vi;*XAMT=",32,alphanumericSymbols,201.1
3333,<{DDV+q$QA7hT+UuYN?9:<4EKtqQC3E|,32,alphanumericSymbols,201.1
3334,"(ikXjpe3sj+E=}@;Jh77%p-vQ,?KCC;A",32,alphanumericSymbols,201.1
3335,*k!/2{.UcP@YzgD.WRtvCj(J*|H{eEnR,32,alphanumericSymbols,201.1
3336,"H:L][MHbA*D3#_J{?WT#,j@<=pji;~{:",32,alphanumericSymbols,201.1
3337,U|Xv~$^sXF(W_^f=EH(hj44R$XamELE4,32,alphanumericSymbols,201.1
3338,"Dt;}UV*d@qY+,&K(9FWpW_F;9#tewx/j",32,alphanumericSymbols,201.1
3339,"3yH)e,?9NyA:aC;2>w%sVKUg;([7z&AQ",32,alphanumericSymbols,201.1
3340,pV*c@:L|Hg3=(*MpPD9_MAZ2gjfs@;r#,32,alphanumericSymbols,201.1
3341,^h^3Kqu/|$u-_9y=h<_VrHu[&(Km&mx/,32,alphanumericSymbols,201.1
3342,"jEK[X32ycwswyz2]7uwdpu#Wdh,Dfnq|",32,alphanumericSymbols,201.1
3343,3MZs(;C$QJJvCsaLU|>PW:^YXf~(=+[$,32,alphanumericSymbols,201.1
3344,Xy{=qK+TpZJ;kF-/bRKFhW)Td_XEg#N),32,alphanumericSymbols,201.1
3345,c+f=:7#y=sJVjqJqcz+H#Q[![h)9$#nd,32,alphanumericSymbols,201.1
3346,W|F4{;bP4u];:CvLYvvk?+yaxQc2qFE^,32,alphanumericSymbols,201.1
3347,=>UFd/y_>e-<&cdmPt:CtD=#}#/ex?XT,32,alphanumericSymbols,201.1
3348,9v&?9Wcibz_|=]Aak9?apYy{xPrDF&Hz,32,alphanumericSymbols,201.1
3349,J2DAuibLZg<LpY]z32sv^2%CVU^.sQ^J,32,alphanumericSymbols,201.1
3350,w{dUA4.bgMX9Nfxe<KFebep/K/#UFTvp,32,alphanumericSymbols,201.1
3351,#X]_keEY4hY)gx[Rb{{[tWfX_hi}^dAe,32,alphanumericSymbols,201.1
3352,.7zY+Dh)9L<%b@fFQ{Xjf2|KcM&H^+><,32,alphanumericSymbols,201.1
3353,*w+nfdW?KkZz]+QD]K3VgXZ+ggFJ[<Rh,32,alphanumericSymbols,201.1
3354,u>V/@@VXp)W[@g@E/x_KAR3{y)ty7W>T,32,alphanumericSymbols,201.1
3355,#KV2U)cd:q3v_kQ.bYMrDVqj]WXfHK<?,32,alphanumericSymbols,201.1
3356,<;x)Xy_|p!~mFb3c=~AQ9E+q[DmvR_sk,32,alphanumericSymbols,201.1
3357,"uv!:a).fM$r,|JTU>22i^e-H#rc%,-i)",32,alphanumericSymbols,201.1
3358,TXT{Jdr?ZNVW@AgPvs^<xqe2XYjx+WTY,32,alphanumericSymbols,201.1
3359,*Nt#+_Qr!NWCLd%_dE/w=<4%&|7Q&yAg,32,alphanumericSymbols,201.1
3360,W^Tz+Zad7KrX;>7z!q@<4yfpX{j)v&7b,32,alphanumericSymbols,201.1
3361,(9Vs(UtF{VCM>FT[!bHyD=uQY9jPh.7p,32,alphanumericSymbols,201.1
3362,E}}RVDcP$ds-)w=aznk3[}{Kq2k9WYm#,32,alphanumericSymbols,201.1
3363,iRbV}uxL#^?4?pjF.(N{{Pm44m~h_[)+,32,alphanumericSymbols,201.1
3364,W]bA$@M{CM%w_~E/f~#+($C!g(@<Yy*b,32,alphanumericSymbols,201.1
3365,"MfT/_b,j_|yU,b$sYk:hR]E3cR;Cy{E}",32,alphanumericSymbols,201.1
3366,",V$b=WT(nwZN@N(KCuQ,+2u9nwXv)Q[t",32,alphanumericSymbols,201.1
3367,";z{9H|r{U(U/7-Cg#ZWLtgpUYkn,g{!-",32,alphanumericSymbols,201.1
3368,"yHf/,?;%]2k.r(xVFdtq+@[dd))wC&zn",32,alphanumericSymbols,201.1
3369,h[%-P9{C[MhMDKMHL::&=fZYM$w*KbFc,32,alphanumericSymbols,201.1
3370,&Q9!H.@R%-x4y<*ezp*y/#)Xc^DQ$#%n,32,alphanumericSymbols,201.1
3371,/RwRy=yJPY.R+Kc4+LK^d2uKrt@EsnQh,32,alphanumericSymbols,201.1
3372,m;XE2xnFEcpnhU!<;ZN!Z]sN-Y@Fvsym,32,alphanumericSymbols,201.1
3373,LYhM$[^@zb;WXyg)ud-}%ty?n!%R7Fj_,32,alphanumericSymbols,201.1
3374,~N*)YvF=j@cR;gXZzv#WwWk$c?t9f;~[,32,alphanumericSymbols,201.1
3375,Rpm%hzh-C^/~9^Z~ms|:!/WUi^Zkj%2W,32,alphanumericSymbols,201.1
3376,"JiMeb9-2z[,<ak!#3,4WJCUNLd&sjM@V",32,alphanumericSymbols,201.1
3377,RV/A;ZZj=eZnrNn9=yW[$t4)ej$i-#Zy,32,alphanumericSymbols,201.1
3378,"w?$$7NTzAjd|=kvg}<Prn+=)Xpe:_,D)",32,alphanumericSymbols,201.1
3379,bZ>A3|@^@w_|A!--[2kqkdP%<2nNPZ{A,32,alphanumericSymbols,201.1
3380,";jb,n4/[732PbJ<fvrq<%!DAWp+C+]UL",32,alphanumericSymbols,201.1
3381,WmCXt4a4Mhn:7HU-U%;7kVX&w#|zdRpd,32,alphanumericSymbols,201.1
3382,<7pae7KwFM-w&+@>k/H|xd/WtAgRuedL,32,alphanumericSymbols,201.1
3383,;kzNT^w*K[xr3~$YP[Q[<bjn4&J!XccL,32,alphanumericSymbols,201.1
3384,h^kqix]iy.@cAxZR-}nrDhW}v]Vb4kt[,32,alphanumericSymbols,201.1
3385,=WMHA!y*X]|^LYU/}U/J_FCECQA/c$3},32,alphanumericSymbols,201.1
3386,-!@Z>XX4]^F*7/$iHw/TsJD.AVt)Vmbv,32,alphanumericSymbols,201.1
3387,qFH&+%m|Wa^yN.)^:;cW>33hjLv!$ba&,32,alphanumericSymbols,201.1
3388,~Y+vT}L@{=<dv-CK}(Nka&vZj474z]n[,32,alphanumericSymbols,201.1
3389,"N{+NM(b7s;FMT^cX:!#2n-Y/;&H,YkeK",32,alphanumericSymbols,201.1
3390,h$@tyiD]Cf@MuYt.e$hT{(-Ju4-nu^/@,32,alphanumericSymbols,201.1
3391,"$zUaWMRD=q{*AYFppe={&r,Eh4arA^2s",32,alphanumericSymbols,201.1
3392,vV7Xz9rghW&_~=&>#Y[{!tC((^7rKmc&,32,alphanumericSymbols,201.1
3393,$%%L/cL{a9R$wx2:dDaxqjwH~[@.qy/U,32,alphanumericSymbols,201.1
3394,@u~{tWg-N9)2->M!.rdk#_Q!7?^Uav3L,32,alphanumericSymbols,201.1
3395,"KM&}E+Lf9n_y@$~A,gakuTHKM}+wpwM>",32,alphanumericSymbols,201.1
3396,#%YhsLp+]ETUY~%&T)P.cRM%Ke3Rsr)@,32,alphanumericSymbols,201.1
3397,"4gpcE772gx&*J#p,.:|eymR2@M2a=|4X",32,alphanumericSymbols,201.1
3398,"Lt?MDPh$hKL.!RuxRTn:+,;xr#v3~UhQ",32,alphanumericSymbols,201.1
3399,i~]RTiw)%@mz(=?WTHm=qy~nm(m|PzHT,32,alphanumericSymbols,201.1
3400,",Z.!|ap},Y!CkH^4jekT4u?eUkyc/R~^",32,alphanumericSymbols,201.1
3401,p!AdR*~;ThaDe3ZW[$bM:*uL|9K)^dWq,32,alphanumericSymbols,201.1
3402,(|2:.&DmV*3CyfPR2>cic:zY@n>w(?k+,32,alphanumericSymbols,201.1
3403,-ZtPsAHeE4$b7!3cwa}*>FUq?]K+|/fT,32,alphanumericSymbols,201.1
3404,za!-P?)Fk=-iFfg*2(._y%%nT/h(?^N!,32,alphanumericSymbols,201.1
3405,n;3;(eR7^?N&/XutTwVi>;|ke[WUqREN,32,alphanumericSymbols,201.1
3406,"+>(4d!N@iV.,WxHhemeU&wKa*+r%M,b[",32,alphanumericSymbols,201.1
3407,Y2g%E)!7;(YZ7capvC:-!eDQ;ZhCmv.),32,alphanumericSymbols,201.1
3408,|7([CtU)K(f|?hawrXjzcb@a4U3+().v,32,alphanumericSymbols,201.1
3409,=DX22A)$hsbx4</rWHt{=XFUAnkw.+<%,32,alphanumericSymbols,201.1
3410,"yDMj9PqH/C#zjyqbF7mybta4g&Tk2,3M",32,alphanumericSymbols,201.1
3411,W;+(v:{ie}]-+Jp;sJ}!pX7UHTbH=XD~,32,alphanumericSymbols,201.1
3412,H^wY%Pc}J<7%qzsW/]Q[_FesD!KjmdZp,32,alphanumericSymbols,201.1
3413,LD4kXLkKTJE*/=NR$h^37]Y=2h#*4xNs,32,alphanumericSymbols,201.1
3414,"i+s!d]:!uwz_bU}=UR,@p%W(4THN~/cn",32,alphanumericSymbols,201.1
3415,|q#}VH4mKKX_}+m~%XWLU[T>sm$gwDK%,32,alphanumericSymbols,201.1
3416,N(%{]{EXk!><heH7kfL-uK3./utdd:#h,32,alphanumericSymbols,201.1
3417,NfUDE3(@7b7w_T*:gxLm:.]kqpeWAJ)!,32,alphanumericSymbols,201.1
3418,_ZwJ/TeM%hxJ4w}p(#Y=Lc$)_$Y;x<q*,32,alphanumericSymbols,201.1
3419,"!<W#Zs_nTr|^Qy[P@X^R;f^iC~k^,,*h",32,alphanumericSymbols,201.1
3420,"Un74>djq:W(DF*,.tk+dM.c<3p,Am+gQ",32,alphanumericSymbols,201.1
3421,"d(j:+#Us{^?uEaP2C/2NXQ,$]f_.(=;c",32,alphanumericSymbols,201.1
3422,$)yxgqhQJxPtwDQdb*{V<4{[JH_uQ*pw,32,alphanumericSymbols,201.1
3423,&mtvV4yuU7Tda_K3xE%Z;Lyt/zz2tufD,32,alphanumericSymbols,201.1
3424,"mR&jNH(kvnz=q@r|s(N$,7.*@s[W-M.)",32,alphanumericSymbols,201.1
3425,R(eivT77w]&:(Jx}@pbVM_atxR)F{pY#,32,alphanumericSymbols,201.1
3426,g%_uf9$$7/Zh+Cm]kNKY%nExe#vbt=CP,32,alphanumericSymbols,201.1
3427,N<wh!xefg~AZNtkwVUmy:J;Y2<[-!]&?,32,alphanumericSymbols,201.1
3428,j[aLq&EqV>UkhZ+f=eXdn4:PJ)J)u%U),32,alphanumericSymbols,201.1
3429,"Jm+>,F@TnnE&v;^@@%F}(&3M_n(#PgL9",32,alphanumericSymbols,201.1
3430,"Vwt}ghh$#}_nC!{d#=PY,||2_|;XL,Fw",32,alphanumericSymbols,201.1
3431,-gyK;m_]R2w+J)inu<NM{sbD]Xu2&k3),32,alphanumericSymbols,201.1
3432,bCEL?YMH|QxERMd=#nRJ%*;zHi|.Mvq$,32,alphanumericSymbols,201.1
3433,k3J&.u|7Dpa//!frU>|K>ezbq3>|]n)R,32,alphanumericSymbols,201.1
3434,mqPdF^@J*TdaMrUhx(M)?{mqV#[skfMK,32,alphanumericSymbols,201.1
3435,"A%q;_~Y4-,=x@hmP=9.Z4h#?-RWVv,^%",32,alphanumericSymbols,201.1
3436,&k=y]|x{Y>77Aik@Xz-T;94~t$_T}kZg,32,alphanumericSymbols,201.1
3437,",2qy;|J-j]K%~*JM$2gaZ$C?kv|K~|by",32,alphanumericSymbols,201.1
3438,"TzHZ@u}s/Ci&V,}_C~ZN+:DPAih+YfrH",32,alphanumericSymbols,201.1
3439,"w=aPn,v$=&|.((_)(z]VH<<,ngEJb^v/",32,alphanumericSymbols,201.1
3440,"3R9.,}zeC7,*-NY>h=PE-,2dZTN]_CYq",32,alphanumericSymbols,201.1
3441,"(CK~zHJXyTq{~!XhLPF!j|wUY-;[[p-,",32,alphanumericSymbols,201.1
3442,",<Yd&f*~AN(XP*~D~w[%E$}{wm<uF%_F",32,alphanumericSymbols,201.1
3443,?(Mv&DTgN?if[_9r*iY}}k|gn=Vvn}[w,32,alphanumericSymbols,201.1
3444,"~,[g7t/~Y4,Yc2/?zR]R+x@:TR@4Dz%Y",32,alphanumericSymbols,201.1
3445,"H@N?.{uv,;#|zH/!v=:%u,Ei}MHi(-A;",32,alphanumericSymbols,201.1
3446,&v?LWE7W;HkcFL+&X^a2!mX7CT~:b|?k,32,alphanumericSymbols,201.1
3447,bnv_ZD<(}F}b).=QWiEiqtn4F[UiMYpf,32,alphanumericSymbols,201.1
3448,~-r~sV)df/HWz$K3NT*aDefF%+g<Uhrs,32,alphanumericSymbols,201.1
3449,"fX.?yhL,,RPisab>mi/jFnF#zJP/h:M.",32,alphanumericSymbols,201.1
3450,QW(KLQ>.Qb2/&/x2KqT-e[{wr)_LHu3>,32,alphanumericSymbols,201.1
3451,.Nrh=g=m{;ZkWU!m!V!eZ>M)mk~L)xTq,32,alphanumericSymbols,201.1
3452,++}3mA9u#!|&_~MX>*skTU4rY:xX|HNZ,32,alphanumericSymbols,201.1
3453,"VVm4h*3X,_)Yw,m-=Mf?Y#)p_bA[[;<h",32,alphanumericSymbols,201.1
3454,"qeL7u^29EM=*][,D)dX9xm-$j)tz~&hQ",32,alphanumericSymbols,201.1
3455,"?@p&@]Ed.#/,HkhX%n}zXfnLa3LtDuDi",32,alphanumericSymbols,201.1
3456,"q,qm(!><},|.Rr*Pg&4q#N-Q}Ls>}L:-",32,alphanumericSymbols,201.1
3457,Kuh$N@v}~y:}y_gN:xx9e;pU3gb<^=b7,32,alphanumericSymbols,201.1
3458,[>Rmf{.{3bW-y]Jp.pF/H.L#{jsNuA+z,32,alphanumericSymbols,201.1
3459,=+;wQEK}>+Q@/-gEhs9$EmgMpmdgsJxy,32,alphanumericSymbols,201.1
3460,",a|k=]&Jh;:Jrhe)(tJd>2*@?[H(p|qn",32,alphanumericSymbols,201.1
3461,>_jj<i~pi$~)EVcuVcjnz.MDuC--L$|],32,alphanumericSymbols,201.1
3462,@:E$Yg}ZcfRM~%h^tHj>?YU;Ve7z7eak,32,alphanumericSymbols,201.1
3463,"Ryvw!,}q<_N]:2t>^=aqHAdp;FUMvkr_",32,alphanumericSymbols,201.1
3464,J=x@Th?ig[7T&[gnZ}YM+KK*|ZFbg^]q,32,alphanumericSymbols,201.1
3465,JW>)=73i.&%#@-LUF).Hn|%c/=;YXWeX,32,alphanumericSymbols,201.1
3466,",Psdg*ez*]Rgy.v|mxp>ND%.wh!C%P!Z",32,alphanumericSymbols,201.1
3467,[!!~JZP@!xUtV}rPQ?cE;$WbFsT^?NRv,32,alphanumericSymbols,201.1
3468,z.qFF>pj{#F)nqdLDzQ#y%:id:b;}PY3,32,alphanumericSymbols,201.1
3469,a(DFCFQ)w7Hk;WAL<]j4Q2~:c;e?Zx}<,32,alphanumericSymbols,201.1
3470,")XbekN{f,h>eE2m9m)Hy.m_>fU:]h@*>",32,alphanumericSymbols,201.1
3471,FjWW@?:($Z+(bT;VF-M;xE$T:@}NbFeE,32,alphanumericSymbols,201.1
3472,",T$#>LznK!JWi<JK=a<t:C[QCF<|)|TY",32,alphanumericSymbols,201.1
3473,"RA]=*eDe3,t~K;C*g|JkXEj/?@J)D%m*",32,alphanumericSymbols,201.1
3474,b/!zfp<3v;Nq^*-Nh!WV_beL|tQLPd>R,32,alphanumericSymbols,201.1
3475,EM+zmEMu;k9peEd:/Kkm]cqjd|;vEKZ},32,alphanumericSymbols,201.1
3476,4=Xby3<!RHe&>nD$%JdnEpw_7xpc#m@C,32,alphanumericSymbols,201.1
3477,"+(ZcH.#Y4,2fbN>(Fx,xa<-cd=9ejwpf",32,alphanumericSymbols,201.1
3478,"y@=,e&ss&<hHEd2Z:3zatgDv#U4;NP3?",32,alphanumericSymbols,201.1
3479,P<hNiw/b[p{)cK$g{jyy}L3>D-(m|q{>,32,alphanumericSymbols,201.1
3480,_b-bY$:zTXv79eZ-=zUh+Fq)%^-s9W_d,32,alphanumericSymbols,201.1
3481,"W&x<$aH#T;ss7P-hbf_tv,4Q9~Pe:xx<",32,alphanumericSymbols,201.1
3482,=uQP#aZ!imJi7pm}H37=s?Y^af~HerL+,32,alphanumericSymbols,201.1
3483,AeeLNW%i-kj)!R&!~;/^rNavs[hH$?Mq,32,alphanumericSymbols,201.1
3484,"tzP/XR4YxW2,p=/Ejv$.H4(psUj.[AC=",32,alphanumericSymbols,201.1
3485,nXDJMJZFqxKrZ3x$EaMgJDVY4^=HhhYW,32,alphanumericSymbols,201.1
3486,^4v2=%^x9]r-}b.Xw)bnTt}mfmqeh?&R,32,alphanumericSymbols,201.1
3487,v[a%3nv{f@.a{F_/49(qEV:rVt*2ANRJ,32,alphanumericSymbols,201.1
3488,w&$zjLKu.+sKpEpT4!%[+ytbK|KC^Q{i,32,alphanumericSymbols,201.1
3489,"xF~!A_baZK+s!,yQaq{M-fWps.,Q/M%Y",32,alphanumericSymbols,201.1
3490,"jUrUzMExH~2xWf,Wc+LXuYTumz?+(M_Q",32,alphanumericSymbols,201.1
3491,d=;L}eE#/%fhZJW^Z>X:&3./DDZ@&WUH,32,alphanumericSymbols,201.1
3492,-M)WC[/#Y:J~g;Uv+C)2$;Vb(yfkRswe,32,alphanumericSymbols,201.1
3493,nC}ghgWLA7@H<qve/~%N?%k7drH!MuxM,32,alphanumericSymbols,201.1
3494,[V]m@av}>xeEt.4$)$s.)t*N*Y#/a%Q!,32,alphanumericSymbols,201.1
3495,">2h,hDL[tZ:%{Df_|p[Ma@tN|uV$q<t-",32,alphanumericSymbols,201.1
3496,k@Pqy/yv!U=hwAhc!A(#[ACW&TYDNv<x,32,alphanumericSymbols,201.1
3497,"3K/%FUY/9f9c/4TwP#=h~?FCQ,4$fC^T",32,alphanumericSymbols,201.1
3498,_qFqum2=Qttb?=C}t>eap^$D./x%V/wj,32,alphanumericSymbols,201.1
3499,"nJNz7f{;N.tPUN/?&Au*_Pj,iw*-r&a2",32,alphanumericSymbols,201.1
3500,"qv,na4T|Zv;Yg:&]?9a=XtefD&Rh<D4M",32,alphanumericSymbols,201.1
3501,Ag2t.<7$bR-Z$N%biixwWW.{}&)eK_H.,32,alphanumericSymbols,201.1
3502,)[sbY}QXR#3#Ry;##taQ-Ea3.{cqTKHY,32,alphanumericSymbols,201.1
3503,x?>mLx;Fy22(U9:9FgUph&$A779MbPK|,32,alphanumericSymbols,201.1
3504,":.!Cge+u,DH{q2+VvzAifdcKegPc,unm",32,alphanumericSymbols,201.1
3505,]XWL3b3xm$APph.LcmJ^>mgd7E2Q_)7>,32,alphanumericSymbols,201.1
3506,EbCmp<cdgbb]aH]nx-/nM^&yD^WNNx-X,32,alphanumericSymbols,201.1
3507,",QHx@wwr)yrmYz<Kj%vKn#$^_$c*(p%w",32,alphanumericSymbols,201.1
3508,"^9>gvjJQ|#}mtutp[E/ud(P,r<Kd#,t(",32,alphanumericSymbols,201.1
3509,g3#daYEb@_&tg.fu:=+ep}g]}gkP2{jT,32,alphanumericSymbols,201.1
3510,"K&2tndLEAz%t[,EzPg*c_d*WM)7;M]h@",32,alphanumericSymbols,201.1
3511,#eqVC^J}RcQtt]q|wzP+DE|{2-$Q|ZY^,32,alphanumericSymbols,201.1
3512,"D|aHtV7#L>z>;qL7/MF4QDQb[?a!]h,M",32,alphanumericSymbols,201.1
3513,zzM}t${}.=s;md9y{sf]z=^^i[q|/#XV,32,alphanumericSymbols,201.1
3514,iaWf>3EZzCDq(cdtz2.>qjHQ)mM7g-Ra,32,alphanumericSymbols,201.1
3515,"ejjnDDfm*=U,T]7W:NdKT3-NF]U({VX-",32,alphanumericSymbols,201.1
3516,d7L^-T}m|{e|~i.3qn!XLr9T$u)YLs;y,32,alphanumericSymbols,201.1
3517,"/RiWv{j?RU-3XkjdXk9{RD,i;&rT!7bK",32,alphanumericSymbols,201.1
3518,wN2nZ&HDAurMxb@@Hu&7u~v)QXa]URK9,32,alphanumericSymbols,201.1
3519,wAZXbfXp_gr#[uhb=bJA[tV[M~pLenN),32,alphanumericSymbols,201.1
3520,"VdD:pw^ezR;ra:3,sQRJ-L=JTtA^$aZ2",32,alphanumericSymbols,201.1
3521,|N9>eJ&v#P}UL>tC+-H^:K-;iV@F:H%#,32,alphanumericSymbols,201.1
3522,w*wQ-K}fQ{gR<;*_2~W(dWe>>j^9qCK[,32,alphanumericSymbols,201.1
3523,PA7zEd]$M*$h}V+x/z:fE7)Ju+sDHUJJ,32,alphanumericSymbols,201.1
3524,/[(iw2u7F%fncxA)]{!VK^!|}=HYncza,32,alphanumericSymbols,201.1
3525,YJn4Z.Y+24/bZ9u>kJ}&&#:U;}~vmEfX,32,alphanumericSymbols,201.1
3526,yT[3NJrYc+s3jF.c@Az_z_jMCNiX%&N<,32,alphanumericSymbols,201.1
3527,v7@RLJdkF:T)EP&K+^+7-h<<=Vz|sqi[,32,alphanumericSymbols,201.1
3528,FEc.E+<L|yL=LY&/Prm2.]U+{{&A|ahK,32,alphanumericSymbols,201.1
3529,"xZ?p,TN]}i3JnKv:b}j-=hsEQTz2i7Q^",32,alphanumericSymbols,201.1
3530,"-#MPixs.<]v;vQ,7#7W43#!&9fQ)y?>E",32,alphanumericSymbols,201.1
3531,"vLkvg~*C>vrq]_f.x4K<}{ktrimR9{,9",32,alphanumericSymbols,201.1
3532,W)uP;$+(7JvyvXD4PHna@gM}=XxJ~]cL,32,alphanumericSymbols,201.1
3533,4Enry&&t{cEhiZ>{jC&CMZk@JxcqP+]g,32,alphanumericSymbols,201.1
3534,hYH9)-b4;P:2cFm=7&L*UFZkpnM#!y|x,32,alphanumericSymbols,201.1
3535,svRQ({#Pe_)(wi2:?#L{{W]Lhx)9k=%D,32,alphanumericSymbols,201.1
3536,"iTJmeNqw,eTE@?7PegPgK&YjJh.EgT&x",32,alphanumericSymbols,201.1
3537,Hgxm(up}{xH]Ze2Uv&s+c*2>Y(t_*Up^,32,alphanumericSymbols,201.1
3538,"Z{EaNgFa&=!T}b9,sppX,A%(&zWXjTu)",32,alphanumericSymbols,201.1
3539,Ruj(v4t*R[)#aq[7?F<=N%NpRU&99_9U,32,alphanumericSymbols,201.1
3540,"Vzfs(JLMmFA^jp,*&XrD:V{z@K,fxT*;",32,alphanumericSymbols,201.1
3541,x-j@!wbbp7Lm]<w^-|./sj-WTH7-t(L@,32,alphanumericSymbols,201.1
3542,&)2U?Mv!.sQ?||:ckt>?Qkim${]f-.ac,32,alphanumericSymbols,201.1
3543,/d|RcHa%zM@K:b!p2c4.P)q</Zvxhi%.,32,alphanumericSymbols,201.1
3544,QNhUv]cUQT~un:h=$*Q9s.N]$Py_2w(/,32,alphanumericSymbols,201.1
3545,Hvtz[Hh4|nH?{&}XrNmcUVF;U?7q-h$N,32,alphanumericSymbols,201.1
3546,"!(RXZYXmnaw$M2~MaT-_MCeegy,gwex:",32,alphanumericSymbols,201.1
3547,"$cHL2AJ~:Af:_M:L#$X7f,]x>f_7F>f$",32,alphanumericSymbols,201.1
3548,"~4Y|Hu~V;PR.k,R_>@%Tfs^-wqT3f;qr",32,alphanumericSymbols,201.1
3549,my=$u_tshF9ihx+uZD_N)N=WH;~/=.-<,32,alphanumericSymbols,201.1
3550,TQ7grEqxdjz~43RQEm!UbFC|RQ7hJ=rm,32,alphanumericSymbols,201.1
3551,nq}%&xKn&j(Xr+Hs#-cf@}:cTCjs/g?),32,alphanumericSymbols,201.1
3552,"k9Am*J*h.vXP=}<Fpj>!Y&X/-uCTd,W=",32,alphanumericSymbols,201.1
3553,"yER:b{!;>!e3skt-MU,Li_P#,7xaPEC-",32,alphanumericSymbols,201.1
3554,"P~bEN,|[a4<{/@mw)|)Fr$maP-t}z:Vi",32,alphanumericSymbols,201.1
3555,"9Y!,<q2Ld$)^[U}7X}#?a?3_[J}jzxT^",32,alphanumericSymbols,201.1
3556,?ix-Hr+)r$XbJ>_yYe=VW{^cU+}9vC<M,32,alphanumericSymbols,201.1
3557,wN[JiEk+{NKbpb;#R}Xchc4i:$N*FQv;,32,alphanumericSymbols,201.1
3558,"J}c~_vp-P%CxH*;3U!,>X4u{V[R2Z[<^",32,alphanumericSymbols,201.1
3559,"4|,kKsWm&;Yp7<N[b+Kn.U7!e=:kaJ4Z",32,alphanumericSymbols,201.1
3560,#UytZbgW|g[ZT?XeN)LN~]%Ni3MvTt4p,32,alphanumericSymbols,201.1
3561,piRma)y}$?mX^UKuD%rfd-}eTQRi%KnU,32,alphanumericSymbols,201.1
3562,]T7PE$hHp/k_a_z3Rv3cte|4b}QXCr4+,32,alphanumericSymbols,201.1
3563,bPY}[ieK9yqt.nMMAC$w<XfAuqu7Y2g^,32,alphanumericSymbols,201.1
3564,r%P(EkZ~wrc]F~K|Lx:((N!i73dVNp:e,32,alphanumericSymbols,201.1
3565,/HWf+&#{3p{7^3}.hMfUsw2UqY^<;xjD,32,alphanumericSymbols,201.1
3566,-}E@&LZJ&}-3N-:$4+<K<f$|x~@.kJ-^,32,alphanumericSymbols,201.1
3567,)^WUyps*DFftFY.3du;2@y9!<)@c7?9},32,alphanumericSymbols,201.1
3568,pmqU&ywzc9vs[9)nrFqY[*N@A%hQm|Qk,32,alphanumericSymbols,201.1
3569,ppt97QUE{Mu!-kY-nN7]Pwh|b!-e?RUh,32,alphanumericSymbols,201.1
3570,C*tHt(tZR)Z>>W9(_4y%/f{]|x#D3)~r,32,alphanumericSymbols,201.1
3571,y|W@C?*FnYpwT*:rE2#4+qum{bk4pZHd,32,alphanumericSymbols,201.1
3572,nVZr]]%xwyy=qurk|cj{X@s:JXNmW@C.,32,alphanumericSymbols,201.1
3573,"Z~|;%,j::KE+_z{w;CpU$AF/hqyPmsK*",32,alphanumericSymbols,201.1
3574,"DyEEamUWVT,79ZJ{%4Q#Hgv-g|,RDYT%",32,alphanumericSymbols,201.1
3575,XWs9+.hf?%Y4m~;axHwZD!~h):#bPvyK,32,alphanumericSymbols,201.1
3576,"%q@P^{]!7&^2{wut&vExn]zfX*(tf,Lj",32,alphanumericSymbols,201.1
3577,Eq|E@N*E}jmLTv9hn<->g?[H:M]+!C]P,32,alphanumericSymbols,201.1
3578,hpbM#>dd@w2p[Ja&sJ:eY<XYK/7&TMq~,32,alphanumericSymbols,201.1
3579,HiXNQFi.m!fYZrW||xyn^j.hmNzHA7k:,32,alphanumericSymbols,201.1
3580,"qg&--K.,4h#z|DeeQNxZfLD%,$+$,@K&",32,alphanumericSymbols,201.1
3581,Wwn.>fVU9$J%#XHZF/ws)^HAH)3_#k$),32,alphanumericSymbols,201.1
3582,"c_}W^)Y:##uHW$M=VaT;F>K&NX3d,C=y",32,alphanumericSymbols,201.1
3583,)i[zmMrWr#AK:$?_YdzbkJ9x(Y~vp=ef,32,alphanumericSymbols,201.1
3584,"Z;W?:%Mkm:mg)<zMvhdUD,A9D2x)ET+>",32,alphanumericSymbols,201.1
3585,")_KP*{ctc9fQRcEp}~2vDJY,M%WmM%%}",32,alphanumericSymbols,201.1
3586,dr(Lp(pwt/#mkbbAA}VC~PM*L$^u:H-@,32,alphanumericSymbols,201.1
3587,@*|7k@_J:v=b2;<!qNey~dU;Ey*~R@FQ,32,alphanumericSymbols,201.1
3588,",4RQ@%b9f:,9*%LubJA*/)/~+g+-a^rQ",32,alphanumericSymbols,201.1
3589,2p>HiPK<&p<K_9:CeCqAquVJcD+%EYKA,32,alphanumericSymbols,201.1
3590,*^=p^q2/9CM{KD3}2d[w-nLD%VpZdc.x,32,alphanumericSymbols,201.1
3591,"mqkt=N}z,an.k[(i*cNXv2;w.pvjk;)_",32,alphanumericSymbols,201.1
3592,k}Zp#z]tv&+gub>aJ=?~k7Pp+>VmU}wr,32,alphanumericSymbols,201.1
3593,";E~Yh<U&4f2ACm_Di;;=2:,&v*wvT9Vh",32,alphanumericSymbols,201.1
3594,/C!%~DXA+?|KeiWY4kQY&ca~M#}vq+i=,32,alphanumericSymbols,201.1
3595,ninnmxmM%V[//QttJCu>9nh^vuM:r(;3,32,alphanumericSymbols,201.1
3596,tx>>}V*~93/3FX(d_Q=E2R3N?xvmqa}j,32,alphanumericSymbols,201.1
3597,h9KTuijDHD>Lm;tttHx}aW>kHZM2c4-u,32,alphanumericSymbols,201.1
3598,_uC%7.@H:KT^2J2J[3#P%^pnFNn%uX.z,32,alphanumericSymbols,201.1
3599,zHTF-u|xZ<c3tcwJ*iALr$_g{defNQb7,32,alphanumericSymbols,201.1
3600,U?{k3xpg)R@hD[i_ZzM_t+?<eVmDzpWA,32,alphanumericSymbols,201.1
3601,ma~<u*Hq>qP9ExCTw3~/p=:=_qq4xTc/,32,alphanumericSymbols,201.1
3602,W@NmQ-gz!c2vj/97D;X>ETbJiUNg){CU,32,alphanumericSymbols,201.1
3603,"R#|kt|a~VVx2H~P}(!Hhxt7z+_,V$e%j",32,alphanumericSymbols,201.1
3604,"D!LcuN,X*s&,X/pKz,RUK4+c;q~P$Ek7",32,alphanumericSymbols,201.1
3605,"g#n[Q;JHwzm^Yv;tg3e.(&>$Vc,EM{;*",32,alphanumericSymbols,201.1
3606,b$H]M]We!J7E_>a4}-t^?Xg;uMd<f3$R,32,alphanumericSymbols,201.1
3607,DvhH*eR7;^27>P)q7(Db!sEnY$[<t#[=,32,alphanumericSymbols,201.1
3608,"?F-3{;/nC-{iy-D|h/|QY!d49@t9,kmM",32,alphanumericSymbols,201.1
3609,"T+,m@:i%9&XP|_3+LY{/KzYWaj+=hLWc",32,alphanumericSymbols,201.1
3610,Ef)cs/=j*PH^_negsTV&~#E]d&~p*y$$,32,alphanumericSymbols,201.1
3611,saTLEFeTPx#:&s-?@Pb-hu$-Vs))-4jr,32,alphanumericSymbols,201.1
3612,PwjXq{M7(hL=E2NUKp&ha~|yJF$<hUpi,32,alphanumericSymbols,201.1
3613,)7Pv=ZcpM3$&.-(Qx]7#;p#i*s%jY2Yp,32,alphanumericSymbols,201.1
3614,"vjbPjrWWU_Xkw-!$xHh?Y%wzR,)rFWvR",32,alphanumericSymbols,201.1
3615,"Rk3-jiP>A7pd!FyXMbL=Fq)+M}d=x.,~",32,alphanumericSymbols,201.1
3616,z7={(Dv]Z=gKc~][kHKT]qc:#~Wfe]/z,32,alphanumericSymbols,201.1
3617,]M%7WEVQ_Xkc>q(Q|Tm[%RmZ%!xU%?%Q,32,alphanumericSymbols,201.1
3618,@Qx3Tbmj>E:r@vJMndnz3PJ/!#w:|LQg,32,alphanumericSymbols,201.1
3619,">;7ddT/f~PZ,Wn&Qb<|[C9p^]AWX[hdx",32,alphanumericSymbols,201.1
3620,"h~<9Z3KA93?L9<2Zn[+@du4,DV;&eEp.",32,alphanumericSymbols,201.1
3621,"Td9%XX{w2t,xYT[iLj}3]U<&EC%%Ud=!",32,alphanumericSymbols,201.1
3622,U^s[=a|7DR)w|y{>yrhk]=&MhM.4P!d_,32,alphanumericSymbols,201.1
3623,d-vt2i+/)f&sRq~K|bf:Ns&:$-hhE.&),32,alphanumericSymbols,201.1
3624,qy{CaPF#Qp;XkMac$9cxC/.g@(jHjQh.,32,alphanumericSymbols,201.1
3625,<fe2f-<^>(qW<f^kbXx]LE<Jj;tia+es,32,alphanumericSymbols,201.1
3626,3W+/_ga^n/f9FNeKVXRq-r=K3Z3D~ry>,32,alphanumericSymbols,201.1
3627,"W,<x,K{K:t>DDd!rzaW-Q%uz3C>(vz+F",32,alphanumericSymbols,201.1
3628,T]^uyC-D~CYA#_}]{@~TFxWwp?~.:&%?,32,alphanumericSymbols,201.1
3629,"nZV2fd,2*4u9D)v(z(PEpU>sK+X>PEb3",32,alphanumericSymbols,201.1
3630,d?bP)puqLPj]a/}sV:fj#AWLdW}~wD#_,32,alphanumericSymbols,201.1
3631,"X,XF?LabEKy_#dCtDn}pKk/_#Es3Tp[w",32,alphanumericSymbols,201.1
3632,aP[F(-C($?eFt_cQaUU|;idbV#=za{}?,32,alphanumericSymbols,201.1
3633,L-[Z:j~g*vnpn{e$7~r$~:_udQ$RTu!K,32,alphanumericSymbols,201.1
3634,"^=iVs--vman?m~4=+xdqD+!),#hNepJr",32,alphanumericSymbols,201.1
3635,_vi]u(|P/={c7#$Z7N32mnX(2Ac;AwkJ,32,alphanumericSymbols,201.1
3636,:R[+R=~sb_3#FK$;Y<Y[{u|z^w9*EpC],32,alphanumericSymbols,201.1
3637,hte|?#Q)Xt;4|Vyb)e7r.A:4(ukJc#n@,32,alphanumericSymbols,201.1
3638,"gd&N2:7tv(%&Xfs,3$3v/.PvzwcL?2Jz",32,alphanumericSymbols,201.1
3639,&/n/tZ3c*%Fv2<mjKhPaa9t&=+#Vx!Nn,32,alphanumericSymbols,201.1
3640,Mw3)d}j{]j2H|9;4&!P#$egd%9zZ&y>-,32,alphanumericSymbols,201.1
3641,F&K4>}T4&yQpf.+MFa^FQsXV>XH{z72j,32,alphanumericSymbols,201.1
3642,"r(nnqE]&rizUiPCVQ7*::dqKUg,~u/y(",32,alphanumericSymbols,201.1
3643,XD^bzd(mzYk;p:vJda4U-iEw=z%v)YED,32,alphanumericSymbols,201.1
3644,"njzuPKF-;m}2xrh$v)tw;fq]<rvhA|=,",32,alphanumericSymbols,201.1
3645,(~pXLmCXim.*wWNpF!~_NFC:MMq*tU/Y,32,alphanumericSymbols,201.1
3646,"}DMPjw}v]j?/eR3/eKEf]MDL!k(2,/XY",32,alphanumericSymbols,201.1
3647,ppb-h.!_s&tQd_3hrLi)hwz#=D2UfaEb,32,alphanumericSymbols,201.1
3648,"^aj|&R!>_LP-N$aq[!H(,Z~},CdsUCE&",32,alphanumericSymbols,201.1
3649,"!>h>{wxT3&fHtuc$QUM4J{-,MDpFk|bs",32,alphanumericSymbols,201.1
3650,@C@a_L#@_J?7~u/Qtshv~92nzv?u(JeV,32,alphanumericSymbols,201.1
3651,"e}y7V[Mw,F=V@REPy2$=T%ub^J@rT7L{",32,alphanumericSymbols,201.1
3652,JYRz.^vb;/iJhnU[z={uZJVPAq4ETX.f,32,alphanumericSymbols,201.1
3653,^:+Y:et{g?p4tPd7!Maj.[)<u@$K_2CX,32,alphanumericSymbols,201.1
3654,*[f~AXk?@/d_ZLbEdeXY2nQ*!_U2Pn)Z,32,alphanumericSymbols,201.1
3655,"cJ.*sxtxu$)QNKEy&(gm-FWJ}ma~2_,/",32,alphanumericSymbols,201.1
3656,"JUr,s{X%m){C7Nyps4^Q;CM$Md2D|c{n",32,alphanumericSymbols,201.1
3657,fWC.PHHkJWs|EZY/H/:~C-m3+f<t~_hm,32,alphanumericSymbols,201.1
3658,+(wRJ2:~M%ZK-?dkj2V4rWEgemb{ALns,32,alphanumericSymbols,201.1
3659,jk=N(H*^Yg?n>j>&R;n]Y3[{iqrd^_{-,32,alphanumericSymbols,201.1
3660,HfFP;nbeefA+@{|x;zzE<^*NM}TaQs&Q,32,alphanumericSymbols,201.1
3661,sFW+w!:|mMk*]zh~V-XeJFUR[P(&fywp,32,alphanumericSymbols,201.1
3662,kfE@H<g$^<A!s9X;rj2qLrpjZr@uE%UW,32,alphanumericSymbols,201.1
3663,"f,u%Zk9dHv@${kY$&KX4W--k~ah<,RVb",32,alphanumericSymbols,201.1
3664,"!f?e3y*_f[j/QZan)[s@(@RJsWQUuzQ,",32,alphanumericSymbols,201.1
3665,=P49g^3|h/J#w_!e2CxkjyF@C.*%&g/j,32,alphanumericSymbols,201.1
3666,"@cQ&>iHg:_4kue@s,;eb<23?.mW~W}Y7",32,alphanumericSymbols,201.1
3667,"~QL?,Xh>4Kt)%/C}mpi;qarx}*(*?%@E",32,alphanumericSymbols,201.1
3668,"@@[f+X$pK,c79v*i|f&[qm<cFuMZx|t=",32,alphanumericSymbols,201.1
3669,/bQ9dNRK)*3A+r<xT?m=ah$Ub)Xw.UX;,32,alphanumericSymbols,201.1
3670,Xg-ZLEsp4c;tLk=s[xWzf;Mh^)W#T]tD,32,alphanumericSymbols,201.1
3671,"v~-qD[+$,+/-YQ){D&q,Qe?qYdZn:$7$",32,alphanumericSymbols,201.1
3672,-2/v>~Ypc(TXvR~})!^ah=sQEWAQ+~b2,32,alphanumericSymbols,201.1
3673,jm=kwdD+3s#P;YTZADyE[=39~<9_&~>=,32,alphanumericSymbols,201.1
3674,E(HR&r@>V2Q?2qCpC}s_jxiM2~2N(snh,32,alphanumericSymbols,201.1
3675,2C%;C!p-^HP}E94L}*{+3XsEM&pye|e2,32,alphanumericSymbols,201.1
3676,"}Xas|D]N,|#U2k4*W&K.UsLEdX3@v4e_",32,alphanumericSymbols,201.1
3677,"&7r97:MnyY<[;i>|DVW__EMs<?ge#U,4",32,alphanumericSymbols,201.1
3678,"spp<yKJC,xEPNMKirFXLN(JemXHn=>@b",32,alphanumericSymbols,201.1
3679,",zhnVn4pjE~F:_C^::jv4~h->=~q4k(g",32,alphanumericSymbols,201.1
3680,"#yDhVNT!.={JCtC_RkD,u%!7!Yk:Rvt!",32,alphanumericSymbols,201.1
3681,]{E]p[=;b+{Tce^>7uk&CMHNDV%(&p^&,32,alphanumericSymbols,201.1
3682,b/jPkiJKM[E?LpH}zETdUTtK3f>/]=(p,32,alphanumericSymbols,201.1
3683,sPJ;#ag~7|q;{3P!V;EjA_(<zn?}L=aX,32,alphanumericSymbols,201.1
3684,[*EHs:c2rqM2]}CfckV)zya&c*%Xs_Me,32,alphanumericSymbols,201.1
3685,Wh~dhCRKEHgbn-/>]VTV>Luwn%t^E*||,32,alphanumericSymbols,201.1
3686,9k3bTWmXPx2)ac]Ex.|ZE]Fi|aP#YzH|,32,alphanumericSymbols,201.1
3687,"p|KFkj=H;a^a]E.n/i|e,Kf#]g]DDaXf",32,alphanumericSymbols,201.1
3688,"9=<E|=EcV{4t[wH,.{DMQDPHRbzY%b|b",32,alphanumericSymbols,201.1
3689,TDDpbLrZM-bP#qRxd_D;yJ(NmH)LbjrH,32,alphanumericSymbols,201.1
3690,uJwDt99dH^vaF}PMX;U>paz$^mM$_pce,32,alphanumericSymbols,201.1
3691,"g(YCYhF$?!Lj;wm|Pe,Ea%wuMcMg=s.u",32,alphanumericSymbols,201.1
3692,h3Yv{p]3M<vEjtb^&acX3TN!KP^wbNUd,32,alphanumericSymbols,201.1
3693,V2ssL#TqNLRHQE-EnQZ)J>t}z)=)7VHL,32,alphanumericSymbols,201.1
3694,CR}7w*?tiTvgdbDzJ2:umzV9;Z][QF>3,32,alphanumericSymbols,201.1
3695,"Kh,eF~)?:?sm/{^r@4KKpDUfR*94}~WN",32,alphanumericSymbols,201.1
3696,w2NdXEKexE=F=fKgr*p3g_p9LAc2#HJi,32,alphanumericSymbols,201.1
3697,":&z&PQDRb3Vg:PK;$,bVsTZEqzr#HZWH",32,alphanumericSymbols,201.1
3698,"7}]:q-FFuniMmc,+K<2j<*?F=,PTp=3{",32,alphanumericSymbols,201.1
3699,X$W]U]A@D]N[3Rt&+?_X)!%R-a^[H^N.,32,alphanumericSymbols,201.1
3700,:4W2pkpan4$&zNmMcg/];^zMiN4p#dqF,32,alphanumericSymbols,201.1
3701,.?bdW7~TJwyXb:;;U(/<r~:_u}r;x<]a,32,alphanumericSymbols,201.1
3702,yY&H.>^p:g</:ff[JDVL9f>[M~M#bac^,32,alphanumericSymbols,201.1
3703,"prye?,=2=A]mmVDXJ&;{T+(z&7%e)Ym@",32,alphanumericSymbols,201.1
3704,"YVMr},pn;Pn|9AYZ!CFcCE3}%q*WE|<7",32,alphanumericSymbols,201.1
3705,"H2a,N]gRb,t3hR!,@U<H^m=Vuq$gERtV",32,alphanumericSymbols,201.1
3706,babU~ui(<!z~*RMFyqfW!QkVw>-P4~.j,32,alphanumericSymbols,201.1
3707,NZi34/AhZWp+qbFui>%{P=WP]F$pJ[[^,32,alphanumericSymbols,201.1
3708,9pt![NDmmm|duDh=}#e3-~b?hbK$tb?!,32,alphanumericSymbols,201.1
3709,}@}U+<P[uX*4c+Tk2FNA4rk@rFekR3.W,32,alphanumericSymbols,201.1
3710,"A+m^R=/)xchqqfu;=Ci^TnJA,{Fn={TW",32,alphanumericSymbols,201.1
3711,Xx&N@r{QZ7y)km(Lf/M[!VNLQvnYL<Ty,32,alphanumericSymbols,201.1
3712,"~@&y]@P,P~R9R*i:h<RC)yz(p7#29r:m",32,alphanumericSymbols,201.1
3713,<wrzfRN;/{Jvtpsddz.:e!U}RLf4VPCf,32,alphanumericSymbols,201.1
3714,!~-Ja_D!r(>gmanbRVdryCWdZ%;|]hXZ,32,alphanumericSymbols,201.1
3715,Z^LwYDpm|9{R*>ae~uz>Xw%$TgLvU:jF,32,alphanumericSymbols,201.1
3716,"k;%gDQ[qNtY*+,bF),*9xmH#h4jZkF+A",32,alphanumericSymbols,201.1
3717,(rzk2sWfF_M$*T93TJRp<n.Rh^Dtmu]=,32,alphanumericSymbols,201.1
3718,"Pqf9Msx<*eV,)M)+?]PX9{3%Y@$|n;,g",32,alphanumericSymbols,201.1
3719,vz)2UM339F$f#M?^9DT>g^pv#kq[#Rkh,32,alphanumericSymbols,201.1
3720,uNr-<w7v#${V&;^jjLX&HDybXbs@Q<r!,32,alphanumericSymbols,201.1
3721,<i+&iiD@fLc!uzZKat^iy9c-s{s[i<hr,32,alphanumericSymbols,201.1
3722,4EX#M@mAT[>3!kNf@a4bt3~w4/MWRFyf,32,alphanumericSymbols,201.1
3723,fj;XDA2+=j@qZ!HCksq9fWN)vTA%Fg!z,32,alphanumericSymbols,201.1
3724,N@xRu?:?nd+&Y{yHYn|7Wkc*DA@4emQ:,32,alphanumericSymbols,201.1
3725,y~%NdpWLukxmx3c]%]xF.n]KrNJ34%f*,32,alphanumericSymbols,201.1
3726,Q#9D3E7CPuZ^7)^K]?b<Q&/-*ipZkq>?,32,alphanumericSymbols,201.1
3727,"xL~pn+2s~=~{C*RNKp.vcRLWP,KQ-}Kx",32,alphanumericSymbols,201.1
3728,",Qfh((Kf([z/d@%(cz3+^$}2-7VVs4$J",32,alphanumericSymbols,201.1
3729,RjRWhN7hY!PecP]+].]b9}]2>j![Kc9m,32,alphanumericSymbols,201.1
3730,"PfzKa7sT,d*){4EK2L|$UTU4m=*Q}$H7",32,alphanumericSymbols,201.1
3731,#f9Pg~gNz/}kk-H~jFW;}N;V~KL*rKa3,32,alphanumericSymbols,201.1
3732,"Yd<HV%id7.NFPs,9|;w%MWKFTnx2p=R/",32,alphanumericSymbols,201.1
3733,"kAmc}g443jcgzKM_&mD};kK)V}/A7,gq",32,alphanumericSymbols,201.1
3734,"LV@<|}*zTkL%/~zr/k2_,EJV<*&uu^/*",32,alphanumericSymbols,201.1
3735,pjgW7]x|ChvH-e4xHK:*R}fHv:)hev&s,32,alphanumericSymbols,201.1
3736,n{-#<P*P=Y?;zAfDkRp4@7.<}kQ<%$-[,32,alphanumericSymbols,201.1
3737,*apf(k$nPC~[+s=&g;ky=#mJ#s{a}dfb,32,alphanumericSymbols,201.1
3738,"hPTMDqP^u,&[fc;uXq>)sQ@|YK2va)[?",32,alphanumericSymbols,201.1
3739,Q&}F|t$9^9r3m$a#j2ZN&AKjhq+#4cr),32,alphanumericSymbols,201.1
3740,>/:ck:pDTWz$@Dy]q2)p7:&nT{<k(4X!,32,alphanumericSymbols,201.1
3741,{ek/!y-9u:Jv%vQdhdc~@?4M~tKf$(cg,32,alphanumericSymbols,201.1
3742,zs*jLrmb}Wn^(knfR94~J|PU|yq2<CW@,32,alphanumericSymbols,201.1
3743,d^9#x*j/r)#Xd{!cue&|9_[YYUF}7@M$,32,alphanumericSymbols,201.1
3744,"[@+Qd#>Qv$:VV,&<4,9=s@_m(9r@h,9Z",32,alphanumericSymbols,201.1
3745,n<V&-cMe)w:a23LQ!a(iPnM;7?<_#@q-,32,alphanumericSymbols,201.1
3746,|{F!=DCPbw>;k.rsv92^pJ{ipV^&}X.4,32,alphanumericSymbols,201.1
3747,VC<~Na!LjAjtR:=THe=fk7VHynpE*X}b,32,alphanumericSymbols,201.1
3748,"{J=,(KbYz2i{Uz?t&@!vyVpq?zFgzjb4",32,alphanumericSymbols,201.1
3749,"fVTxw|/bK,w$gc]/j]}cRyc!rhW}k|%p",32,alphanumericSymbols,201.1
3750,4qA7>W}LQN2/M3|.gxX(vx-^aa4KrtZ=,32,alphanumericSymbols,201.1
3751,"?;:<TPw2/)/.FqhcYmz}>h+%,?fsRxpf",32,alphanumericSymbols,201.1
3752,"%fsbQ#iV$YKk^x,s>n|L)grvEPv)Q<a-",32,alphanumericSymbols,201.1
3753,c~n>kdwcdx}?2!nnU9c^**zQx>Eafz}Y,32,alphanumericSymbols,201.1
3754,{pK@;V.wrTMrCjj@vV$4v3dL[>{3)!(R,32,alphanumericSymbols,201.1
3755,"=:T:uN@,UdC7y|-Em_=a:@Fq|d$rY&;A",32,alphanumericSymbols,201.1
3756,|cyNM~t{f2WP&EqvP|EF(t(N:zKD^rc#,32,alphanumericSymbols,201.1
3757,"f@,A~JD)#Yk2M9W!2!ut*FvL-_h=v@qF",32,alphanumericSymbols,201.1
3758,"F+4DauW]xN7YDkt,YHXejDH@ry/p7&9h",32,alphanumericSymbols,201.1
3759,J4]|q=?4]tDXf<(-_VXNU?yy=_iw.gpc,32,alphanumericSymbols,201.1
3760,Qg9me&2F%i^:|JZdMb&%-(kWkfbtg2t{,32,alphanumericSymbols,201.1
3761,uizuEQRt7nQm.C%LjxqQ#eP(:nFKh@.q,32,alphanumericSymbols,201.1
3762,"j==Lw,eK#-&uWjm|tsua*Vmy{)jyZ9i,",32,alphanumericSymbols,201.1
3763,",_3j2_v-Z.[crzuwMk-p;VyCwP+[[:3V",32,alphanumericSymbols,201.1
3764,+@+3:dyd3|9p!P3_x]Twbc{)F)r}{)^v,32,alphanumericSymbols,201.1
3765,"m]/(.)AQv~n^CtZyw!?t+}</,t*P2|kX",32,alphanumericSymbols,201.1
3766,&n)/zM|$4t+#~/{#m#(s:P.&c_ub;EE#,32,alphanumericSymbols,201.1
3767,t..3_=erp]+E;mqXDcRD^YWViX>&cM<:,32,alphanumericSymbols,201.1
3768,LNmRN%q/r$&N[AWMm/uL9ez772LJ&[Ct,32,alphanumericSymbols,201.1
3769,"y9y%w<@s+LKwkfTus<zaJwFR4?fr,irj",32,alphanumericSymbols,201.1
3770,Zh#ULzn~=|rUKe4rUh>qM.Ek.(3<J+~(,32,alphanumericSymbols,201.1
3771,bEenj]HM>WhsE<b3-.R7d|KK@R!.+p~k,32,alphanumericSymbols,201.1
3772,*Y>Dm$w${DdD%qiLfu+YFRkL>p=$t-{c,32,alphanumericSymbols,201.1
3773,VKhp^Q)^Fxg4u9}wKh/h{w>y^@y$vQ9q,32,alphanumericSymbols,201.1
3774,qHE~b:djgUD7Pa<7.|~gCbr:D{bjP.xP,32,alphanumericSymbols,201.1
3775,vQ4@:e}r;[<NH-ss|N)(?}Ji|KwdUh__,32,alphanumericSymbols,201.1
3776,"A)r*?]=iQr!<Dk<&wh,b{7:?suDHbk9Q",32,alphanumericSymbols,201.1
3777,"TTPRj9#km4WwxDu]*RD@g;|)V.L,Cf.#",32,alphanumericSymbols,201.1
3778,"Zs%Py/d<eNH,hihvVP9[(;;kCtptKVcC",32,alphanumericSymbols,201.1
3779,"Q?+k=[!(?y,NcZ=P_cL=DsPQ*Et%e{ag",32,alphanumericSymbols,201.1
3780,a&vxq3:tnQ#u^)YZvv49~tqY<kYmvg~(,32,alphanumericSymbols,201.1
3781,"d.fma2;=,+:pXqR?wM_y,E#Vr3,:dJ9<",32,alphanumericSymbols,201.1
3782,"A;)rR;a[Am.,~zb_Qps@]mMxJidd32A{",32,alphanumericSymbols,201.1
3783,sQ$<J%XkW4*=QH_!f|e2yt/^EHgE$TxN,32,alphanumericSymbols,201.1
3784,te*)d4wWt}gn&@3K94R4Z(rquMNRHxhz,32,alphanumericSymbols,201.1
3785,"DN/D,|yWz(_D-baF=$>V7#{rJ~>PmRCt",32,alphanumericSymbols,201.1
3786,"[?P3v]e3{*^Fx4D]>2+Y,<>*a[kixkxy",32,alphanumericSymbols,201.1
3787,tvT_qzZWPtz:3Np<]iP;^*yKA^)hj;m@,32,alphanumericSymbols,201.1
3788,3:.jHfnV}y<ihsQe(A-V:bRZ9yHAiE7E,32,alphanumericSymbols,201.1
3789,%HN^jk!{%N4@.?nc3Y$x@|cUtJ~J4jMw,32,alphanumericSymbols,201.1
3790,"YCR4Q2Jc;n|(R3T,<~C]T;:ezP;/%$rQ",32,alphanumericSymbols,201.1
3791,"yxr@#?:Qspm,,r9dCsUbVdD&L&^d-Uq_",32,alphanumericSymbols,201.1
3792,e^u~_)r_^&UZ(VdVu4%yU}$Di:3Ev-;y,32,alphanumericSymbols,201.1
3793,"Zy_r{-*d]()Nwy>j9_2PPK,kM^su.@~Y",32,alphanumericSymbols,201.1
3794,qnnWK[/Z~&bYW23]J~f%VFRf/-%+Q_Dz,32,alphanumericSymbols,201.1
3795,Ac=VM:Wph{}Qkn3KVHzH_*<@|mW.Wz&},32,alphanumericSymbols,201.1
3796,$kMs:ub<F2zWhFeRF_[eqi>e>v{R>&}7,32,alphanumericSymbols,201.1
3797,+sq/K{/eUc$#h+#V=J^iC(k#fMvdiq;:,32,alphanumericSymbols,201.1
3798,w>}eK@gr)t[hu/YcTmD$wz:z?i)K(CUx,32,alphanumericSymbols,201.1
3799,"U(wjN^EhkE+a&+9%$q#j<W>WsMct,<b[",32,alphanumericSymbols,201.1
3800,W(nC.|x/mfXZNAwgW;zXA+rKb$DdYrmJ,32,alphanumericSymbols,201.1
3801,KmEY}E/QZ]3*s$kZ=?Hu*jAtLwu9#Dgp,32,alphanumericSymbols,201.1
3802,")jXf?wrMmn(@_c}/,>T@)uD=X)[A(qD=",32,alphanumericSymbols,201.1
3803,/tmr.KDba%&];Jy=bU|e4p}ixU{/b2^e,32,alphanumericSymbols,201.1
3804,QenH.E-k$beZ!jC]ppvPPpD{dmy&md%>,32,alphanumericSymbols,201.1
3805,Aj/+9:T2?arZkkr!w[zcv3)%e43gy77c,32,alphanumericSymbols,201.1
3806,b{pQLRA=^2b4%+{aZ%-z$k&~yX~f$2-$,32,alphanumericSymbols,201.1
3807,>?c[>[J=}Ead))AU3q3M9/Kd2~HYu)iw,32,alphanumericSymbols,201.1
3808,-3??%rj^yW+F|iu;~|9YE3?92ex9?&rQ,32,alphanumericSymbols,201.1
3809,wwVuU;K[ai.yXwvkXi3X^tk.iZ3D~TPD,32,alphanumericSymbols,201.1
3810,.p{/j.#_<w:$uf:=/vekvXA%v;sLz&rH,32,alphanumericSymbols,201.1
3811,NV#v@$UcQDgj++tfpvV4#>2}}^wH}ZW+,32,alphanumericSymbols,201.1
3812,k(Qbwitf2>K$[m!PRkt*7A+e{].e{.>~,32,alphanumericSymbols,201.1
3813,TZRrgXH$<^i>JqW<74Fdg|=^KyKwxgq9,32,alphanumericSymbols,201.1
3814,HJ?]/.VRFW?3scDzbux)+PJCwy-:+_x@,32,alphanumericSymbols,201.1
3815,-+[?uzeHd%*^dLkRm(E|]3QrasUa]Lvz,32,alphanumericSymbols,201.1
3816,^!M@a(FQ;sL.7)sm2%4Yrm=-Ka-jM%pU,32,alphanumericSymbols,201.1
3817,f[ZZ^CiJ2u)H_)&4ts/uy~KqxC%H(nz#,32,alphanumericSymbols,201.1
3818,":YwK;$x_:qXE}><YAH[JLusN?=vW,t3i",32,alphanumericSymbols,201.1
3819,Y^9Vq9+;tx2-;x32esq.JujLa&%=d)}(,32,alphanumericSymbols,201.1
3820,uVb{FA/^UD.fY=|.x:~]X{|EjPcKm9>7,32,alphanumericSymbols,201.1
3821,Ts@JVVvHvWjPtyAH)b799Fr[:z{i?3d3,32,alphanumericSymbols,201.1
3822,zmm:z.{&w+9i&He|$f:M]2z};i.:H+Dy,32,alphanumericSymbols,201.1
3823,"ux*hw+*j+i(kcAFM++,{d@}eR{hvQ7Mq",32,alphanumericSymbols,201.1
3824,7sKk[ksH?qF$dqiL2:wh]9kLjyf*X;C;,32,alphanumericSymbols,201.1
3825,"T=]!=-jD>Yx/,sy~uCenN;@i7#:guE}?",32,alphanumericSymbols,201.1
3826,"g&7f_RiWrTQk=>>kh!,}=?7qF>Dd&#.%",32,alphanumericSymbols,201.1
3827,"zP*s/AiZdT-M,=&2ykreuMrh~cJA<_!f",32,alphanumericSymbols,201.1
3828,:gwLrw]^~LCV|/D[4j#qHAW?Dqdq]yJq,32,alphanumericSymbols,201.1
3829,F:yx~p%a=@wz=tCik3F(*+Y4DEM{)pY4,32,alphanumericSymbols,201.1
3830,J$jwKLm}@h@7R:aMv:|g9#*2F#pxaJjx,32,alphanumericSymbols,201.1
3831,"~H?,$[fqdb>NpJA^Hg(%=npZg<tC$iha",32,alphanumericSymbols,201.1
3832,"pzD}!y,d[:e9Kf9LVc_=[|*qce[yq&~$",32,alphanumericSymbols,201.1
3833,bRvm-!f#b3&{~e)bJ:}KYgimsq$rMxb@,32,alphanumericSymbols,201.1
3834,"gjQJxV]PXW)z|>a,J7#DQ?c?FVr):[aH",32,alphanumericSymbols,201.1
3835,ENQjqUmYK7J(}M_cPtwri/L[ei+?#bCt,32,alphanumericSymbols,201.1
3836,L%g($/$A&DX7Md_9aT{wkW3ac@QP?mHL,32,alphanumericSymbols,201.1
3837,K==XThMVLTp!&2a;F)%^yTr7T9x2p>ag,32,alphanumericSymbols,201.1
3838,gU(aud[XVzaP?z*x)u*?dEp<MMcx.Q=),32,alphanumericSymbols,201.1
3839,"Z:ckC@Vq^#|:_(KHLHsZH,q9dvZA|wt-",32,alphanumericSymbols,201.1
3840,.i[eUZcn[p]pFUu9u!ysm@mZk$n!hq+F,32,alphanumericSymbols,201.1
3841,"Xf|eEqz}+D*f,4H*}bz+s(|y_?ju{@!9",32,alphanumericSymbols,201.1
3842,k<ZEf$XRH=)#ZYd9>3:n_2L+hyk_;cyp,32,alphanumericSymbols,201.1
3843,"{VhL+7hViHfE;,2P;w-_sVE;URX[HLtu",32,alphanumericSymbols,201.1
3844,N*)=F4_t=~J:dL@uc^??jbbMTu+/gLsc,32,alphanumericSymbols,201.1
3845,t2AZUw4/Jfe!-E)(kzaLJ=n>_HVpDF92,32,alphanumericSymbols,201.1
3846,JD|MXqtp]bXv/Nh@Xerz}uu<[f*Z}_=-,32,alphanumericSymbols,201.1
3847,qMi_Q>AA&!|Z<rQzi*$/Nyd)3WV.&h/D,32,alphanumericSymbols,201.1
3848,Ey&h)_b*/7$WD][WvK&KA}un#c{pTX<-,32,alphanumericSymbols,201.1
3849,t9}49Pjpv+M+m4FVgWa|Rp7Am9ix|+s;,32,alphanumericSymbols,201.1
3850,"_?fRtVnk7Wi]%+^JN?AJqv{W=4Q.:#x,",32,alphanumericSymbols,201.1
3851,7A@Nja@aw]a_7uu=wZ!:LT^da|)qfdm4,32,alphanumericSymbols,201.1
3852,_eMJy2x)jue(tT.etDQ*$HR;v7Azy$x=,32,alphanumericSymbols,201.1
3853,<DRh9kR_Jz}]^}^&(gA:?QrtQ}X-43_.,32,alphanumericSymbols,201.1
3854,ui{Tr[>Q)@;b9<d?kHAT.AsDQ7pm+:LY,32,alphanumericSymbols,201.1
3855,^UK[w!p-|quQivvK9{P:W9eejUfwpum:,32,alphanumericSymbols,201.1
3856,"an3Wi}HixYZ(d3$*C>p(s$m!y,]MLyiW",32,alphanumericSymbols,201.1
3857,";V2gW/=:9#xqvD;:zfA,%ez4fUzjqC!t",32,alphanumericSymbols,201.1
3858,"~R}xEp3&d;:bq+N.7AgXQ,g;=)*/njQ~",32,alphanumericSymbols,201.1
3859,"*)iw2x-7.^~csH,|cAdn@dQE9~x%ZMA=",32,alphanumericSymbols,201.1
3860,yePb-r@/9d}pHJm[[ks<(jA$^qZ)!K!4,32,alphanumericSymbols,201.1
3861,|Ar23?KD4NA^zw{F+_3{#P~Dqf?%?}3&,32,alphanumericSymbols,201.1
3862,]+2.;Ekvv(~HV$+][D37}$XD:|p#.}UN,32,alphanumericSymbols,201.1
3863,"$tZ)2W&LyTM*/T?Efc*TXj]z=uW,9a+y",32,alphanumericSymbols,201.1
3864,x&nzurUeW.z>Ttdktpmv[EynQ#+Z;yK4,32,alphanumericSymbols,201.1
3865,"Q_MYNd~y):fE_[W2@E*Auf]jNU73J@,w",32,alphanumericSymbols,201.1
3866,&.Eyh*mi(|4*+zk9tdd%!__:zJWyLgyz,32,alphanumericSymbols,201.1
3867,"RH2F!tNmF~te,:KAJ#^%Z)fsX[WwdVrC",32,alphanumericSymbols,201.1
3868,(gP2e~rRpVLpzRK3MZw@*=*V$Qu^_n>[,32,alphanumericSymbols,201.1
3869,_}&g79axky3MtMA-Hm:kT_jC^C>{4]H?,32,alphanumericSymbols,201.1
3870,ebfFxc9YpEPdg;Ri/Yp]M=QM^ue+NQ!Y,32,alphanumericSymbols,201.1
3871,Te=d>*FFj|En#M_P?V&>k+tCf!X;aQ.&,32,alphanumericSymbols,201.1
3872,Fpd_Yzs.T2qed%Xyz]_wd{Xv%W7_g7zH,32,alphanumericSymbols,201.1
3873,"E,>r{|EZFkkpbqcvDh.*a)7Y$-uJ|P|y",32,alphanumericSymbols,201.1
3874,YDv<M}kmqU3p);&*?#(EgKzv)X]J+!iP,32,alphanumericSymbols,201.1
3875,u^s7w&7uAVaj%r@Av%Tp+DVE{jvfqMvj,32,alphanumericSymbols,201.1
3876,"PFK:)qax&rqtM/L;,3yDQ<q<;A7@V?:K",32,alphanumericSymbols,201.1
3877,h?s$7n-3$m74fRpgfpw4$N>g4?T$KjKx,32,alphanumericSymbols,201.1
3878,"*<k;.,r|&-sNH4kM2;|i3~n@<%yvxKY4",32,alphanumericSymbols,201.1
3879,LzPt&K?zuA{R#FztiFi%}Mpw*dK?z^ff,32,alphanumericSymbols,201.1
3880,cF.D>@XE~}L-aaTd{#q4q*E$HF}W%f${,32,alphanumericSymbols,201.1
3881,"7s)Hr,x|,y,J+c.~]]!Y*ET+&g&JE^Un",32,alphanumericSymbols,201.1
3882,N)$WE_TZ+C]m@=b^-j[{Wd!#tbCx%Mf+,32,alphanumericSymbols,201.1
3883,dJvFe#~!^/p|H+f!$2s!sgHe@D)V[/9a,32,alphanumericSymbols,201.1
3884,"%,$2R&e$R-M/~k44d(V-JA~qu4_2|U)e",32,alphanumericSymbols,201.1
3885,|22HYV>7iU.k;pDjmzW:{nDaf#43Ph(c,32,alphanumericSymbols,201.1
3886,vRXLc&><}q-+#:?Wd~]-p[Y(_[.#.93Z,32,alphanumericSymbols,201.1
3887,szUr(x*wZ&!~~DdR=*XAx+Z+.n3=iND},32,alphanumericSymbols,201.1
3888,Q%JzTm{+7e?V{&w[PCtFgQ*T:4<wYpW(,32,alphanumericSymbols,201.1
3889,%^#jYQ{F4nD>&4{a[s~aU/>#e<~_r?^r,32,alphanumericSymbols,201.1
3890,"R#d]/4_[R,3Rzmj<+AYgFdT.@bVat#xK",32,alphanumericSymbols,201.1
3891,$3T9_$c=!RFdYU~Y*}?<RPri-zHnxd+R,32,alphanumericSymbols,201.1
3892,/U2nr$3_7#hbvJWD[RpRNR|U4-dYUVwv,32,alphanumericSymbols,201.1
3893,b(y:ur@*|-!9+T%4W%Ltqi*Tu@$L7c?t,32,alphanumericSymbols,201.1
3894,"L}WN/VhzcPA4:XVDcf)C}?n;&|,7s~]7",32,alphanumericSymbols,201.1
3895,"2Q+n].%f,?h:s]z,?pwn<HA]s{>4A9#@",32,alphanumericSymbols,201.1
3896,)vq>qkWuvs<WyXtn7d^@Xfn+jU7ZY99n,32,alphanumericSymbols,201.1
3897,[9EzYFkmAib(e]>TMn4=UQ#a>(?tw<C=,32,alphanumericSymbols,201.1
3898,7=us+t4znUYY.^YF(nqa@b/&94Hq?$ng,32,alphanumericSymbols,201.1
3899,xt+Aw%?&<qf7he%PmaTp-/Mh$zy.jZ+J,32,alphanumericSymbols,201.1
3900,Zdmf_j*<hYs4p4@E&dMF[$^.Z+X&fLWW,32,alphanumericSymbols,201.1
3901,sJg<yQYMf}!jeyFmFdbRsRawLvR%{Q=C,32,alphanumericSymbols,201.1
3902,E>rb/.a>^C3rb@;>]qn;@!ACduF*y*EF,32,alphanumericSymbols,201.1
3903,%?cr;_Tu^PV)m]<-/kp]Q?73X@A2y3EL,32,alphanumericSymbols,201.1
3904,"|3H?27Fp_qk@*W)#KvJD,FvQqNJz:KUa",32,alphanumericSymbols,201.1
3905,"$49&=Dpq3CnZb),<FR]YD(mC^#&QuJg_",32,alphanumericSymbols,201.1
3906,s9u>~w$3*PNHLC-Lun_bRXC4+!HF[TxL,32,alphanumericSymbols,201.1
3907,2E}_mjH%4K($=>wFW9pPfv!RnE[#P>Q_,32,alphanumericSymbols,201.1
3908,hf9u3Jy;7PCd__P(C!Zesm?3Tg#tYKcn,32,alphanumericSymbols,201.1
3909,"Z.(E#c,%]uiwt/L2yWfqix.Cqxg)VT(z",32,alphanumericSymbols,201.1
3910,h7nnry[ZPZ-x{*|k^;r}Cmrq9:C*)JvU,32,alphanumericSymbols,201.1
3911,Rb^ma7RQF:dP@Ue)ubk+:fx((z@sA<&m,32,alphanumericSymbols,201.1
3912,"+RaJC|>X2;C{A[vY(2(whCrf-&_F,D*U",32,alphanumericSymbols,201.1
3913,_]y^&^FcW?qVsrFK7&[bn+YqC]#KuxDL,32,alphanumericSymbols,201.1
3914,x3L;3RtqUts3MkZ(;;@Rw}vJ-!T(Kw+>,32,alphanumericSymbols,201.1
3915,"~?y]is|U2gh7K,h#DqkthQ@aUA~-MhYq",32,alphanumericSymbols,201.1
3916,",Hy,X>9m/_=L~Kk>#|4fmimuyE=4J+|[",32,alphanumericSymbols,201.1
3917,VU[dV<NQ2P#T@$HmQ2P}HzC<4%=NiZ9=,32,alphanumericSymbols,201.1
3918,"Wu,r(:Neun._7FRKzQ7~#Z!Q3&JK}sch",32,alphanumericSymbols,201.1
3919,>J(q}=9XrrgnD}gXcXiHP]~:LU&{FUUw,32,alphanumericSymbols,201.1
3920,"[wh;Lpe:[|(,{ynUm>Y4bQ:.3Uh;be7:",32,alphanumericSymbols,201.1
3921,ZDu@./$(eu{J~_yTph(&an?|E*b!H2bN,32,alphanumericSymbols,201.1
3922,"p,*Q]NQdjkdn3|4HV7;z{(n_{3FP7Dp@",32,alphanumericSymbols,201.1
3923,?mcA(43FJarL*Y(hzreA?nzKiEt-_gz.,32,alphanumericSymbols,201.1
3924,T3e#=@yDky%be3(/fy|%;^Lm.+-a_<;t,32,alphanumericSymbols,201.1
3925,"L:rJz@)b=>~p$wbaWt2yk}a~,:~!9f@y",32,alphanumericSymbols,201.1
3926,!_g])r4KvX2~kbzi_).NNLx3jKp>yWm},32,alphanumericSymbols,201.1
3927,PX_AMu^K.-W/H{kj!)XcDT/;<U}rfwj@,32,alphanumericSymbols,201.1
3928,"VYjp4^R,jsHsux*F=tjv$rKx.FYK-Y#t",32,alphanumericSymbols,201.1
3929,&4Ld]{AwxsQ9pfLH(WTWV4FyPETXv:3:,32,alphanumericSymbols,201.1
3930,E)^JsK~wUJV^nU[NY~p=Mj{/XzY[&H:@,32,alphanumericSymbols,201.1
3931,}Qfb&}:tQ4TT@9KdbpD[2cyf>/E;xksN,32,alphanumericSymbols,201.1
3932,=V=(hcxN!Uie=|_ykj9fT:FrrR@{%)L.,32,alphanumericSymbols,201.1
3933,LV/bajm#mmi73MnrQn-NeT_J$}wjru2y,32,alphanumericSymbols,201.1
3934,!32fC@[V@V<U%HZyLW3vMQys>Dj[Xqh[,32,alphanumericSymbols,201.1
3935,"ciHTc2{k7WN/D)NLEfQ$[+;,nt](|X3:",32,alphanumericSymbols,201.1
3936,",jWj)[sY.-ny?!%>-|7}HX)#WKviwd7y",32,alphanumericSymbols,201.1
3937,"z(|D@{4_#h+a=Khrd.>A9<N,(Y2uwmj,",32,alphanumericSymbols,201.1
3938,4RmmR:wNMfQVcyA&hkJ<$V=KZ~ny*~+A,32,alphanumericSymbols,201.1
3939,K$W;F^.#$<Xaz[qc@(|NA(T|Uq;~W:iL,32,alphanumericSymbols,201.1
3940,C4{jkhr?pZ.9-<qahm!Q.xd@2!_h]PNi,32,alphanumericSymbols,201.1
3941,!!pb-}^sK#;<>Ww!y?tP#i2.d)&RJ}*<,32,alphanumericSymbols,201.1
3942,EbjW!a&7L:|RaMZ}(q)?3v~tUxrL~v3~,32,alphanumericSymbols,201.1
3943,a&ituHT$bDp%M+!c3f|/JMJd+!U$HP;U,32,alphanumericSymbols,201.1
3944,CseQf)CtAbC}%7}UzuD3abWq=.2Yw*rP,32,alphanumericSymbols,201.1
3945,"*Yj2#TVcf>dq(F4Z#Wx@E,-4gwXb%_@c",32,alphanumericSymbols,201.1
3946,",xWZiHu~[UHhm]x&(YmAgkc94,R+%4)Z",32,alphanumericSymbols,201.1
3947,4P^Vg/eT^c[)xs3.EJnJ;KvT_.22j=(Z,32,alphanumericSymbols,201.1
3948,$|AU/xZH]HfFtdeWqnE$pH~]E9{W9$P),32,alphanumericSymbols,201.1
3949,Xbk~>u@A(W~qUR/!}CvN_Tc&)/UKZtbv,32,alphanumericSymbols,201.1
3950,"^~T$[TFZKKH,(Rs[wbw,3(M(4Xb&iu(e",32,alphanumericSymbols,201.1
3951,:JX2u3p%Jsx7(7/]ppT-PRimU7U|k_]Y,32,alphanumericSymbols,201.1
3952,vYAM|g<Q=-4EV}23=yCw#^&]FgKgp&cL,32,alphanumericSymbols,201.1
3953,VvzeA7xtdfKc]g|DU{NKk^=:W9FMXCc[,32,alphanumericSymbols,201.1
3954,)9&4gJ@/+}:T_TQ~NhtNMZ[Y{P.^uQ!?,32,alphanumericSymbols,201.1
3955,7p|m|gaaj-tQXpgT:[*=Kha&f~=W>fET,32,alphanumericSymbols,201.1
3956,(aq%ekCn72y.>.|L[ueFLTX&U&PKa&K<,32,alphanumericSymbols,201.1
3957,iRm}]|yPr@^r[wM@k|&McqYr{>m]&Dm),32,alphanumericSymbols,201.1
3958,/vrDL^-|2=AwyydwxbR{(2|^]_[tnf{^,32,alphanumericSymbols,201.1
3959,v@]rt)=3+}d<Wd3a7ezJy+y?v>inJH%@,32,alphanumericSymbols,201.1
3960,^wabq_nfPuYgQ4y:/;ndb#UU-Qc;{}Fz,32,alphanumericSymbols,201.1
3961,.V&i>gqQVu7LM[m2#~PEvqP7&&7?HjkT,32,alphanumericSymbols,201.1
3962,"yH4Kd<iWn-77!4<r#UjjXC,-Y]M{UU/T",32,alphanumericSymbols,201.1
3963,",]=,|3x*iq]MjU/}#nK..yF#277,,vRY",32,alphanumericSymbols,201.1
3964,xA:R27z?wmk/ahge~mktbDev.(r~({*m,32,alphanumericSymbols,201.1
3965,"i=gtCMh.W,FisgiHJgs)9[-n*N#gKh^_",32,alphanumericSymbols,201.1
3966,"/]/ia),ry*!3t[)adk]7JPd3,bFAp)UW",32,alphanumericSymbols,201.1
3967,CYpupXN2Q?>PMw#JX#M=zZ@#RXTRWjbn,32,alphanumericSymbols,201.1
3968,#RrkbHJ&.eFes7E#UfK:YdX=H^)W^RbN,32,alphanumericSymbols,201.1
3969,"iXpwy(.*z)-f7/V7F,rC+k73^.Kw!ADc",32,alphanumericSymbols,201.1
3970,P/M-Unhq]@vZjRVjHHJuR-i+RH=+DZE],32,alphanumericSymbols,201.1
3971,C$AE$Xv:2Nu<:RRD<K+.h>ak!2qa$xiR,32,alphanumericSymbols,201.1
3972,p=n$9b!eAcCA/[Q}r4v;*HsQ7~{kCpYq,32,alphanumericSymbols,201.1
3973,<P_De?9A]YTE[dK23@ybLpUsFjiV$#tQ,32,alphanumericSymbols,201.1
3974,W[Lyc#--U+)s?y-q$Z7#TvH9Wp/h[](z,32,alphanumericSymbols,201.1
3975,s({Hq;v=bTkLp4feDJZ[Eh|v(g]<XK_p,32,alphanumericSymbols,201.1
3976,3n.7d%MR{^NbK<Qm.L.R>7nMmgR<[Rex,32,alphanumericSymbols,201.1
3977,"c|<4dCFDkxv2db<<FxF|M%T{,MRU^)~y",32,alphanumericSymbols,201.1
3978,"3FwE;PV^2{LE//xWjcC,%.L*~><wk.F!",32,alphanumericSymbols,201.1
3979,CQ?cYstnenbi4bm(t]>3u]T=uue?++ua,32,alphanumericSymbols,201.1
3980,Ni};X9w|~r+}=w2P7mHH<ckztKW^_yiu,32,alphanumericSymbols,201.1
3981,JxYmp!Q2js#bCgAng<jF-m$&=zc.tMcN,32,alphanumericSymbols,201.1
3982,~UW[bA+j(E[TzLL|H[!&J*HJZd$/X(CP,32,alphanumericSymbols,201.1
3983,k-Zbz>R9};~uH^-AeDYF&wCV<(_pDTbk,32,alphanumericSymbols,201.1
3984,Hh3&&4fE#[r?Xa]i7}=P2|7RWQNaY+Az,32,alphanumericSymbols,201.1
3985,YkT+zt7@yDYb/jwe3aHNYuNLLsJVbifX,32,alphanumericSymbols,201.1
3986,",#N#_3]#J&#$#=!;?9JfU$[ewWnF#k94",32,alphanumericSymbols,201.1
3987,"<{m,>.&7N?P;H!Q;XLe:XeWm]3s_7DKn",32,alphanumericSymbols,201.1
3988,bF(ca7|?7E(rK7wN{~~L[2ZgNkCgV4TC,32,alphanumericSymbols,201.1
3989,}iv#RNek@73Dx.N}k4%%yuhc]b@Q?3];,32,alphanumericSymbols,201.1
3990,s/.nrP-|);viQm2)U/2+K?Jw9bdh:a&Y,32,alphanumericSymbols,201.1
3991,.rt*.fau[:mC+X9&h|*Uhwr:J~(3@V9?,32,alphanumericSymbols,201.1
3992,;m&+b.zQh<k;b%vr;9/^MT>YH)}+Rf4},32,alphanumericSymbols,201.1
3993,iT2QkC3R{+kQi_L3}sTUAJ9)Dc.yK94Z,32,alphanumericSymbols,201.1
3994,_Q;Av3dKKrcD|[d-/~7=/fTya3um*7at,32,alphanumericSymbols,201.1
3995,")Pig9smJevY@?zK<}H,4~+a=gV[)/!X/",32,alphanumericSymbols,201.1
3996,";f~=K!LPa**7f#|~4nQPejzr,Q3TK)M;",32,alphanumericSymbols,201.1
3997,Hr<~d/bsey<c>2]%(_=_r)>M^ZJTXKQr,32,alphanumericSymbols,201.1
3998,y#?:gReJ?eN(UWKdj7hyi+XzR!>dt^dP,32,alphanumericSymbols,201.1
3999,AAeCr>.#:Q_U?nvs%HQ~f;Q{Xw3h]cj{,32,alphanumericSymbols,201.1
4000,Y!@}~C<=Am@nr=#*C=.VnHJ2+#P>M:Hp,32,alphanumericSymbols,201.1
4001,#%L9HqHJjZ|&R_*b#/En?9T=iwdsL[??,32,alphanumericSymbols,201.1
4002,ERP%~QKDFj/mLU9QMsX7&c%v#k#M9~9s,32,alphanumericSymbols,201.1
4003,#Q<2CP4vCrhJ/M*bv^Kv24jjJLXA{jwX,32,alphanumericSymbols,201.1
4004,#q9PM_T&Z=?qE7DCKmxka7|:f-[~vj(%,32,alphanumericSymbols,201.1
4005,">p:(i>?[$EY,m-eR^F||<k,Cv$4${Fu:",32,alphanumericSymbols,201.1
4006,p$E7V#<}C{<}R;L#W($_uj~2cveJ$uQP,32,alphanumericSymbols,201.1
4007,"(JPutttAiNyUv@NNC^ZN&(drV&?a,N!*",32,alphanumericSymbols,201.1
4008,4)9ezZ^}!t&?mQbn}79nAq~Ke}[^V74$,32,alphanumericSymbols,201.1
4009,zd=?.;r;+d~@JWi]h9Z$u?j7/(zA[|[$,32,alphanumericSymbols,201.1
4010,",;%U::4[%L_zfCe{,cD<-.=~fsh(i9x~",32,alphanumericSymbols,201.1
4011,KkQ#CkHCV$^g_j[:{~FJ~r=c:<Kdr.mw,32,alphanumericSymbols,201.1
4012,"#4U,*fsn!4D^|ype-+L^=/~/-WZwR~/E",32,alphanumericSymbols,201.1
4013,T7.CvJy3CML(FTz|(|vcW/fYjqu{ij[s,32,alphanumericSymbols,201.1
4014,VxmyQ/=UF[[QK{s>g>~+Ke34]Q./QLXf,32,alphanumericSymbols,201.1
4015,k!NpFq4vb?Ds>Cty(mFX|L[F=bKWbpY#,32,alphanumericSymbols,201.1
4016,yy3YZFfHU&zLMvx7Fn[{9$}_mgRYjWt4,32,alphanumericSymbols,201.1
4017,7K<LpRrh]MkP&.)YKwEDY>4fJeE+J3Z%,32,alphanumericSymbols,201.1
4018,"TNuPg,f-$tp%*Z&s>=Z;cinHN#vR<D,g",32,alphanumericSymbols,201.1
4019,-#svptrANR]]fr2kq|!cC7(3.$ZKyf@s,32,alphanumericSymbols,201.1
4020,@PDvjRin<mY(RVg#cTZQqb2#&k(ADhP|,32,alphanumericSymbols,201.1
4021,$7HdE*3@MU4Q{}X}]n=w9TmCef@~+HbW,32,alphanumericSymbols,201.1
4022,"f_ijndKDdc^@zKj!zf&VjN,|{=vr3RE@",32,alphanumericSymbols,201.1
4023,>YZ?#jnQaqqz!:gkXp+RdD_HJv~vu2Es,32,alphanumericSymbols,201.1
4024,dp:|+E&T@:%FK7|U_}L7u!.E.J}xjLiF,32,alphanumericSymbols,201.1
4025,"V2e#fvUbCxF_9dvf32,ivzwgi|7JmET:",32,alphanumericSymbols,201.1
4026,vbVC.JtwtqP~@..n#p[4N^DNubz_%CPV,32,alphanumericSymbols,201.1
4027,fg3m[LEc.Na{p~uaewx&[ywPY=HHVkKZ,32,alphanumericSymbols,201.1
4028,|.*maKzzT%+*fb2^CUxcf|f]XZbx(/cp,32,alphanumericSymbols,201.1
4029,"b#mLtg:Zm&-m,bjPJi3<iN@qK<3;yiU{",32,alphanumericSymbols,201.1
4030,H^s4-{Pr@#h%i^Dus_a.?_Xc;J{9XQME,32,alphanumericSymbols,201.1
4031,P;tFk|Htz|Y-H3Z@xPy#MK$)C(+}pUZj,32,alphanumericSymbols,201.1
4032,")3(cq;z7H/9b~kw**P#97=~(~[Cd,3],",32,alphanumericSymbols,201.1
4033,"?u,;,r2!4:ktX-?H&p~tgW:72w+F-d)P",32,alphanumericSymbols,201.1
4034,:epu_@H3~NY;v2nMrNj&fsFUt^}=xFAy,32,alphanumericSymbols,201.1
4035,"m*%KJ%DE$,rT|ei_Z2iXCRyatCEuLNEW",32,alphanumericSymbols,201.1
4036,=rm]2xzf>Lp&#A7_QsmFWu_eY@RQfJ]3,32,alphanumericSymbols,201.1
4037,a&iguxMT;/>y>:ZdebLFnWME)CuT<e&|,32,alphanumericSymbols,201.1
4038,"..pWD;(MWz/+Tz&_aM/2&-i?fEDDDw,N",32,alphanumericSymbols,201.1
4039,AX>x|kvD^$cU@k^KX[WC;g.-CM?wh@;Z,32,alphanumericSymbols,201.1
4040,"sVrfhCA>{eaejv+a,smuem[NJr[W)Xjv",32,alphanumericSymbols,201.1
4041,"ie-^DT#Z+KDwMxvV+&,7!-Kr9RiUP3z_",32,alphanumericSymbols,201.1
4042,"?Zhv-u<XrT,d.q4LayzW~zkaxYt9K{P]",32,alphanumericSymbols,201.1
4043,"cn$zU@n(e@waKL?g%<pztXE(>-2cq,ZV",32,alphanumericSymbols,201.1
4044,"<rdd~mtNXHyEWa@T$WF(:7,,(:uk;4xr",32,alphanumericSymbols,201.1
4045,7@Fs):w/LA_#hpHPAF}JeUYiXv]uWUp[,32,alphanumericSymbols,201.1
4046,ccbAy4H^D%3;;;L)Z!fcgm7wWryDVVWK,32,alphanumericSymbols,201.1
4047,"NzEV,yxrE@3Ju%_&P%,FkC7CRi[p9Y:n",32,alphanumericSymbols,201.1
4048,"Ve/&FWWu,[!vTX@XZ_L$mU~!zuUY!$pm",32,alphanumericSymbols,201.1
4049,_;.<?<hE[t[R%M3Q!Z]}wn@XH>%kk|r4,32,alphanumericSymbols,201.1
4050,"@?fpEfD/(+~9,u|L_[!rTEdFbmtCYY7W",32,alphanumericSymbols,201.1
4051,j2>MD]%+&K3E.}w!r+#9T7QM7~DAt4/~,32,alphanumericSymbols,201.1
4052,am(NeV^X2CjQ(JZ_~|*FAq^~WgnFd;Tf,32,alphanumericSymbols,201.1
4053,"ZFQdrfb(AU;Xks.wK*=dvZmdsVr,^RRj",32,alphanumericSymbols,201.1
4054,"#?/ZKU=[!4;X~d*/Qg4,?VPH=QE2:U~e",32,alphanumericSymbols,201.1
4055,(M3hi!Ey3WH~3{<Ds[L;N~(}pVY^.*<a,32,alphanumericSymbols,201.1
4056,a<34>a~zg:.-btdb+n_PT|N>ii4:h;7?,32,alphanumericSymbols,201.1
4057,")[Qsx^?r_t{x%Tesp]!H]rc^Db[{3,:p",32,alphanumericSymbols,201.1
4058,"-:#M}!*%,{eV$H{g}Avggnr(t[N4$qvL",32,alphanumericSymbols,201.1
4059,(R7h__Nf#eaC~)(_=a9a=cu?}()^a~Uw,32,alphanumericSymbols,201.1
4060,f?M$R!~NyanR&+:%J)~MHZX>%HR[%g:F,32,alphanumericSymbols,201.1
4061,"_gnPeZQ?WXH>nL.z$ybD;rTz_>V3_,ZD",32,alphanumericSymbols,201.1
4062,XCPECy3J~WZ!pcq|Jsdi:|K73:Uk4;$[,32,alphanumericSymbols,201.1
4063,"Zrab?A?D@xk%AvA(M%+D,z}p}qcLnUqd",32,alphanumericSymbols,201.1
4064,">zYvqcZ-^c2dJ/eR4daf[&_xX/=d&3,F",32,alphanumericSymbols,201.1
4065,X33PdV2bd$32CUCd9&)MQ92naZ#RqLL/,32,alphanumericSymbols,201.1
4066,Nm*:MUC94-:H:M:+[(%U~LCALgL}2cH#,32,alphanumericSymbols,201.1
4067,Wa#K-F^bAnRJ%%m+xvk_eD[{yEg=Y~D<,32,alphanumericSymbols,201.1
4068,s$s{MZ7TKr$A?xph+>;AT}y(s)RiZA+H,32,alphanumericSymbols,201.1
4069,"n$rh^T,?.#d&~ufEm+H^9Z,j(e+]?u+?",32,alphanumericSymbols,201.1
4070,(JXHkP9X_H/%|WX7F.|?M2/Y{}KF3LVR,32,alphanumericSymbols,201.1
4071,._qU#E*N4.|RZy~=!@x(a|)U$%qDXEfX,32,alphanumericSymbols,201.1
4072,"~Pt*.a;T;Y4fn->d2{:)[E*:LTt[X+,q",32,alphanumericSymbols,201.1
4073,]]!K9RFHH~7C|pF[g4ztb}RN#g:u4?&V,32,alphanumericSymbols,201.1
4074,P}}U/=f(ukdq+R$m_]F_<UP^r/qwFVWs,32,alphanumericSymbols,201.1
4075,"#W_3$MXAhTX{^Lyw,2KA(p3[X$D@)d&P",32,alphanumericSymbols,201.1
4076,kAiHyPCM.YT~=v$|WW]!RKYbMgMzu|W9,32,alphanumericSymbols,201.1
4077,xs}!{(s!N-R{{RF]*[Tc&T#d4<!2@2Tk,32,alphanumericSymbols,201.1
4078,i^$3v@;g>)K/7f-Yz)zzuPny@~<J_&A/,32,alphanumericSymbols,201.1
4079,"-4Qe[<u9@,siDD<H|<~4namyhnv~N)fu",32,alphanumericSymbols,201.1
4080,Rw~m%2kp}@fK$XZUJed?r+hxM?Rcre%7,32,alphanumericSymbols,201.1
4081,4(J+n*M&R{&tsbCs(Xr&CR$ArEdLi)$H,32,alphanumericSymbols,201.1
4082,":P=f!b;>n!XU&V$A/aAq|pn<q$Z%u;,9",32,alphanumericSymbols,201.1
4083,"a.QW:(]#RvFvT<_|.,?gbQWH=&,JpwsP",32,alphanumericSymbols,201.1
4084,Tsr$rN>[fLqf[CdaxZ^Fn@w)%H!TR&Wj,32,alphanumericSymbols,201.1
4085,@v[R<tQbT=+~A_zxrwkm[x/m!<k{3ErA,32,alphanumericSymbols,201.1
4086,/KC]^?+fQMcpifcJzgYEkfck&qE)MH/@,32,alphanumericSymbols,201.1
4087,T!=Y.|2}{Kt/cef;$m9.z{Jw+gp&/T_K,32,alphanumericSymbols,201.1
4088,"!qC[NVwnx+N~^TqR{H{#,/dp+ztX2&jQ",32,alphanumericSymbols,201.1
4089,=w{A]*+QxK!{[;D#)]:|Yi{}|&[/*<A/,32,alphanumericSymbols,201.1
4090,4jWNmE{4YU<kuV~TuU3<[y?d!q]4~JFv,32,alphanumericSymbols,201.1
4091,"HtqNc:%R=ks*,cr:Wd?EZ|_,wZU)kK=z",32,alphanumericSymbols,201.1
4092,ii<|buE^vR~Q-Hmr#[~PeY?Wq!:=?}wQ,32,alphanumericSymbols,201.1
4093,/V2JmbCvDUu&NJDw#YFg%4MhhDmzMWkH,32,alphanumericSymbols,201.1
4094,-&?;)}P]|Y4gR&d)N?7~zNAyfc3xZu/n,32,alphanumericSymbols,201.1
4095,4b3$a7nk;uDn{;3w|}tWQ(FVN4ieuw.e,32,alphanumericSymbols,201.1
4096,bEq.nsNf~|yk}>Vr;YfJ$R}svWCgVidt,32,alphanumericSymbols,201.1
4097,"d@|khq.^,aiR=fkn(k%Hkyp#L)sTc}Pj",32,alphanumericSymbols,201.1
4098,qseHQXKRXi;+UhT.L:;-.jE[7yE$ca^d,32,alphanumericSymbols,201.1
4099,"J(g#a~v|Uhgvjm2E,wa_c_m/-;:J7//_",32,alphanumericSymbols,201.1
4100,",NzF!vFNReu[ddt-U:mQUfEf#kTK{*pd",32,alphanumericSymbols,201.1
4101,yu%e#h!3@eZ99>)x_c&~#NXiEA((zwvE,32,alphanumericSymbols,201.1
4102,/P%#scrUr:(g+|jmLc7^i]tn:qFhEqiT,32,alphanumericSymbols,201.1
4103,"z|[kePTWE^pdq]7mEX3D,}P@KCsWYNeA",32,alphanumericSymbols,201.1
4104,b>+hCZ;%H|H)ZfEs^h)q:C!X*|UDv|gZ,32,alphanumericSymbols,201.1
4105,N-x:|r&LkaJg-32b2u*[sXYqN|$s)R!),32,alphanumericSymbols,201.1
4106,"k3v)A&gmHqE%A}*^;atDtfr},pt]w>X=",32,alphanumericSymbols,201.1
4107,v&N3^9Y%sHxb%Purp/?>Jf}2+:i|]ij=,32,alphanumericSymbols,201.1
4108,)L{L!)K.sdMEdkqFWPPa-nps}4;%zbT<,32,alphanumericSymbols,201.1
4109,/9crw9NeQ~A~TD/.R<dN>>iwj3P*Lry@,32,alphanumericSymbols,201.1
4110,"@bY^.j4yw);u)v#E{(7%#}*;R49/&aa,",32,alphanumericSymbols,201.1
4111,",jk(Z9q}^^4wva=[vKNw2Ds-VEX+en)E",32,alphanumericSymbols,201.1
4112,zqAV3F+J*~.dpg?nV)&$<h=i|w~b;}j),32,alphanumericSymbols,201.1
4113,pj?TVhbd!N/M9_|9p$3k]^c$;A7|3wPN,32,alphanumericSymbols,201.1
4114,Tks}PczKAJwFyv<X)=ixAyQc;Wzu<kKF,32,alphanumericSymbols,201.1
4115,"2fCYMVK(.)*[ne2HtJR/xV@V(eveNM|,",32,alphanumericSymbols,201.1
4116,"iEK}i*^}Vk,7vc}^(jQ;#g!~wasbaC~d",32,alphanumericSymbols,201.1
4117,"RNg;%VA>|L=ka,E,RdsAhic/?,eJ4n3P",32,alphanumericSymbols,201.1
4118,{=$Q_mg:F+%E/3N]Li<!EA~zQKL{HQXd,32,alphanumericSymbols,201.1
4119,>i<xNm4)Uw>kYW{TtyF?$J9EYN]tW>_*,32,alphanumericSymbols,201.1
4120,wy.i7U~k#9]|]3ynUbZb%QhRs]9(jgD*,32,alphanumericSymbols,201.1
4121,2dVe3dZ4Z9Kt9L*{{32!#+K![#>[aCE>,32,alphanumericSymbols,201.1
4122,%&|2/ip7?xuF&{i~_&Z!{-!3PFg>7H+a,32,alphanumericSymbols,201.1
4123,4P[%/w$y$-HU4cx:J^Fe$tE4x=CrqeY;,32,alphanumericSymbols,201.1
4124,";[t,JtA[%)wAH/vxN|(T&7ft]xY~TQ9y",32,alphanumericSymbols,201.1
4125,<)f4/*n7N:$?qkF;-xap3aWXat_|FaP&,32,alphanumericSymbols,201.1
4126,"qdKRCL,q>=sW(;_pH~dNcJe-P{F/yWL?",32,alphanumericSymbols,201.1
4127,w[:^+u(}[wWmjD>*h@nb@TX^Xuxyjt&^,32,alphanumericSymbols,201.1
4128,YC*Rd[9n-zjZM!p9zqQ~xxEarhuNkH@m,32,alphanumericSymbols,201.1
4129,3+V@s+YJrkW-Wq^C<bt@V{KNm{J:CF2a,32,alphanumericSymbols,201.1
4130,W=X==@&W=@]gVR!hRC(TAy9P#^f(g=#x,32,alphanumericSymbols,201.1
4131,ht^^&TUb}~)AzJ#|^<^{<#&<Fip%[P*v,32,alphanumericSymbols,201.1
4132,~nEsrEEbv+?ZKvrdLU3*7vwEV!*nMJ!{,32,alphanumericSymbols,201.1
4133,"$4xU[VR,L3ZffrCF7wfCb<.{P{&AvrYD",32,alphanumericSymbols,201.1
4134,"Qa%.$CdF#R<Ubg+:,2X,wpQ.mFtc.}4=",32,alphanumericSymbols,201.1
4135,@;3YwW[*?&Wqh)3vWsm&g{zdd{<kFC!C,32,alphanumericSymbols,201.1
4136,";[v>wt*igyd{y94%fiA;CR~rT,9k[q7;",32,alphanumericSymbols,201.1
4137,"?RgVY4Wj{{>qkw,MD~qr!XrfRvZ]LRPQ",32,alphanumericSymbols,201.1
4138,iPWpmc&4bhh>;2>drC}@s~PxA-cjZHZ),32,alphanumericSymbols,201.1
4139,Xh&nD>bhDds+ZqeQ>U7}w@pcQ4mjD{_W,32,alphanumericSymbols,201.1
4140,4s_^?P]p-3=<uE(i73Vh*Trx)Ue}N$VP,32,alphanumericSymbols,201.1
4141,7x79wKm/(&~#riy(y=yPp4@XZz$<]PKm,32,alphanumericSymbols,201.1
4142,"Vy;(u~Z?yKf,#KaFUe?;(>R,>|e=&DyK",32,alphanumericSymbols,201.1
4143,>u@xp_%x@ka;!(ehJ<WP2tcfR%Vg_Mng,32,alphanumericSymbols,201.1
4144,i!Yw@f%kYfLJ&p.[FE!%Hauj(L&Wywtf,32,alphanumericSymbols,201.1
4145,;_|#Mzj&Lg9.JtcH2)7DmTrp2@>Re?|N,32,alphanumericSymbols,201.1
4146,q/%^]?kQk4Za?<=Xz@t;!+m:$Y}4r:ZQ,32,alphanumericSymbols,201.1
4147,"+T,jk[-7*V<JK&!Mcs/u;MVetmbz@c*y",32,alphanumericSymbols,201.1
4148,_Q2wZFK~23hw^3MrPd$dk(gJvvUF:M~W,32,alphanumericSymbols,201.1
4149,s<!XkJQL+P-D@b<WP29-MU2iz2!k@Q?=,32,alphanumericSymbols,201.1
4150,&kNN9F?W)j3>RV/twtMDp~%Rz}J_|)r@,32,alphanumericSymbols,201.1
4151,g4?KzpYDj)H3g!reJWPtnH%kjmx9X4z<,32,alphanumericSymbols,201.1
4152,gar~$r/{2%k=;ZnPzN}2!C3{!qg_:kw+,32,alphanumericSymbols,201.1
4153,"jF>#m,h_f$,}k3XsFQq7|]3xwj7,4p%@",32,alphanumericSymbols,201.1
4154,"zP)]^gYNrWi;,_xY;~MNg9}M?Ak2.*if",32,alphanumericSymbols,201.1
4155,"KR{>4(ug%>Lk+3QPfwe-ZV?!,*],-:(}",32,alphanumericSymbols,201.1
4156,~3k>d*H<CcRk$ny:::W]9(jHV*zF7ms9,32,alphanumericSymbols,201.1
4157,U7a(7emgvFM_7]_kt|j*J9MW*MX>VA!c,32,alphanumericSymbols,201.1
4158,"L=,u[/[4JisL])<ya*[Xze~H>X2=C=dp",32,alphanumericSymbols,201.1
4159,";3K)~}Y#LW|QciKYtg^F$Vhp!X,+:}|$",32,alphanumericSymbols,201.1
4160,"T|QVKR,Y>/xtyzP_|(sdUuyTg:@v(]t7",32,alphanumericSymbols,201.1
4161,xj_9ZhV/sMkeH]LpZ$/LX&;)ca=FPi(s,32,alphanumericSymbols,201.1
4162,"|_ij:R:(,@,-sMDbPuh*_qve*sYd${:7",32,alphanumericSymbols,201.1
4163,baq@|g.>v|dK=KFn~%ub(KAX;=fRQ/gz,32,alphanumericSymbols,201.1
4164,jY:=V|J;&a@H9(M^ya(ij&ZdH=mH>kfu,32,alphanumericSymbols,201.1
4165,+;%yK&WCw?#~23A*nYQU?>anCs@ss<s{,32,alphanumericSymbols,201.1
4166,|rxW[dj&|hFFEUa+4.f|ZYfc_R)C2rwh,32,alphanumericSymbols,201.1
4167,$Xzs4~#@{7a.=~=wDFYfxhw-3}Aa~<vE,32,alphanumericSymbols,201.1
4168,q!7C9N~_:U_$gt)UrY3fv|{qVkumxx/J,32,alphanumericSymbols,201.1
4169,";~;EJsFj?_%]4am?%)DXM(Q+=?,7)#AV",32,alphanumericSymbols,201.1
4170,3N$@T{(7gk[auy^c[[axrCyu}Twie=bc,32,alphanumericSymbols,201.1
4171,"^n3-?(ey}gY%j[Pn$,zU!}ctfuf&qKk}",32,alphanumericSymbols,201.1
4172,He=vDqR4|vH;JqV.Xphu3a*Y(vzy?u4t,32,alphanumericSymbols,201.1
4173,"iXjir/<}bEqaEcZ~,jj_@E4R>ZRW==Wc",32,alphanumericSymbols,201.1
4174,$WLM^Z#X>/s+jgi_bJQ*y9Hed*KqZ[xy,32,alphanumericSymbols,201.1
4175,"e~}rA&AY<2bU./u|,@ywJ7M.YP*4Hf7A",32,alphanumericSymbols,201.1
4176,"!]Rahm!|i{s<,]X.m%_!PAZ:HQY*jF]Z",32,alphanumericSymbols,201.1
4177,}#ab~MPH[WXcNp]/qUVHR(&MTWAR2*N^,32,alphanumericSymbols,201.1
4178,"ecWd|F.Q|?kMcxJZ&rV/Pt-7>q/q,KH+",32,alphanumericSymbols,201.1
4179,"3t^vmqK?gU-W=e7|,E<HvL++nD@%.-*<",32,alphanumericSymbols,201.1
4180,"Q4guV9)DP7NQ,C#=D2M?((;~pCYz4P$-",32,alphanumericSymbols,201.1
4181,"D$Tm=M>_ps^[wax=t!K;qwz?#ZE,3xf+",32,alphanumericSymbols,201.1
4182,ri[}w+fVDr!k:{cV!p&c~fKDtFP<ugvp,32,alphanumericSymbols,201.1
4183,"A#X[bwz)H2;L,$-Y*q!em.kx/Cx!pL-r",32,alphanumericSymbols,201.1
4184,yk7QLnsCcyKCx]~c=LQ?yR;p.F&&<(L&,32,alphanumericSymbols,201.1
4185,"<,<[iJ.z.w@[[Ya(N!L&q3d_Ef_#JKTQ",32,alphanumericSymbols,201.1
4186,AW^d?k9jz339;7;Zd{jLzE:~fHhhQbbN,32,alphanumericSymbols,201.1
4187,vb:Ki3Z_-iepwKWq=FFgmH>7RgVaJ)DU,32,alphanumericSymbols,201.1
4188,")]C<e-)%-jvTtcZk#9{a73,-]/a;P[it",32,alphanumericSymbols,201.1
4189,wW}FE!]P[@!@_L?C.v:bYXj.[qiWFAP7,32,alphanumericSymbols,201.1
4190,-{3EqHV]F)D-wW(~*3Wy(Y>t|v+b=?x],32,alphanumericSymbols,201.1
4191,xWWxuF)YssAq@Y&@&+E<T^[|Debw:v:y,32,alphanumericSymbols,201.1
4192,"+ji@,~QwbR:Z7iQ|$qUeq~WD/DqJV}kM",32,alphanumericSymbols,201.1
4193,>fWbU#W7>]xyg_>a(|+HKm94}{^]x3h>,32,alphanumericSymbols,201.1
4194,ziq_xC4Up>vh.2|s=;_(QXMiw${eacN*,32,alphanumericSymbols,201.1
4195,"VA!u.W:+uW*(hnr:Rcuchpqi$z,VkML~",32,alphanumericSymbols,201.1
4196,>9+RKP-Y>LK>yH4xE7t@!Q[FF_#{</:],32,alphanumericSymbols,201.1
4197,D|_vzt+>P?xw@MPtPmp7+&?NnQQ}={a$,32,alphanumericSymbols,201.1
4198,Xu_:Vd!9Jck&9FT;<<R3f2D]tQi($#bM,32,alphanumericSymbols,201.1
4199,gr-Y%>2Ux:mA)R@fr%:gTWZa<ZgVuzub,32,alphanumericSymbols,201.1
4200,"xanTJ--K,?[4;>%:]YR;k)r_VKJHcc:k",32,alphanumericSymbols,201.1
4201,"7XWb(/yd2)$v<*F)FsN,UfsAh.J3zV>|",32,alphanumericSymbols,201.1
4202,Fqe-F_.P$#K@WK9_bh<]}*jwgRK*Vm4L,32,alphanumericSymbols,201.1
4203,"$%V[,]g=T?WRAUkHgx~$M%{}aZM-z{L^",32,alphanumericSymbols,201.1
4204,"qJiHt4+=L,;;!e?)XHX-3,TfCQ:_,nzi",32,alphanumericSymbols,201.1
4205,V/]9kxWZ);7X~Kr~N]>/$@L|^KFw<n-d,32,alphanumericSymbols,201.1
4206,D3b|?)z4(Y~]RW]CyEFMkZ{aaH3rQZz*,32,alphanumericSymbols,201.1
4207,&d+$b^Yey?2y=qzzC.k]%|b9YhM7wgep,32,alphanumericSymbols,201.1
4208,T=iWiCu#rr*HYaZ*Z=smKiwR/J7nh!|^,32,alphanumericSymbols,201.1
4209,"gR?}rQeQC*$.yLdLNm,*at}v-~7R]uY!",32,alphanumericSymbols,201.1
4210,*%=j7a9nnhvvE=+#@J{Jn|LnwcpbPj}V,32,alphanumericSymbols,201.1
4211,"$$$2_?MWZV_$@cMFQ{H|||bP*F,fibz|",32,alphanumericSymbols,201.1
4212,+4?$3x<a^N]URX_Pr$J=fpiqfDq~Nxr],32,alphanumericSymbols,201.1
4213,_@iVe4^>+Nhdq/if}NPX/$!Ue4T%[t?t,32,alphanumericSymbols,201.1
4214,D^Eyh-j?mw?A]]i[s@@=+MUWnu+)/&pR,32,alphanumericSymbols,201.1
4215,"(2J?ZMKP{QhrfPs?24V{_;|QWUe,yC>g",32,alphanumericSymbols,201.1
4216,y2N-Q(pnK+Q?=|Cbhq[%y[@WaT.kszdA,32,alphanumericSymbols,201.1
4217,ypkevE_7@D?r?XttLNi4H):P(ae&x/Vn,32,alphanumericSymbols,201.1
4218,4!3auVi%~rd%%Ks%@$jR_j>=AMiv2MC-,32,alphanumericSymbols,201.1
4219,"N?,D*&$[%pa7.D#;zZ&jNT3R!aR&zn/p",32,alphanumericSymbols,201.1
4220,bQReb-UQsc<ris?9zu%cTh?mjUWmZj3q,32,alphanumericSymbols,201.1
4221,",fCLkN?pVswFjDysDbXUP2.>,Pd}4xKr",32,alphanumericSymbols,201.1
4222,)t#X7;]b{U*ruQfR#d]cn)>snCX>2?qj,32,alphanumericSymbols,201.1
4223,)K7;(Yrs&t+K9/(4gcsN)nvW$az^<g4h,32,alphanumericSymbols,201.1
4224,"Q,RJwAvt+/YudXQF+79~ED3X+^bx4i9u",32,alphanumericSymbols,201.1
4225,4T+h2@F&qdzd>g?*FFKrs7|_X:u=}=AN,32,alphanumericSymbols,201.1
4226,"RHU&;-KdW}$&,|zr$K~7-7Z4-Xb9f+p!",32,alphanumericSymbols,201.1
4227,jW~j=e?$H9>bhtU&>WXExaVPPLiJ}HDP,32,alphanumericSymbols,201.1
4228,">b3)R>@)F,dyJL3D9tTT&H?d|~wv;hEf",32,alphanumericSymbols,201.1
4229,",s]>c=s;Ykhmr/LaZ)y9|esi-P+Y_a!&",32,alphanumericSymbols,201.1
4230,N)=s7<HWn|3depz~K{v&a3Tp7z>JQv*W,32,alphanumericSymbols,201.1
4231,"<2,Q)i:.|f$-<[;<,XP^/vpx2M:FDbtm",32,alphanumericSymbols,201.1
4232,|E.ZJ=Z}Xn_i+<grwDvL{_.(!nwQ77h<,32,alphanumericSymbols,201.1
4233,"ff,3Pv>*{sxsUFAPPvM=@t3j~a$hYt(y",32,alphanumericSymbols,201.1
4234,XgWCg2RK>7UKt#zKaE;Ei]7TaCCX(Kj@,32,alphanumericSymbols,201.1
4235,"<ME^,k{~;vQCp}s;ff>jEjDHqm(/i:QP",32,alphanumericSymbols,201.1
4236,~<u>;/^s<Vv_tt/Hgf|4H<}i3dbgr4e_,32,alphanumericSymbols,201.1
4237,)pR@Ay*$-eZj7&ZgU$JvWb^Vqd$p*VF=,32,alphanumericSymbols,201.1
4238,?!QCi?NTzs@sz3RF(_XJc/]Thjq9dQPp,32,alphanumericSymbols,201.1
4239,"qw!?{*+PwrJtccbH3uy:%$P=Z(pm,*Tr",32,alphanumericSymbols,201.1
4240,":{@]-2*|3^Hjan)xkWX,=QUqhD+ke-LR",32,alphanumericSymbols,201.1
4241,"~gUxs,<_sW!?tH$q^C,m%DA=y93(-q^i",32,alphanumericSymbols,201.1
4242,^n;=~HDgs&EqnQZUhX-{eQvfx>qyynWK,32,alphanumericSymbols,201.1
4243,)!$n)}b?+CmH#@vWtWW-fUAN+iizdMQC,32,alphanumericSymbols,201.1
4244,_[ag/es3Tkm4Rp%qcW}{F;yHkm<mimeu,32,alphanumericSymbols,201.1
4245,?]PQs~!b{E#/P#^(&$?j%9d#HjHZc@sw,32,alphanumericSymbols,201.1
4246,uP*{[ug&xM;hNvJt^pZ4D-_xUk>vmD^3,32,alphanumericSymbols,201.1
4247,"i~gW,n2rm*.zbuXy.Tu}t~{ZjV@H*Pb<",32,alphanumericSymbols,201.1
4248,7Q[h4.4]Zn&ev/|/Q}bWf;vfNwi|9.bD,32,alphanumericSymbols,201.1
4249,H|.gsrss!+aEn*M|4MknFsgvmj~tsY%q,32,alphanumericSymbols,201.1
4250,eQ:RL?}:dcbx@|)VH9m#rWH%WF]rzdMj,32,alphanumericSymbols,201.1
4251,b9%N9Nv*FYZEcd2(|7phZ+[.&]pqpr$#,32,alphanumericSymbols,201.1
4252,PwNZ|(#gKita|ns:}4R.;uQvU$.ebR%q,32,alphanumericSymbols,201.1
4253,#$^+Adverfi?hZ#kTVLqTwYP$UQP{unR,32,alphanumericSymbols,201.1
4254,/jRXb{MhmL<4p.9xTF~ugU(j:Y@Ecg(n,32,alphanumericSymbols,201.1
4255,>^.yM>mgpgzUMinW!Tt?w^r+=/4H2NzR,32,alphanumericSymbols,201.1
4256,eu~D34bt>v?|3*uA+ffeTgeJm?rHV}Pj,32,alphanumericSymbols,201.1
4257,"mQ,3Hh{+).A%!F,cmkXfV~^Mt.wtqt:C",32,alphanumericSymbols,201.1
4258,|^rZ+^9~Yc4DV?K4Fp3C|=QhCK>d)!N*,32,alphanumericSymbols,201.1
4259,i_fJ$dX7N|Q@Np)FLa$*_.TCRrn3}F&V,32,alphanumericSymbols,201.1
4260,AxmA&ew9m:D(4d/UK7Fh=}Qti)(}/ZW(,32,alphanumericSymbols,201.1
4261,"[{Y<wM3?:7JXNde;7dyEdqMd-#a@,tUd",32,alphanumericSymbols,201.1
4262,rCjW7+T9^#YKy)3!a}}]w~Qy?4vQ(;;t,32,alphanumericSymbols,201.1
4263,;TARha@]i|~{Q9ub>iqzK#j2jJ)/#V4i,32,alphanumericSymbols,201.1
4264,;W4X<c4&/<+q*gtsx9P^ur]RMW@+P%<M,32,alphanumericSymbols,201.1
4265,%Qfi(}iDz)mjgKY2g~rXQCm/qEb;4}|c,32,alphanumericSymbols,201.1
4266,kZ&/s4_L/yA;h7HmuAk+u#+k&r.~kvz:,32,alphanumericSymbols,201.1
4267,{%z[_v)Pj::+RQk?cL}!#<Q2Qg+[%A}),32,alphanumericSymbols,201.1
4268,$Nnv=+Z%]zYLKP?]%7->>Zgq_bEc3=Wk,32,alphanumericSymbols,201.1
4269,9J}HNjU$Kn[3*)m;s93sZ+-Ht&AvzrY+,32,alphanumericSymbols,201.1
4270,J#{vgF!%_@tvQ7WbYn;kChi<L>&=D#Eg,32,alphanumericSymbols,201.1
4271,"PUVC,(e=-%K):,Fn.{vshu7%!3)$}@Q?",32,alphanumericSymbols,201.1
4272,^zWK^#EM4|+e9dLt(2(-k_Ruy;^ra]4r,32,alphanumericSymbols,201.1
4273,"h-vf7^(pQ2&pa(y&H&)m}f~,T^kC9KxD",32,alphanumericSymbols,201.1
4274,"!!!+Hr>x,Vk)=%fjE-?}Hq]?Vt79Ub^n",32,alphanumericSymbols,201.1
4275,H.nz[Jt/w4haKH#y(}rkzxRJ^pTKqHbp,32,alphanumericSymbols,201.1
4276,hmwL{>v:wM*c[f?a~i%_a%(=:7*DUsyD,32,alphanumericSymbols,201.1
4277,qHY&:UzMsiwA+cwLX4))+RRhX<9gP$th,32,alphanumericSymbols,201.1
4278,"w=j%fD|={dTF$!FE+*!qcE-M4TxJv&,~",32,alphanumericSymbols,201.1
4279,",aNZ!igD.F?yb@cPxHja,|_^aUesa/A[",32,alphanumericSymbols,201.1
4280,"w9e,*>c~=}9wKsDD@MaDgh.km&#2tA+A",32,alphanumericSymbols,201.1
4281,L%j2gNU)A;R!&q$|f+VYpm.~Ts@;a$>],32,alphanumericSymbols,201.1
4282,"_Fu,n;CMx!__zp:RpF:Q(nDmm2Z)P7;*",32,alphanumericSymbols,201.1
4283,2[y7~H.W3Ps!gL>=;|t-M;r@.VNZbhkK,32,alphanumericSymbols,201.1
4284,z){C&Z_bD?-fzYrp*d:F<Jb~+m-(Ndrg,32,alphanumericSymbols,201.1
4285,"MNF$bqD#Epw@r4~iFW-&,!-%x.HAFsJ@",32,alphanumericSymbols,201.1
4286,CsU/7L(N[*7FYbg%XqkxZFti}2$s_rJi,32,alphanumericSymbols,201.1
4287,bU9@K4s^^Qk.3fY|>xEApy@TEg]#Y@4a,32,alphanumericSymbols,201.1
4288,",<?y+|*r-&DgKV3v{Ym[h-37c#~;^ZRn",32,alphanumericSymbols,201.1
4289,y/_)FH<su7s-f[%{/H_<Kzct*J@wP(jM,32,alphanumericSymbols,201.1
4290,"Xyy$q9Vu?gfe*xpuwKszks,&M;D>~jAp",32,alphanumericSymbols,201.1
4291,"ay@J,&VRacWR;FK}f4zN.ypF~pvfR*+k",32,alphanumericSymbols,201.1
4292,qU4$|da(}#;2eg3)D/@si|:sK?H:cR=C,32,alphanumericSymbols,201.1
4293,"+,N>~H>WHDHja.wx^XKyu|.HLEP4(.ak",32,alphanumericSymbols,201.1
4294,"<Mth]m#Z$b4!,;z>wJ2(aC3rPkjy:.LN",32,alphanumericSymbols,201.1
4295,qJ2yR;VQ>Yu}Z[#~d.VXmw)|iJ9U4=/M,32,alphanumericSymbols,201.1
4296,s4+=Hn_jb3KQu/rHqZ-U&&?V{M~}MtNw,32,alphanumericSymbols,201.1
4297,mr>rx?q2[FeA|#gA7PQbVW+)||sk/QX@,32,alphanumericSymbols,201.1
4298,jZnRj4a;-!km%a9+$fqJ**xrNP]/|c2u,32,alphanumericSymbols,201.1
4299,";Q-#ZQ.NeA~{&7bd?)RRq,R:$nQ?m=k&",32,alphanumericSymbols,201.1
4300,"QqEr,hj(d[a)Tyu/iNN]Qky!b&(%wTTk",32,alphanumericSymbols,201.1
4301,";g]HwhVZ|y~;cbq7Vq(,Rq/hRAH};yWD",32,alphanumericSymbols,201.1
4302,2+pxDb!aKbT-iz+$&<X&zjzbtV%[id7u,32,alphanumericSymbols,201.1
4303,s@A(swF)g>eep*A7|2u-V2*:n*3cKwJ~,32,alphanumericSymbols,201.1
4304,"{>W^Df{i3/&yinQg>99_M_Z)],{wX&H=",32,alphanumericSymbols,201.1
4305,2UvU7qUd=(}xn):hE?qTnNr$yEC;%~tq,32,alphanumericSymbols,201.1
4306,"}CX$Y:{Z.JC&,|der#.au7]QEVW2}4b)",32,alphanumericSymbols,201.1
4307,y/=Ce!#U(JjTgEu:hQE9fkQU(p2</EbQ,32,alphanumericSymbols,201.1
4308,"Zf>HRuk&FQzuzvTd3Rq#}#^&g#ZdzD,w",32,alphanumericSymbols,201.1
4309,W[E$^)qL/H>*bu;L~#a#YPkTzxJM]tbQ,32,alphanumericSymbols,201.1
4310,bq!xeF*k<rPYj}v=prg:7>g9&m|}z#@~,32,alphanumericSymbols,201.1
4311,"A/P},EC9F@}e2_7um~;rNz+_#]D2t|^p",32,alphanumericSymbols,201.1
4312,%Z{V7|}gE*p~JWM|N^mLaMF{M22?DL2-,32,alphanumericSymbols,201.1
4313,"--iy,qT#9P]3R9;(7tkcCFmF72zDY2[D",32,alphanumericSymbols,201.1
4314,gj~JV7n%&pFKHtKr;2k^3vHfJANTY_/f,32,alphanumericSymbols,201.1
4315,"PU3+T~qKd4cT<pK&%=K%,Q|_&xs-~?(3",32,alphanumericSymbols,201.1
4316,dW#TPnA9;xYgheLNsr^@xUdwTM:s_/C*,32,alphanumericSymbols,201.1
4317,F_F|{k~R]pdD-iK^q(pVR2v=dkyjmz79,32,alphanumericSymbols,201.1
4318,"9cpNUk7V?&$AC:Ckg:+FP<wJNb,E&hjM",32,alphanumericSymbols,201.1
4319,?;{C:E/&Dg2j[nrwP4Ti~(uuU4E(Pubb,32,alphanumericSymbols,201.1
4320,Xxh+mD<q-^LqcE2FW-:R)])U{>NP)-id,32,alphanumericSymbols,201.1
4321,":$,Q(U.|ak,3*KD[(e>ck_r*PMxY)iz^",32,alphanumericSymbols,201.1
4322,"R)FEyw]2tAq2$w~Ww~r]&3NdV,%7Vj%k",32,alphanumericSymbols,201.1
4323,Jbm}.$CVV}|W>i)W?2awC.huie9*;%Ui,32,alphanumericSymbols,201.1
4324,xNRbw3;P+X}<@pcfRyuT}Zkd/X*][c.|,32,alphanumericSymbols,201.1
4325,!&VE<x4-4g^#}&_Rj.(K#j;PWbm-s%>#,32,alphanumericSymbols,201.1
4326,"N?-,n$ZV[M[{DC-T>k_Y}b)^warCzV=d",32,alphanumericSymbols,201.1
4327,s]:^z@(cADm<-)9=hb[K;VreDiPV)rk=,32,alphanumericSymbols,201.1
4328,:bw&T)rV9QZwx-;;3Z<CVcH|{N/~LE)R,32,alphanumericSymbols,201.1
4329,cCr/jLuAaja>M(g]L3bzM>Ag?%RZr!Jv,32,alphanumericSymbols,201.1
4330,twVX@.<b-Me3UcT#DA|Me]zEvwtq3Qej,32,alphanumericSymbols,201.1
4331,z-e%H^p#@fVp!J.DQ:(9%2/z}yZXxp*!,32,alphanumericSymbols,201.1
4332,{R}%N4{>LqH/&)qdHAX4/.#C_MxUv.P=,32,alphanumericSymbols,201.1
4333,"44/j94&/v24);T<KNCm,JzWY]#j?!|+X",32,alphanumericSymbols,201.1
4334,4x}7%<_#mge]]M&c/MYU!.]QU:R+t?q!,32,alphanumericSymbols,201.1
4335,"z)N>HW,npKWa#$3+UKb:$u.DD3fV&e7;",32,alphanumericSymbols,201.1
4336,xU{)s4CwQxQifPi|;+ZH2HvyT_<=wFT>,32,alphanumericSymbols,201.1
4337,tep4Rs2=tn@9/y7HCFMUekWz$uHM+^:C,32,alphanumericSymbols,201.1
4338,srUtx/UYAe<%;Y<~A:M)qjF2i7}7v#@D,32,alphanumericSymbols,201.1
4339,"|9:HJ/y/RHAZUX9hYD?NKga|,=Ut#>?h",32,alphanumericSymbols,201.1
4340,@(g{eYxEph]?URep&f7<{yqq{cz~~=$#,32,alphanumericSymbols,201.1
4341,"jtrr<p?.FLpF*?Kyi3_KKsdA}P*U,{3Y",32,alphanumericSymbols,201.1
4342,HK>f~g^bcjv%F-C-ni_pc&C%H|)r(;VP,32,alphanumericSymbols,201.1
4343,V4UM:J$$Zns{/:q_[rnH<?Z?%xN!KNqQ,32,alphanumericSymbols,201.1
4344,"cZxa-b^;/imMEfx*qmdr(?s:f4TU9-},",32,alphanumericSymbols,201.1
4345,",xx=:-)2Tx!ukW7Xs(Vx}FZXFZVMCj+k",32,alphanumericSymbols,201.1
4346,"3!i(Ta^Q2yEz9d!g-}b#,m)V9PEkN#A|",32,alphanumericSymbols,201.1
4347,"d<=zz|9$bm4L,mM%Z:PKYzY3f#J.X/+)",32,alphanumericSymbols,201.1
4348,D*PTrq?Xc!#!qT4m2cV<9DLPW=<4bP%c,32,alphanumericSymbols,201.1
4349,K?iVZ/|~4r7%gwZRe(h{HJi%=^{.|+tZ,32,alphanumericSymbols,201.1
4350,$&Nf9Qu7}-fxArbi-T{WKKuPjR/MvePv,32,alphanumericSymbols,201.1
4351,kgR-Y2q;d#j#K[wm9R<VMhbQka<R7W/[,32,alphanumericSymbols,201.1
4352,P_9V<i7${WMJym4.f2UCzEjsaPE-J(vU,32,alphanumericSymbols,201.1
4353,"T|L{uFfNy93:_E..2~_AYv&,/pkL,%fw",32,alphanumericSymbols,201.1
4354,"?dx{79,]MC*&MU3_C;N^n9,kZ:_~J.eU",32,alphanumericSymbols,201.1
4355,4[3>-;WecQ!s+=$)s4yd!kZrUHyQw*#R,32,alphanumericSymbols,201.1
4356,"FZA-h+E3rj^3{Xq!<,#%Y@=FE)#KcKd~",32,alphanumericSymbols,201.1
4357,fsTK[NE+D4DvR;Z-k&~/~C)>U@wPQuq$,32,alphanumericSymbols,201.1
4358,_H/q_(>2ucC}Ki34>J$tL:}L^tx{u+-k,32,alphanumericSymbols,201.1
4359,gNWEct_2)d-]NX+q/c$){QV!$=t{_Wh!,32,alphanumericSymbols,201.1
4360,pxvRJDkiP7UpaMLt{$J$Lr$znk)37qN%,32,alphanumericSymbols,201.1
4361,JV2CM9^F>CMn4+DWwNc}zUL.]f(KvsCe,32,alphanumericSymbols,201.1
4362,";<C}nRM%$q*=^=t},z,-9umAxH/;#3#d",32,alphanumericSymbols,201.1
4363,"(ttr,h=)ttjcLb73b]izHK~Yu~h{MwH=",32,alphanumericSymbols,201.1
4364,4<vQ(^Q2@-/pWk4_emb!!>[E&gzk!jQc,32,alphanumericSymbols,201.1
4365,?(gQhLkp4W):;Q!).M!.+Hwb|.{Nq23W,32,alphanumericSymbols,201.1
4366,"jbJH{)hjC(R7+WUd~iHcUEEr,Rh3rCv@",32,alphanumericSymbols,201.1
4367,:>HP{seh:Cp/k7Uc+rz$)e>$#u$]N~4:,32,alphanumericSymbols,201.1
4368,.4()X?t;bXa7Y}Jn[CQZDT@|#ns73z$L,32,alphanumericSymbols,201.1
4369,2!rZ(f|jYrF>($ja?)#](~~?_nivZb-L,32,alphanumericSymbols,201.1
4370,"JF~a>|MD;Qav,fL@,A(7z!N@cwWv2_FA",32,alphanumericSymbols,201.1
4371,ic<dn<p9Lz+mM>{3FE!R@-bm4VKRC$aP,32,alphanumericSymbols,201.1
4372,!qZH?--><H$qznAWR}$_?fFV|z7#y|(m,32,alphanumericSymbols,201.1
4373,"kbpK-FRbD*WM*}bz@h=N}nUK.Vi,$Ufi",32,alphanumericSymbols,201.1
4374,9w$3bg>Ua@s%!i3X=(Tp!7ryjtr>]ef~,32,alphanumericSymbols,201.1
4375,CRwT~s|;KmtPsPnXvUb3NF~qFqdCh#*R,32,alphanumericSymbols,201.1
4376,4J#.utiU[p)Hu{W>=sr]}w_.9c3)R?W[,32,alphanumericSymbols,201.1
4377,yyAJ>[7jr%RUqP$@:qVv4@YLwsQ+R~rD,32,alphanumericSymbols,201.1
4378,)!z}*w~VF7V+-A3#+%@x^zdAM9Jvn72R,32,alphanumericSymbols,201.1
4379,"&>]}_jVUFV-*w*f=})+LUg9n!+T/,CVh",32,alphanumericSymbols,201.1
4380,"KThhx/{,^y{/;3.H7Re=F}RftkF(ZFuL",32,alphanumericSymbols,201.1
4381,"gC*,=s*@|%bvk^Y@@Z%&gziu77z4ZkNH",32,alphanumericSymbols,201.1
4382,"|ddx~r(s==[WnD?,P*%e@n@h?9juH;Y*",32,alphanumericSymbols,201.1
4383,"Vmz,3||;Hwc^Uh)nyF3w+y_,q7(:?+gq",32,alphanumericSymbols,201.1
4384,"m![iE+d(gs,YyDRdzqK]&xdEd:X$|?;%",32,alphanumericSymbols,201.1
4385,"=N>:+PeJ<.yUakW,)3in}Ph)wk2.xJwM",32,alphanumericSymbols,201.1
4386,!u_VPAnF-[XX_QXNUR[<%>?UgPcu|qqs,32,alphanumericSymbols,201.1
4387,P&D#9$bbYEs&:u?a]E>RHz7qt+/sVez<,32,alphanumericSymbols,201.1
4388,Q:pZzua&H>bM:YZ(JNanJ+Rv9nks>N4),32,alphanumericSymbols,201.1
4389,%J}Q(RJW&u.ma.r?e2:R9;D{NMQF/c(v,32,alphanumericSymbols,201.1
4390,"WH<w>T+fMWEVP,3x2P@vWT/#Miq_H^xw",32,alphanumericSymbols,201.1
4391,v$4+P-dw]eP4-U^MuR/RepEp!{N<Dw;],32,alphanumericSymbols,201.1
4392,">Q@,vxNcXTJ#sJPLc|g</yuJQeaZ-2zU",32,alphanumericSymbols,201.1
4393,#dfh^.XqeqxcRa:(!UQ&3TyP2p!=NPW[,32,alphanumericSymbols,201.1
4394,"Qw;(*Fc+n,!Hs2^%:44:-*vX-f%zVxnF",32,alphanumericSymbols,201.1
4395,gtg@g4;w3CHcMMZY@Uc>x}7cU^3=UaWd,32,alphanumericSymbols,201.1
4396,N}K~_+epLj}|meVga_x!?H><~f=DiA/M,32,alphanumericSymbols,201.1
4397,%n$;&!jFih*f(c79J!niK(yCXLah@b#c,32,alphanumericSymbols,201.1
4398,"R{{~!Z,rZU!s)F%HgCE]!Ln~a47+[&2+",32,alphanumericSymbols,201.1
4399,"9Hh=-jHkax,#$9Jcvdc;4:;rMTz+=3-(",32,alphanumericSymbols,201.1
4400,s}HLf<&L=9d##!cf;{QX~vi+N|rW=EqA,32,alphanumericSymbols,201.1
4401,=)|j#*cWaQ~TWTLaDn)KVi+<{$:iL$@?,32,alphanumericSymbols,201.1
4402,=k!2{F[9W<#*ahQM2{a)v!cef^=H44e9,32,alphanumericSymbols,201.1
4403,$Try:QX:Fz@KAn)n%T3M74]-r&W*r!#$,32,alphanumericSymbols,201.1
4404,[fcV{m]*|_id{[NH&x]]s%e}Nxv^^k4U,32,alphanumericSymbols,201.1
4405,]@JgRWE-d9rQaMAPCs]imi*qMbP=>n[p,32,alphanumericSymbols,201.1
4406,"Fzir^zjP2]==b2K^nHfc,NhNDnc[Yv*]",32,alphanumericSymbols,201.1
4407,$~Cw$i_nqamFxWZ>fxrXmX2+VCnP9EpL,32,alphanumericSymbols,201.1
4408,F2v#xC-f4tM3Q^Q?Mp.Tp</}:V2RwwKZ,32,alphanumericSymbols,201.1
4409,"mg<-[,PDepZHjVHpyK$LM}Z#b%mn]<r&",32,alphanumericSymbols,201.1
4410,@A&M@YQ@$(K#[vi(p{i]aqEms=niR(&E,32,alphanumericSymbols,201.1
4411,*i-Re;z&zgsT.N+.F9LFT=Z;Q)/)v2i#,32,alphanumericSymbols,201.1
4412,@/}:4:%@A(gyee[M--.XV*T|%m+nbYU/,32,alphanumericSymbols,201.1
4413,&-V?#x4=47zn]9h.d4Q.3==yjDVaa>|&,32,alphanumericSymbols,201.1
4414,bEy_g+c|Fu.%<!$$g4Hg)+xZPk^W^HT{,32,alphanumericSymbols,201.1
4415,9m:CNY^:.+R_v+*2YaqVYyEQ%DFXg>Z&,32,alphanumericSymbols,201.1
4416,3ni<=3+t_7F2?+n+%{zUn~ggRqm7;KWR,32,alphanumericSymbols,201.1
4417,gs(D-jwh-*]Rwg=v);^r7cbV9X;v@gL[,32,alphanumericSymbols,201.1
4418,+ZrQ{X+T=Pw|<3_ti(PYhDfk]nPaDXpv,32,alphanumericSymbols,201.1
4419,nKQ3<L>F;Y]~Cx2[Y{Qc4&|NEEk(n-_r,32,alphanumericSymbols,201.1
4420,.};/E-Hm%%:@kwarT^Nv#xi3uF<h<$C*,32,alphanumericSymbols,201.1
4421,Ap(NfZ^ZCDFLDK]WCN4{3jc@cfv>HT2g,32,alphanumericSymbols,201.1
4422,j.;UUgK3W%N#7~W;E!pne4$>kPe>:_T>,32,alphanumericSymbols,201.1
4423,iuuVYDqjD>uL|Q)(}fHw@c}k_4&4?jrj,32,alphanumericSymbols,201.1
4424,"h|KyE#(v_-[2h>[bFPdEkR&h{!,fPX!V",32,alphanumericSymbols,201.1
4425,nuxtx%?X3^?eN:@jiTycZE|4Yp{A$EE[,32,alphanumericSymbols,201.1
4426,Uha|bhHh)XjU[hdLUq3tC[.YhX>*7sLg,32,alphanumericSymbols,201.1
4427,f4XL}q~(u@2nTZ4jbv3%_:U^T4+|]qE:,32,alphanumericSymbols,201.1
4428,"XZ=$<i^+=3_?J2R;2dQh]Wkb@,Na-caD",32,alphanumericSymbols,201.1
4429,<>*y=!#wj;zNwCP3w-#Wh9+[V7hVPDw:,32,alphanumericSymbols,201.1
4430,#Kr]KmzF]CHdQ*ZK9q=T_7t;!P.X_+vh,32,alphanumericSymbols,201.1
4431,"?;>Xj,$Xhgmy^+az>.KYvAy%jt-dvJ[e",32,alphanumericSymbols,201.1
4432,?ACQN)}}(WiM%vFhh|M+7W(Z3%gN}s3D,32,alphanumericSymbols,201.1
4433,"wW/4+@7F{Amx!!:%/+L,ZE2cAX[F){rj",32,alphanumericSymbols,201.1
4434,_i]>J/T&xekxi}(P@2F?-vkrM+Nr*p)A,32,alphanumericSymbols,201.1
4435,eV%jypAs.m:%4.^W|(YMQ!2FvX[PuA4C,32,alphanumericSymbols,201.1
4436,>q_:en_dDU_!z||ZT:!-RP)sakKh?Q<+,32,alphanumericSymbols,201.1
4437,"c~d)b$qu-<u@(d+ug4JTyP(,/!%<kdJ{",32,alphanumericSymbols,201.1
4438,AkR!EpzN{%r>}a@AN?}$~@bjmfE];MXs,32,alphanumericSymbols,201.1
4439,"e(9b,,FzfE%M.@Neuz%apKm,J[CJkQ^/",32,alphanumericSymbols,201.1
4440,"c4P&hJeCc,s{ZMQ%w7F|mu?vh{=gsi{4",32,alphanumericSymbols,201.1
4441,"PJ7T#~A+(f]h:2HJ^]n~%hJNc{V^@4y,",32,alphanumericSymbols,201.1
4442,cE?%2pa=<ry3#j}=Qcbdz}*c][jHmQrg,32,alphanumericSymbols,201.1
4443,d4X}HEP&Fr>/+7U=@+W>|d[Lt[m;:<4v,32,alphanumericSymbols,201.1
4444,Q_>a+T?D+J)n+Zx_|=Y^v]QjWp?s:aJn,32,alphanumericSymbols,201.1
4445,"$uKnb&as@}Tkg!NM{Fi[4,Djf|UUj;7=",32,alphanumericSymbols,201.1
4446,MU#.NfJFU7d+fNH9e/]./w7CZ^#zaHv:,32,alphanumericSymbols,201.1
4447,47nsh4nm7{fP?7Lh-K?xvHHxfHQ%x/Wg,32,alphanumericSymbols,201.1
4448,atkddtYCKHR]#}N*eND<=fMjva:<WwWE,32,alphanumericSymbols,201.1
4449,YFeCjtV#&dY9bXx.|hD{jc@i&@FV]3E9,32,alphanumericSymbols,201.1
4450,pn+hd+VE@|;^nzmX;3]T2E_x2~z7(jtD,32,alphanumericSymbols,201.1
4451,Tn*w)yfbKJtHdzxz^n|cheQHn++Zd#Vd,32,alphanumericSymbols,201.1
4452,uuKQY@+QC=[Xf$(k43[%.<X>pMC%!]?2,32,alphanumericSymbols,201.1
4453,"?r9rm-7veh9e:^)4bkMqm%fm7~ag$jT,",32,alphanumericSymbols,201.1
4454,ij$z2NN@2i<i;d!3pb7FvH:q/tm]{Dnw,32,alphanumericSymbols,201.1
4455,[jne+EuxfQVTK[hjZ[QF.E[9)P)=zbLZ,32,alphanumericSymbols,201.1
4456,"%T4fijJ:fK7J]]7Q>x*=QMT|q,?K3*(P",32,alphanumericSymbols,201.1
4457,"{VuWtZiCA=gmWvEFR#Eyhk{hvgEFf~,F",32,alphanumericSymbols,201.1
4458,|{=T<vW?|:v?x|dRgiL?Pkn=fXDiUbH/,32,alphanumericSymbols,201.1
4459,"{Rv|>xM3C2?xE?fw|w4>,Z~Cb(bkE#3<",32,alphanumericSymbols,201.1
4460,2Tx]r|ysXMi_suC9UK3Y+KAMaY)h3fz!,32,alphanumericSymbols,201.1
4461,~vVdk_-pq&q>@@[kcJJtswsE7fuz@ix{,32,alphanumericSymbols,201.1
4462,"-^WR*]?HF;Lj2N-.U,K@,/:NA9%m42/W",32,alphanumericSymbols,201.1
4463,kgu.2gJJ?|^<@C@cn7R*Ep]hc+)ud)iW,32,alphanumericSymbols,201.1
4464,"3^zaR=?p/?774jd4,$(^u2d)[V|&}+As",32,alphanumericSymbols,201.1
4465,YfcU^*])9]wP:cKXvuv{PK4bEA]hXn$},32,alphanumericSymbols,201.1
4466,hfD_x{[9QP{X_$Ez2/<YZj<~^{kFj>#*,32,alphanumericSymbols,201.1
4467,"P|TkQJx3Es,XaPi3KXg^7jdyRdW+*!p(",32,alphanumericSymbols,201.1
4468,A&Qh=pwa&t#~4>|(p*C4}%~vkAcvj}av,32,alphanumericSymbols,201.1
4469,{W^(r]<Jn+<=:hk?Lr=$Z*HKu2FTCMK$,32,alphanumericSymbols,201.1
4470,"&RZkLFv@;_.,^]A?7wUx={f(Nc$=*b[a",32,alphanumericSymbols,201.1
4471,"~g[(7Z<-,$V[,@tma(MPkHNN@Fi+fU}U",32,alphanumericSymbols,201.1
4472,$b=$fmhgYk:[pL@-FwpkLLWWwntcP-i{,32,alphanumericSymbols,201.1
4473,a#22_zC&(/Ldmim|?:Zq%}E$;<VUWK!],32,alphanumericSymbols,201.1
4474,z^(f4LX[2<:@sE*!e|Ea%#Qa?~uWQ_Yh,32,alphanumericSymbols,201.1
4475,Pes@JKb}$g$F#ND^Adhx[.Ne[LYEb)q^,32,alphanumericSymbols,201.1
4476,?Z9_dDCQwFq|+/nE7%=KJ-TRU+p-)ifR,32,alphanumericSymbols,201.1
4477,"[r^Uxb,.W|M[@&_wj7H@Jj,M9W&yT$bT",32,alphanumericSymbols,201.1
4478,"T@{v&kF};d%,aq%D2e[qUi3u*FMi<mj/",32,alphanumericSymbols,201.1
4479,"TjLXWt;a=xfj,kap${QYWt!47=@|bJj;",32,alphanumericSymbols,201.1
4480,"MKZLsruz~TMUW[~{,z*K+@#fsfwuR&|z",32,alphanumericSymbols,201.1
4481,"Qw24,YTCq;@.R7Q=%J@%P!3?dA=Ca2PR",32,alphanumericSymbols,201.1
4482,"zw*=sNRae&iK,ECMP-{@{&sV,3Dk~WVX",32,alphanumericSymbols,201.1
4483,Tq#eb[~||{{yuC.s(L?t{K;X~2:ndL^_,32,alphanumericSymbols,201.1
4484,uazib]C:u#cPi-)hrjF!hn|p%TKYy^^f,32,alphanumericSymbols,201.1
4485,/xkA<jQu>$R4ryes7[_qt3>AJ]L):e&J,32,alphanumericSymbols,201.1
4486,isYg-!/:V2m^*yvg&4aE<hNwA~4Y|ykP,32,alphanumericSymbols,201.1
4487,KC.T2}3dD3HYfq@.q+WXPt--X~?i3zic,32,alphanumericSymbols,201.1
4488,ec=Q~-qqQ#_4.zvRqrU?!2Cw)&gr.wg4,32,alphanumericSymbols,201.1
4489,QKDRqF)yT]R*j:@(Hv?L*akNn:@wF;gb,32,alphanumericSymbols,201.1
4490,-@k9V>}D!4kr+N+a_x~43RpQY~[v~*?v,32,alphanumericSymbols,201.1
4491,knTU{CJ(mPb*>ZJhua<V(Vxy^qE_|v>2,32,alphanumericSymbols,201.1
4492,U!Wv4+4Rcv!T(JN#;xL$g+NvL@m|f$js,32,alphanumericSymbols,201.1
4493,Zf:V(;_R+z?|sg93p$nnz$7xga>(92V!,32,alphanumericSymbols,201.1
4494,"]kh<?RPnxe,<)79[aH_-<,r-$7Q:v/dw",32,alphanumericSymbols,201.1
4495,z9U>M$~u3D[YHfMneQ&dia4g%b|3|;fE,32,alphanumericSymbols,201.1
4496,W^4X?7.<!7!JQAeKP{Ev(2wm[hJj)WY&,32,alphanumericSymbols,201.1
4497,)e}quMJ+KMW*(%]P-FJpLhs;^n[R^pbx,32,alphanumericSymbols,201.1
4498,$C*^DXW-r=TEL9[{Vq[9u(]:zbaVWfJT,32,alphanumericSymbols,201.1
4499,t4$2bLgsUV]pr.:H(.f+s>LimbzcgK_;,32,alphanumericSymbols,201.1
4500,"]Jg2#:]hD~J,$/~)$wDHp,gZTXL7pbaE",32,alphanumericSymbols,201.1
4501,cfUVAdQ+^x}F=<>uMZTFsV=*gUW4K3C@,32,alphanumericSymbols,201.1
4502,>T433NNRK|}@?.~CY@{xR+gD2</}[)?7,32,alphanumericSymbols,201.1
4503,rdTWcxrLzM;?wAjW*YE^#<zEF#x*U)?P,32,alphanumericSymbols,201.1
4504,"Lr_,xk#w{k3]at3}]H#d$u7N+w>-wV=~",32,alphanumericSymbols,201.1
4505,"hTAbePVEQFN_,%@?y@%:^/Cz+r>AEa.K",32,alphanumericSymbols,201.1
4506,|V*hsm=CsX]~2t2tM/Cznv+W@#(%~4||,32,alphanumericSymbols,201.1
4507,",:=sy;[.:Xxf{$DM~^>Tu4Eu^M<C2!=p",32,alphanumericSymbols,201.1
4508,]H*Z}TQ!R!#3?R.?emvK>h/:P3ugznMh,32,alphanumericSymbols,201.1
4509,"9)A<bFu+Y/iFR,y,7pZ?3nbf2;k$p(:_",32,alphanumericSymbols,201.1
4510,zmVE?q3ju&f9fM@_p>m<vcWHRizbabv@,32,alphanumericSymbols,201.1
4511,"7WegX>[NEJ!rMu!;FnwU;$uX*&Ndq,b4",32,alphanumericSymbols,201.1
4512,AMY4~!J!Jjd2x!q#k_7tKr[!KfqgjTMT,32,alphanumericSymbols,201.1
4513,ZX4?yQq[yC}i)=aX^nhg3R:@V<3QyJU2,32,alphanumericSymbols,201.1
4514,e+Cfd!hfE!-UqW](Y^*=P~s>KvT9bRg[,32,alphanumericSymbols,201.1
4515,3g=a^-9HwiLf@Fv4;s[deAPPL_V3^w%U,32,alphanumericSymbols,201.1
4516,"C([4Qc%ZgeV@y$QNfnjD:,M<p#E=DjD~",32,alphanumericSymbols,201.1
4517,yyWLXpgcqsqAKK3rnPvC/HX_nTp&:y|[,32,alphanumericSymbols,201.1
4518,"M9V:222@VV,=^#Ce]=7yTsgEWMxjX>|>",32,alphanumericSymbols,201.1
4519,UZ<PU:n}e[Lb7xY(eX!y?mg!Rqp-ENJi,32,alphanumericSymbols,201.1
4520,YvVY~[JW4U^jEm:@_#RW:2cA!ju<J{p/,32,alphanumericSymbols,201.1
4521,g7QiAtH@Ct(QXD.4}>e~VPuW/VRLPk~U,32,alphanumericSymbols,201.1
4522,AueZN4V[wz%pX[|e]ya;vvv2p^Y@v]n;,32,alphanumericSymbols,201.1
4523,y!3$[f%Wr>uTCVt4*buKFzvq{3n<&k!!,32,alphanumericSymbols,201.1
4524,NE%c<Qx4_b.%s)d/p~f>h!4_eq_pJ].2,32,alphanumericSymbols,201.1
4525,#q_-=Vs&@3$=?jY>4ViX+FkjKc4cwMyP,32,alphanumericSymbols,201.1
4526,"g!>:}i(XL|><%]*gUmPPqvw$NE.,t<@p",32,alphanumericSymbols,201.1
4527,cy.MRb4<=9mKPw$4_.R:mHY$9>_:)*Z/,32,alphanumericSymbols,201.1
4528,k2Zkt:V3q!kQ<r/!?@R<[?7(gFmD9fgL,32,alphanumericSymbols,201.1
4529,A(4F+YkF[!fnYwpR%&7^b{x79PM?7):t,32,alphanumericSymbols,201.1
4530,9MAp)F:E2?.TRg]9pDs]Q4<vWzsQWFd@,32,alphanumericSymbols,201.1
4531,j-PMeq~h[:s-ts2JNF*a9%fe*iCp&hwJ,32,alphanumericSymbols,201.1
4532,*D2r$Lk;?(>4ftRAE%<7%Wi3)~yQ]p<#,32,alphanumericSymbols,201.1
4533,",7_v,P&/>eLNkzCm>LQ2;vkf*<=U(d:(",32,alphanumericSymbols,201.1
4534,"Y=+7Y7<JJeRbs>KzCYX)AsP9Z;,JUWE2",32,alphanumericSymbols,201.1
4535,"JQu{ZE(sTTcHXJ{vP+-|DtK&aX,Vqhcr",32,alphanumericSymbols,201.1
4536,"-C9xeJ.@,YZW+hEshXp>;*2;[UuCj?z]",32,alphanumericSymbols,201.1
4537,dq4kY9VKHV~)]cVFsW3ekXpth?$MR*%C,32,alphanumericSymbols,201.1
4538,4@:bFVYaAw7~JTMuqUN}D!R47e<fsUhh,32,alphanumericSymbols,201.1
4539,EM{fF^c_{_7~!*c+V@+tU^My!W{rg)_V,32,alphanumericSymbols,201.1
4540,%X*@>(Ch3Y#ftDK;sHi@dCQ?>)if/_xg,32,alphanumericSymbols,201.1
4541,"qk[EK=sy]<HAr#s#syULA3HiN&!,)|@:",32,alphanumericSymbols,201.1
4542,#Q+WZ3nn@MYnLwta3~<Cig~qY<eh[cAF,32,alphanumericSymbols,201.1
4543,"cY@#JWTcn,{e@FVx4&yW-=w;.2~v2.:7",32,alphanumericSymbols,201.1
4544,WE)QMVNW2rmcrcuhv$aT)[_nPKiTJDhH,32,alphanumericSymbols,201.1
4545,b~CDN&gNY7.[cg&E)4.(@?a&@wk/c@x},32,alphanumericSymbols,201.1
4546,+EL9_xxM@kP&4.kmQH%;PzLP!Ekv:dex,32,alphanumericSymbols,201.1
4547,_;RDFLFAAhyVtgEUmgZ2#x-7DiRPV=$Z,32,alphanumericSymbols,201.1
4548,g%_NmTK7m?iv[CVeVT.Z-[}{p%/V[Aa),32,alphanumericSymbols,201.1
4549,")PAaF&k@V[=$&byF7qbzKC/nY,V@(DhM",32,alphanumericSymbols,201.1
4550,"Ew%p!R$3t&M<rAdhj]Mf7RA%#|K_jP,P",32,alphanumericSymbols,201.1
4551,}h]c>UvrzU9<r?-m3/X2whh+th<Pk^d&,32,alphanumericSymbols,201.1
4552,<qm*/(R;(E|*P(K+*sJgXth)Fp-KA}aX,32,alphanumericSymbols,201.1
4553,"Km,xk%n!jZN@kaVY%<UZqzax?/ZRxKAm",32,alphanumericSymbols,201.1
4554,"dnnT?e&.4g|/n$^:,M%g/h@#PQ{Vw^73",32,alphanumericSymbols,201.1
4555,czf+*j~%<;^Kx|diQ2MXmmu<;?m%?3L!,32,alphanumericSymbols,201.1
4556,"MW</]YvcCs<kMb7w*$*^>~wn)Y)=,uW%",32,alphanumericSymbols,201.1
4557,V$4v[z|wPK-NK_afXs}NK(iX#sApxr.&,32,alphanumericSymbols,201.1
4558,^F}#Vg*HaniWN@J7<K-]9|_ArQv2#/Nh,32,alphanumericSymbols,201.1
4559,9n=):d9=sk}/}#)sRL)[F_nh3Njfg(&e,32,alphanumericSymbols,201.1
4560,Y%ezRRE~)!TEuk2?H<CV;>y7m2V_ZUeK,32,alphanumericSymbols,201.1
4561,"b,=+en};CDfW|t/Z~+WV%Fiw:F@-L&-*",32,alphanumericSymbols,201.1
4562,"9pUE]*|/FQKL?jU*Dw(_#y!7+RtC,syQ",32,alphanumericSymbols,201.1
4563,TFZap/}:jr<Ri;kh;bH=-_FK~4aCRTk/,32,alphanumericSymbols,201.1
4564,q7<~yYJ/[zJT|XbxH(Z+LUu(%Nv_PaV*,32,alphanumericSymbols,201.1
4565,"x[,~U)aLrpci(w$DFUFKy[>anF^mh)yq",32,alphanumericSymbols,201.1
4566,3|w%P]=Dac!pQv7gD^^bpxuPwLCgRvD],32,alphanumericSymbols,201.1
4567,P~z-.AL3g@NHt^)2LkvvbU|zWm9E4f/P,32,alphanumericSymbols,201.1
4568,A9=$+~.y+3wyuk?PWc}4n<%M~<YxD|>P,32,alphanumericSymbols,201.1
4569,f:_p!9xU&C*)YyPhUmyTNh&[/*YDg{..,32,alphanumericSymbols,201.1
4570,*]pgq{9(*+KXL4c.YsH/CyC=D<7ZMA@i,32,alphanumericSymbols,201.1
4571,X~D{wnZayYaw[#|4WyZv;.-sewdRZu-[,32,alphanumericSymbols,201.1
4572,t#|R7H}tkR(ED3[(u-q!htkMxH.vNnR&,32,alphanumericSymbols,201.1
4573,"Hdrv}XZi/v,he%WVHFDc,qz@~xMNeJMr",32,alphanumericSymbols,201.1
4574,"qJx,bCkjd/Xh!{$#[>.vf]=[ej-%4x^Q",32,alphanumericSymbols,201.1
4575,"s%D!%=Xrcx*$>y3Fkk94X,;@ts:2j{/j",32,alphanumericSymbols,201.1
4576,|c=wX:>-*d%<7<p|_ss_py+?fx??)^mM,32,alphanumericSymbols,201.1
4577,ju7.Qe7TxVxRjE{!eiYC;!u~__A;|&_h,32,alphanumericSymbols,201.1
4578,g(P^k>_v<hC4.:u/}sPfurV~ZED>(.Dt,32,alphanumericSymbols,201.1
4579,C9$f^W~m2$FVCu?uL9F]u4}_RDXUPzj_,32,alphanumericSymbols,201.1
4580,"(=/fe+CQ~H3u)gZ7](,F7fj+^)zJfv(T",32,alphanumericSymbols,201.1
4581,b-mmr?|U:ph@(b:L&K_?UhKiqA/ymfWc,32,alphanumericSymbols,201.1
4582,"b_}(V,%+xHrjha?gmf>e&_(bZYyUPCgh",32,alphanumericSymbols,201.1
4583,kv[jJ&TKu:^u9zRq~hLb@i7UP:)2y/=.,32,alphanumericSymbols,201.1
4584,L#|E%iMeAw>YvTdc2f^h7Wex7=@|P?=&,32,alphanumericSymbols,201.1
4585,LcUgz{*?F#$?*Tb%@2-W#9g[m|*p9{C>,32,alphanumericSymbols,201.1
4586,!QKxKz(Q4EXP/iQ9)LyyugNM_#rjz@7-,32,alphanumericSymbols,201.1
4587,"zg,h-+CQc}Tpe>}]&Aj|RV;F>nazu!Y?",32,alphanumericSymbols,201.1
4588,Jia}[/FHMteN>V+2hn{kFYJ3WZTQ]/^),32,alphanumericSymbols,201.1
4589,Wc>m?^Ct}KV]HRQ[/3?}LnRa^ga.C;X#,32,alphanumericSymbols,201.1
4590,s=#j4~rE#$kER/.%W+Jab2{**ZvHyVas,32,alphanumericSymbols,201.1
4591,9sT)ArHgJ]((+g<VLYay>@@&X@v|Y]wy,32,alphanumericSymbols,201.1
4592,kK>QQ3)fqt4f&mJjuK)M>znqnFL>&nnj,32,alphanumericSymbols,201.1
4593,)V2QT]u-dNhkt~%EFc9s?.Qi%#J;YE&A,32,alphanumericSymbols,201.1
4594,9n?tc@7RkY~/EZp444y<]-|3;F:=My>q,32,alphanumericSymbols,201.1
4595,Z+ij27D>cURqxr<FniU3s7hDew3wvsk},32,alphanumericSymbols,201.1
4596,"nYUWx^M%HdgY7$yK|,L4=ytNqw!2#YL~",32,alphanumericSymbols,201.1
4597,v+vyM~pNCqJvhUPduM#YTAFM|d]c+d^v,32,alphanumericSymbols,201.1
4598,@)c}<!(ANk%e{-[9t##Y3bTv.>bJ!)RT,32,alphanumericSymbols,201.1
4599,"./g(Y_iVqP;ZWLxM=]u,3$%(|?jy+c~c",32,alphanumericSymbols,201.1
4600,A~AAqad>A;kx{pPkrX]XcW=n(Lsk?&p9,32,alphanumericSymbols,201.1
4601,%p^g|p>U4HRxZ!}(p*;@te3Z|dMA>X$2,32,alphanumericSymbols,201.1
4602,)fy*uyUK_p!e$;+MKt|iw]FHZ^%vaJYk,32,alphanumericSymbols,201.1
4603,K^_}*;{=9=^dtfV{cu-Mv9Kpbwq(WcxX,32,alphanumericSymbols,201.1
4604,"{e!pg3ku~,*x(s4~[*N7Kw*4vEsR+ma7",32,alphanumericSymbols,201.1
4605,"?V7E>[=Mx7)eC43zn<q%((9>Q_3s,U~a",32,alphanumericSymbols,201.1
4606,"-p:Mte,~x]Y}w]]b>@-avgJd|>bwRK:7",32,alphanumericSymbols,201.1
4607,V2_{!gUJPkKuy/)R9kTu(<@2WqkmaYmp,32,alphanumericSymbols,201.1
4608,"-Zze/gRM$R7)(w,h{)Cz]RV$L~spZCsa",32,alphanumericSymbols,201.1
4609,yCNgsaD-c7c.?y=|&%taJP*QM^c:rNPV,32,alphanumericSymbols,201.1
4610,"]{@|</$,g4Zm]~XL)aC9(Lvn]m.x_@F~",32,alphanumericSymbols,201.1
4611,qrxL<Cvdr*!TJ[?YFFHn%#CR)R:DuU!F,32,alphanumericSymbols,201.1
4612,%j2QH^3$U4:*m}mwN;[ijR>NF$]AFTk[,32,alphanumericSymbols,201.1
4613,Jp&XH9j<eNF>-X~&H^g[[.Ae@T3~b.ya,32,alphanumericSymbols,201.1
4614,"V,j#!b^H-F-PcHpT$*-i_(}N(dzW)@Wt",32,alphanumericSymbols,201.1
4615,"b*$9_&Q4:ihwW{,{@,J<pz3:P%d#;:JX",32,alphanumericSymbols,201.1
4616,F:q;H=sLYrLXtep[7[{%PEy*!zA.Nq*2,32,alphanumericSymbols,201.1
4617,({P{3Ze2&3|P>Zh2=_Q3AP&M9j/^?c.g,32,alphanumericSymbols,201.1
4618,",FnDNgzQx|h;ez,kJ!LTqXC@YYfAwgZ/",32,alphanumericSymbols,201.1
4619,"V?:W3LEeD/n~?Ty/,+x(_Fu,^JX=@,gh",32,alphanumericSymbols,201.1
4620,;%<CHKh&<-$29/-{Uy={Q7+!Qkd.YmQW,32,alphanumericSymbols,201.1
4621,yr%esp@{t7j:M-)3NZW{ujMLkXDT73PE,32,alphanumericSymbols,201.1
4622,"~;}#d]>[7Jz>3^cJdN(V=cbHYMVx,<jX",32,alphanumericSymbols,201.1
4623,#$#rWAwv+@Ztc?qpUnM{eL~yi~h)r@JL,32,alphanumericSymbols,201.1
4624,"&f=(A4|a?s!&,$CAWx.Jb2|q(3eDZb_^",32,alphanumericSymbols,201.1
4625,><J{t2W$3dAkmHdfC_&X*&P{~QjydYg4,32,alphanumericSymbols,201.1
4626,"rK+4R3eZ,&/PxjkX7#wK{Veuq{4C&hC;",32,alphanumericSymbols,201.1
4627,"X,fh42AXPXvs|qeMP?/7&U-Q/dm>]Qy.",32,alphanumericSymbols,201.1
4628,ff(xr{K3-;+;Tc$))Zv+YA<x%(?]=nZ2,32,alphanumericSymbols,201.1
4629,"P92]Xcsa;_T,=+nr[|bVjH-F)uz4%fsU",32,alphanumericSymbols,201.1
4630,uZ-V~N7xbgp?]mp&U*)Np+W::r7<{CNg,32,alphanumericSymbols,201.1
4631,r>x#M$X3d#2Qcd_?:aWq(tgY{J^(H@U{,32,alphanumericSymbols,201.1
4632,fysDd#JRWQzt<+ThEXKZ~sJe7bmPv~v.,32,alphanumericSymbols,201.1
4633,^JQiEXnu?pH.KaDYL*7~<^dmuP~qzx/r,32,alphanumericSymbols,201.1
4634,TV7w+^q*Y#$|FNjMqDK/#w{hUn)j.>nA,32,alphanumericSymbols,201.1
4635,w+skdMdR~W~yV^.M?.]VJ~h:H@{3w+%},32,alphanumericSymbols,201.1
4636,nq-ttTj^tRc%*CzQ2!XNHve[y{YezMQv,32,alphanumericSymbols,201.1
4637,&;#&!&vxr)zmYx&22z<k^7Q!$bLQ&2nV,32,alphanumericSymbols,201.1
4638,":[qa.gnTD[A]#yw$UKKY-(4v!,;%<)bb",32,alphanumericSymbols,201.1
4639,N4KzMuqsPLsWMj~fbz+pCf)sxEdM?i#A,32,alphanumericSymbols,201.1
4640,R=gKt@Uvz-H}x7j-[iQi~uYN=sDp+y+D,32,alphanumericSymbols,201.1
4641,jrMzCyCM-D%$9Dm{}r@m3tTf@_[$fDHb,32,alphanumericSymbols,201.1
4642,AE!3ca3PPP^7Q/-)pz#R.Q-ik$f(f-)x,32,alphanumericSymbols,201.1
4643,>x@=]eC%!9[:;XUV/ECN3HF}D[)CtU9},32,alphanumericSymbols,201.1
4644,j%;ipfVa3Lg!~^P!>Ry}{yqLk$q|hz?A,32,alphanumericSymbols,201.1
4645,sniw4PZDjZ:m/#t_sF4$|a!T.RRj$[)x,32,alphanumericSymbols,201.1
4646,"4):W;[mj-^~44,Y%_;hk9Y.xVWbE^qVy",32,alphanumericSymbols,201.1
4647,"mXHAn=;<7)wX~a]D.}:m4f3TUJNN&gc,",32,alphanumericSymbols,201.1
4648,~j>DUWXf~kbY$>P%mM3=Ahp~+RD}p2ee,32,alphanumericSymbols,201.1
4649,"(/F<,RMuN:z=na!UbT!p/,WQK>7CdRD+",32,alphanumericSymbols,201.1
4650,>b_UhN)*FmHu<b_/7kdQJ}T*j}Jzq=]A,32,alphanumericSymbols,201.1
4651,=$w9t3![k*b}f<f)F-;<XH|=)cDa/g~c,32,alphanumericSymbols,201.1
4652,s!fttKwZ[hwp.ryiUf-b#?s3ghm>C:TX,32,alphanumericSymbols,201.1
4653,dpuNQyZ.Wj_~Ff;n-$-Q~ApKsEqd[pkX,32,alphanumericSymbols,201.1
4654,v%j4cv/|Us$D)xJgaN};!Xr;A-Y/~KyP,32,alphanumericSymbols,201.1
4655,wiY^4d[c2zrcKHPV3E|qApF!-.fqe/z{,32,alphanumericSymbols,201.1
4656,"XnR;.)Ctwi,?c/-Q<em./xmh-]7D{,h!",32,alphanumericSymbols,201.1
4657,RAM2e(;ef}=F#t=PNHNqwe?/?np9CjD$,32,alphanumericSymbols,201.1
4658,gQQW<e4V$<(CfAR:L?cs!vs?%2x!:TXz,32,alphanumericSymbols,201.1
4659,"Z=pEX;f{.=bJ#;c+P%M#wcD^:P+7=,39",32,alphanumericSymbols,201.1
4660,"nxqsPiv@Uzi*%Jb/3E>r:,!!Z._=e3.-",32,alphanumericSymbols,201.1
4661,Ws~LViYuXPbv|4])TV$>{=-/@Xj(LLXg,32,alphanumericSymbols,201.1
4662,aTE{b3YY~;=N]DPfL+3!H4xm-vZ7P(JW,32,alphanumericSymbols,201.1
4663,")u?E{}UZ]ikmjdw>k,HZubyz[c_s9u%N",32,alphanumericSymbols,201.1
4664,vUdcW3ce+iy];f*wyrxR;R}}{Q=4ze?K,32,alphanumericSymbols,201.1
4665,k|C7eY)~A(9-2:=?U=TKjbfJU+KW9cye,32,alphanumericSymbols,201.1
4666,"*{;RR,NJ:LLmjX?=v9)a4.&2@{;3U^J3",32,alphanumericSymbols,201.1
4667,Y(AKma^9]C]Vn:~MYp~ab=z%mqgL_9vH,32,alphanumericSymbols,201.1
4668,"RK;u>W7ua=bH;T%Aq,h_:P+Vgu/dyUrP",32,alphanumericSymbols,201.1
4669,"#<+A$(9W|Kp^eJb,?nnTa^Xa74k|tFad",32,alphanumericSymbols,201.1
4670,$77tJLTrh).])Nj.;At+]VR^R%Y@mEfb,32,alphanumericSymbols,201.1
4671,r.!x#&<_Q#v}bE|#g/?yhU^^~97Y!Cp_,32,alphanumericSymbols,201.1
4672,"TA2FkK~R$)#Ysi(HC,H_}@fj#@Q)HHC(",32,alphanumericSymbols,201.1
4673,h7n<97c?pLTya$f/vvJKN@&.9z::J&d*,32,alphanumericSymbols,201.1
4674,wn&RkdNj-<}Z@]:_U%?!C+*4*=3n>}r&,32,alphanumericSymbols,201.1
4675,h)D[@:K*LeQZQ4mhs?)+{wvP4X|t&.:D,32,alphanumericSymbols,201.1
4676,f];amPz__#aVp9(9uDey~2=Dn#W|D|Ct,32,alphanumericSymbols,201.1
4677,XW%#(CHi<*dA=K2mqVK3w;*uD_:dEe?a,32,alphanumericSymbols,201.1
4678,H^j&xD3hz/JwPZkK$Jmbsc7}2?~/ZX_R,32,alphanumericSymbols,201.1
4679,Z3sJu.<NZ-_v77d=REe@w^KFNRjwe^!?,32,alphanumericSymbols,201.1
4680,_N9/HQQE+)D@.&n_sC.#:-gR:hyJ}*W.,32,alphanumericSymbols,201.1
4681,zT3D_mfTHK([j+xLUbge.2pw?qcDq>pn,32,alphanumericSymbols,201.1
4682,"D,pa}Q}F3r#LmhTEi<r+za_%,{(v<|iD",32,alphanumericSymbols,201.1
4683,HWKA)Q7aevY&Q+gZ2dxjw3-&-!&:9.//,32,alphanumericSymbols,201.1
4684,9eeAL(r;3|(PLpVEeVr.CE@@w/u?7<kT,32,alphanumericSymbols,201.1
4685,NMtE(:Tt/b=sgK!:_P?cXm|)T$px+:h+,32,alphanumericSymbols,201.1
4686,"[4}FmL7>7FKmZ[,pgRHT|r]bE!!DMVJ_",32,alphanumericSymbols,201.1
4687,"+!;e#Ta,uqsCVtbQL[iC/mc![M=D_4^b",32,alphanumericSymbols,201.1
4688,L&aWu3Z#gis/NCZLf!c3qVeFv7<A?:an,32,alphanumericSymbols,201.1
4689,jU(swA(P):zv%s749^jE:*ArJf!mN+js,32,alphanumericSymbols,201.1
4690,Y=Z=Y~XFpJp[v!!!iz%;=${.U.k:#}h.,32,alphanumericSymbols,201.1
4691,qzWP2vVpv#Dg7R3v4YTv9KQR|b&4f{E3,32,alphanumericSymbols,201.1
4692,(qXhtv_4E(CUmU|y$7DFkHW_Z]|$rs}2,32,alphanumericSymbols,201.1
4693,@@wz{R@TV$_-<|dC&^}_V*9]JP*_~w..,32,alphanumericSymbols,201.1
4694,(snE!U>2]:fZ>ER+2aWkR9vd>R3AW9s#,32,alphanumericSymbols,201.1
4695,k(({_Y==dPw4Fsj*rUm^}C}pK2d*k{Nd,32,alphanumericSymbols,201.1
4696,Xv:zx*t+4*|?Wr.d{%JP&{x*Xzr;~U+m,32,alphanumericSymbols,201.1
4697,y4t}kz[jt2=(!_p#q/[<s7)b4LqKb-+Z,32,alphanumericSymbols,201.1
4698,sQP<]Judn{es[KuU4Vx4a@W2]VC[:@QV,32,alphanumericSymbols,201.1
4699,Cww_eTh{9i/~/VhsF%d+F;!QFtJ#pTug,32,alphanumericSymbols,201.1
4700,U[>*@;Qty@t_LYk~nt&X{|3Te)3xcq#+,32,alphanumericSymbols,201.1
4701,DVQ.F:zDy|Znr#ZWd|%$_v-Q]|@bNj}+,32,alphanumericSymbols,201.1
4702,"gWs[wQTHR*%x|=Z?b,+{Y,}?Ldyz&X@}",32,alphanumericSymbols,201.1
4703,"umCUt?f4N-mEMV9p[Zme&,PA::b$rm+b",32,alphanumericSymbols,201.1
4704,%iq9$?i_c7?WiRCTpupH)M^h*e<Jsxpm,32,alphanumericSymbols,201.1
4705,"wq:./Z|Zfx|PdvE3g+a^,V*]b]YaJh[,",32,alphanumericSymbols,201.1
4706,Xd-%t#xv.Y/QNX*EzCJn&msg./_ui!|2,32,alphanumericSymbols,201.1
4707,"[U*?+EwM{cj(dNU,[&f22Lg-,V9xM/|z",32,alphanumericSymbols,201.1
4708,"aNb3V+;9</r!N=v#q3v($uH<C>,qdedH",32,alphanumericSymbols,201.1
4709,jxW$Zh}it%.<T{;iu]*?tQj^~)jHNV4=,32,alphanumericSymbols,201.1
4710,"R)Dc9Y~ZFX?{tn^jKYa{/NXegT>aPm,~",32,alphanumericSymbols,201.1
4711,L~[cdL>(|>-9?/bdjsMwL;4FeQYF)Dvf,32,alphanumericSymbols,201.1
4712,"djeF7LtF2v,vx|e?AU_j9qN/x&=_bL&&",32,alphanumericSymbols,201.1
4713,vy9#=N@u![xCjv~2k}Z~fY^H&|RnuN9X,32,alphanumericSymbols,201.1
4714,_7&EpmRw~cKcdhyywi?T@dA?RDN$iR(],32,alphanumericSymbols,201.1
4715,"UVbvhx,~g&jgNs[A^.C]ErCWK$Av)Va.",32,alphanumericSymbols,201.1
4716,|k_hchA7Zb$U@CqJ^ZxUXc4-E!}n^](K,32,alphanumericSymbols,201.1
4717,REUgU.UhFMU^T-wuYLWP#7Ha3JdF!Qkw,32,alphanumericSymbols,201.1
4718,VH!f>ebu/-ks9_2!9XtM9E@X<%u[Dhbw,32,alphanumericSymbols,201.1
4719,va{^>uEqAX9Z/>jAd*9(_Jmm>#zj-9y?,32,alphanumericSymbols,201.1
4720,=-dn/ZQ$AY<<#>vR3}Ha3%aNi&M>TTKm,32,alphanumericSymbols,201.1
4721,-3Zp@ueggP^&zazrX~/xR)vi7NN(9+Wi,32,alphanumericSymbols,201.1
4722,c:7A~)pHNvA?aDk4]F+$cb.LRP.px>cJ,32,alphanumericSymbols,201.1
4723,"^hR;&YyJ/.z!~u}^_)[uzrAee,YpE]YN",32,alphanumericSymbols,201.1
4724,ffh!:R=%nbk&~]sx[:3-=!dd_%-h!bcA,32,alphanumericSymbols,201.1
4725,+q%T&W;t~#pp;gz|uQqt|mkrXgj>N>g$,32,alphanumericSymbols,201.1
4726,3^V|anXuX%>?L}2YW$mt}%&AR7H?yk{=,32,alphanumericSymbols,201.1
4727,z&.%u!.+d*cE(AtthECsq_Xj}dy?V=NA,32,alphanumericSymbols,201.1
4728,/qaj.]eE~zCRspu|Z-7mhiwn}?aLnrVT,32,alphanumericSymbols,201.1
4729,"</Y}!iWKw{*|9,}[YXP;U!zjr:zrjN7!",32,alphanumericSymbols,201.1
4730,"=b{ZX4D,KL@Rk@azZb()7,)]QDc_:~a7",32,alphanumericSymbols,201.1
4731,uEc-}RM+HbX/^YuuYX_AFRVZA@(+HHXc,32,alphanumericSymbols,201.1
4732,aWNXv?d&&ZQ_kiq#=ii@k2(R#[w.a-X],32,alphanumericSymbols,201.1
4733,T+;Fcq<s.|#wzUCDYvm<!;3[.Lgh[.7+,32,alphanumericSymbols,201.1
4734,.(Q{-Frs^Wew|qdCUu~~*=$s9Z>]K~UN,32,alphanumericSymbols,201.1
4735,c@c(|Nr;^?3C);gT}cjt~/.j=zd-@n[},32,alphanumericSymbols,201.1
4736,"F[,MJM+-yx)|?]P#++9$]/3CTCK~NPFQ",32,alphanumericSymbols,201.1
4737,&~*9^?wPr%?#cJ3x2.Fi2.TtLvsDs2:H,32,alphanumericSymbols,201.1
4738,":W*Ng+X(,~X(|g=wM/.D#]a_vQC^JHi>",32,alphanumericSymbols,201.1
4739,"3E9YRKCYnX|C,|3<=}tYxAfw&#K9$z>.",32,alphanumericSymbols,201.1
4740,Ja(?/w(aP|HF]%dc9u)s-LDj$maVLf!#,32,alphanumericSymbols,201.1
4741,^iZyQ7:==z9$g&?Qh]YVtz@D]j!fpPQ(,32,alphanumericSymbols,201.1
4742,H7H|HhMcg2)(>=4pF!P4W/-=@#j]pYy#,32,alphanumericSymbols,201.1
4743,7a.L;DYX*~n;4wz((m_$gWzW49ZZ(^J#,32,alphanumericSymbols,201.1
4744,RFm3X+/Q.L$;hCxa~7QUqURZKP77K@H=,32,alphanumericSymbols,201.1
4745,!.uF2i{eXjvf$RLg3<%2e:xU.nX^/hKF,32,alphanumericSymbols,201.1
4746,"/{.Rc]#*csDN#[$<=i3M_r%9~&,haUXX",32,alphanumericSymbols,201.1
4747,9-cQ}wfdwsc#^sUMj))fN:dju{M~PyX&,32,alphanumericSymbols,201.1
4748,"ki2gD-CKu+n^7]KCir7N>#JL=c,,eVn:",32,alphanumericSymbols,201.1
4749,"KMYWjw_sh4:/ijd|Ysy.,4wY/Cc%~<[b",32,alphanumericSymbols,201.1
4750,2+)vg.UnH/]7*ib_7%d2#@c3/cw:nEZ<,32,alphanumericSymbols,201.1
4751,#D&Wsf4xDvYxwkCmm;e>|?RV(9kr[k|~,32,alphanumericSymbols,201.1
4752,"Yuvhte*ixg(}f.|Z*/f[j,9T~|R|}L$W",32,alphanumericSymbols,201.1
4753,2)x3JvH.hV@4ua4>q)?pvw-JX<nu]b=b,32,alphanumericSymbols,201.1
4754,"*Jft7hf,y($;##CvAm}Cd$Ls>XvUffcs",32,alphanumericSymbols,201.1
4755,+/L_UsNR7*!XpAg.)<hpH&Tqd^)ht@)A,32,alphanumericSymbols,201.1
4756,Rh4X_LW.L{2/=CA[Fc?T:}(q@||f&Ma|,32,alphanumericSymbols,201.1
4757,ieMQ!u.dw}_7@i:rbi(pj!/2mz@w.>fv,32,alphanumericSymbols,201.1
4758,"}?a,@3y|w#)KM{n}y&cdRwZMz_9p=Esn",32,alphanumericSymbols,201.1
4759,"L#a(4iCiWd{m39h(uP#a/TU-Abwp}),Z",32,alphanumericSymbols,201.1
4760,wW;pQ+{MfdK>9k=$EaERL%Qvf$mx=Zsy,32,alphanumericSymbols,201.1
4761,J-nuTR3qep!u{2ET@hg)Q9e9}]_+%{nF,32,alphanumericSymbols,201.1
4762,qE+kf-fDHf*&z<ay*esXKqDFr9~4/D}t,32,alphanumericSymbols,201.1
4763,e&MCyrDD=.P{*2F9M(iP=C.^7w9W9~!L,32,alphanumericSymbols,201.1
4764,"~,wp3a*qAni|h7e%hs[|jU%ZdJj=9EFk",32,alphanumericSymbols,201.1
4765,@=)&ajj/((d:k@/er!z@7wRt~-r)mgZc,32,alphanumericSymbols,201.1
4766,t*#:j!>/!#-n4WZ^K[_C|9.(;s$nM+Lz,32,alphanumericSymbols,201.1
4767,pEQxH9bbcCiY^ge;#J4Q_??DXPu;>&XQ,32,alphanumericSymbols,201.1
4768,"n2;ez];,vr*-qLc(P]WcHcnJ2HV^Xveg",32,alphanumericSymbols,201.1
4769,mZQF==9#cM;inD7aKF?bx7cv*xjXhYXQ,32,alphanumericSymbols,201.1
4770,-Rm{~x*WKT)KZ:PM;+E4.Ck4x{rvJC~7,32,alphanumericSymbols,201.1
4771,?Ls$Weg[Yd[Yf$KH~nUy+Ycqr7[PUmy#,32,alphanumericSymbols,201.1
4772,T<:&-b.y}r;{A]dUf_+c*reJmtkDg^Kf,32,alphanumericSymbols,201.1
4773,"!L@VQAz,Zgy~R$pD{+V&PKXXfi^4/ZVA",32,alphanumericSymbols,201.1
4774,PsMpi#r2WiKMg$PjR=?WV#HW{HZ;%U<h,32,alphanumericSymbols,201.1
4775,"tR3vPkQgV^~_Z7,>}c(NX%+YuNc,e^%W",32,alphanumericSymbols,201.1
4776,vH9:;inz.Nz4rJFN9_Yv=Z;NW+[;xP*n,32,alphanumericSymbols,201.1
4777,r)wF|xk9V[^a=u(FXXLMhfT?PuxvCtWP,32,alphanumericSymbols,201.1
4778,>.<ZA@=Vd?p<sUqVhU(z(U!x/y=i#c>%,32,alphanumericSymbols,201.1
4779,Ps_b=!~Y$39KY;A+#JRUMy-+}Ew-ZKrz,32,alphanumericSymbols,201.1
4780,Q.|^rV!RdK4i]M^&t}}$Lby&Rt{2NjE*,32,alphanumericSymbols,201.1
4781,=<V]{vu7XyP>JT+rhh[tk(cf)bLz%iEn,32,alphanumericSymbols,201.1
4782,"z(fN:K,Qd+)zWvvgDnqW;@uPFr]_Jnj~",32,alphanumericSymbols,201.1
4783,au7(rtf7Dst;|zVL(:A>-P!ePwh>{4;;,32,alphanumericSymbols,201.1
4784,m9fwnrsqgV.^%z9a(4[da>/ym~/ZufQb,32,alphanumericSymbols,201.1
4785,&(d94$Yzvsrztmq-#WeDZkQd#=[~.X$L,32,alphanumericSymbols,201.1
4786,"H|u^-@v+*MeJDEQ*yEM;,rk(R7UNxxqd",32,alphanumericSymbols,201.1
4787,M|azPA^cF:RpUnX?}#b2AiyVNNMhW-)3,32,alphanumericSymbols,201.1
4788,QvFibrJFz+kM.En+Miz^VxbP^7*>]Ny},32,alphanumericSymbols,201.1
4789,"?R(,9TZ37a+;:HmfV#uq9,3:4r$n_wi+",32,alphanumericSymbols,201.1
4790,"CRhk,jJ/V}X[(y$RP]rP|Zb-:[s3aJnt",32,alphanumericSymbols,201.1
4791,bRf/i;ADP]3NN#Q7]tfzjHd(?kq239<b,32,alphanumericSymbols,201.1
4792,zC{)xf7[f=bZn3]:;ELNArZ]v.9F=E~V,32,alphanumericSymbols,201.1
4793,TE@E%tFTZW~EfYM}bf|;#/E*9ZD:iVyz,32,alphanumericSymbols,201.1
4794,aVEEYUMQ?w~7E#tLLcXfWzCm^&X7g=@F,32,alphanumericSymbols,201.1
4795,pvDn+mhW7uX4)Q::_xtg+<ak:n~}gNeX,32,alphanumericSymbols,201.1
4796,=g_RC#W.>!eKrm>e%_7ArUm4.>r]k9n{,32,alphanumericSymbols,201.1
4797,bv$^LtAN?NqXFd{a!erkVf3Q2kE%q~Ae,32,alphanumericSymbols,201.1
4798,"W,N?Jv&vZaZaD_7qi+L![]d?c^|x>rkb",32,alphanumericSymbols,201.1
4799,YZPetL.ah=w4UPER9w?/qnk~{qPA}%>k,32,alphanumericSymbols,201.1
4800,ufVLj_h~UMc!rkZ[}RjE7hXzRWp*PrzF,32,alphanumericSymbols,201.1
4801,"q%NHULDnCrz?/~q2ki,YAK?sVpuNYs:u",32,alphanumericSymbols,201.1
4802,"a/R$egJe!%yx*Y*y,qu<a#U@PT~3+g^?",32,alphanumericSymbols,201.1
4803,m2DD?.J(9wa(Q-?&x!mZqyw~E39pWVkv,32,alphanumericSymbols,201.1
4804,re&AP_b)DKb>xEpsJ(}Yc*!c+z9MaTp/,32,alphanumericSymbols,201.1
4805,"i,H7R4+[V]>i_XALt(?y$Ewyb@%=./C{",32,alphanumericSymbols,201.1
4806,~rCT@@R&V!Z!:!]w2(YcZ/cAgkdL3g}_,32,alphanumericSymbols,201.1
4807,_J[k/RK=7yD3s}e|WWx?VkHK]viQ^+C%,32,alphanumericSymbols,201.1
4808,Cpezpa4xP?rwC(2|bAzT4U;jtf{U^TCK,32,alphanumericSymbols,201.1
4809,njY/;<bht<9tQFcpE#A>>Qr/|rx9{Jv#,32,alphanumericSymbols,201.1
4810,"j![Vr~(sK$cqN9v2V,;9C:(7!JLLp<7;",32,alphanumericSymbols,201.1
4811,]!niu|_;k:xUc#~-mutRe;fPqx$_LA>!,32,alphanumericSymbols,201.1
4812,-@|q}Mr-+bj9wJn$Pz&f[e{@eQ=J}U|K,32,alphanumericSymbols,201.1
4813,zi*e<;fxx=i24TT^^L3m?nUceebwNUTX,32,alphanumericSymbols,201.1
4814,d;[jfj|RXf)WyJeyq~dpbgA3Q>FcMHux,32,alphanumericSymbols,201.1
4815,kH$F@hCkfT>w[!j9]y7DZzu%pq4qf)z_,32,alphanumericSymbols,201.1
4816,"m4[%xPY9hpwH)DP#Yj,:P_<}!}[e|V[$",32,alphanumericSymbols,201.1
4817,JAEt$Ut-tUMJPN;vZmLy]Y:.&#{*;^&i,32,alphanumericSymbols,201.1
4818,yYeekCuDMMV4NQs|j%fp&TkR#y3|R{nA,32,alphanumericSymbols,201.1
4819,"kpd:+3,kiQA/&,CVHy@:WTs9nw2[<d};",32,alphanumericSymbols,201.1
4820,M29jU(&gy)f%N|n.;Dgj/D4wJT3{T%_M,32,alphanumericSymbols,201.1
4821,#/2Aqi&M<q7kd<4X#P9HC&*q}n(d+TJw,32,alphanumericSymbols,201.1
4822,Zj9$ZDNJhRkbE|xwi??Q#y$Mdb=K@[Pn,32,alphanumericSymbols,201.1
4823,"|3n2ZW332q,@YrMQ2T4iHW$Ud9~cem>/",32,alphanumericSymbols,201.1
4824,",xiwX%Rib?!Ct~y:R<w>nMvn=$wbwXV7",32,alphanumericSymbols,201.1
4825,Hn%AdVAJ~9_fJ$MV7qrvPuDWUam<+(wn,32,alphanumericSymbols,201.1
4826,pz.Aq;f|H*k$b|7$$R9Htf3wE.aU3>CX,32,alphanumericSymbols,201.1
4827,"?qJwssdU]<gQ92k<KP%L2KPirXMWDx:,",32,alphanumericSymbols,201.1
4828,"b{q;zT^&/^^Vx+9T^Ww,TQVD2J^+7vc[",32,alphanumericSymbols,201.1
4829,:Uhb?&buAW|w7?/fjsb~h7V7[7/9Px[w,32,alphanumericSymbols,201.1
4830,hQVP;E<!E*k%L92t&!i3cYf<qtD^Rd#;,32,alphanumericSymbols,201.1
4831,mT:n^g4]$ZAxy%^~*[cgi:Fb:F>h!V>v,32,alphanumericSymbols,201.1
4832,cM[Lv*uR&yz&^.eZ)^AjAZ|KK*4X|dTk,32,alphanumericSymbols,201.1
4833,"[L(P~r@f=pZDbg7$-vn9Ua,!@Fe9mZ;w",32,alphanumericSymbols,201.1
4834,u}YbT3NYUdF/b{)QJNmA[v[dT4j:DdKn,32,alphanumericSymbols,201.1
4835,[c{H&KxMt7-xah@9[Wq}QRjC(|Ku+L-n,32,alphanumericSymbols,201.1
4836,(WPZy%s:YtM=p@w%f-YYKPb~f-::wQyL,32,alphanumericSymbols,201.1
4837,9Y9n@pq3FspsFceV)ihMMhJ2q[Hh~p~#,32,alphanumericSymbols,201.1
4838,#<%R3LzhhF&hc2n&+y!Rt#qtTY:Trnwd,32,alphanumericSymbols,201.1
4839,"mkx~c|up,-4-e@}#*2;7,hFnVi%PEfDg",32,alphanumericSymbols,201.1
4840,",ysm}!ACwgJL/FWhxL&%q@As!{[3v}:w",32,alphanumericSymbols,201.1
4841,fs=.NVevZq7kQc%rW{yv%^#W@H-mKh%;,32,alphanumericSymbols,201.1
4842,.WkkhrKELuMrzeWXKwwwTg:Tg?}|=XX@,32,alphanumericSymbols,201.1
4843,PcHL-hY}7zdNTUwyxW[3jp_~.v.(/gqq,32,alphanumericSymbols,201.1
4844,^kKx:g>qh_jyYJp!a4N~FhwPa9&E!HDW,32,alphanumericSymbols,201.1
4845,kN){Ypi}j22Rw?{tsL$=y(%$?Q;wN|^-,32,alphanumericSymbols,201.1
4846,"Z.+f,b*4HJUVTF,<>wt9+-+eUPariE/%",32,alphanumericSymbols,201.1
4847,Qd?RH>NFj;^n{cfzr@<@-:Z~U.wUW}]^,32,alphanumericSymbols,201.1
4848,"LZ,AY%Hxxa_MZtqFwL%x>9/gF*4)E;js",32,alphanumericSymbols,201.1
4849,=eKkrig{3t-Y!s&V-#2X9;-ED(]=Jqp;,32,alphanumericSymbols,201.1
4850,"|(2N>t;ki)9w,PKYs#K}+uE(7Lj~}yk%",32,alphanumericSymbols,201.1
4851,;]u4e$(4n+.3xF}nr4qZg@79D(Ng*=$M,32,alphanumericSymbols,201.1
4852,"Lq}ms};z+CezZe@r,~DWeTCph)KE7h,+",32,alphanumericSymbols,201.1
4853,a_($!rZwcYkff%7~r]_s}a9k#3H<qK}-,32,alphanumericSymbols,201.1
4854,"j;ryrk,/QCiY,zD{FpAuNn37]xxJC]Mr",32,alphanumericSymbols,201.1
4855,.H:74Y-kYzF]x_L{yugv}phic#Y[DZqR,32,alphanumericSymbols,201.1
4856,yMEFJmAq;kfd*d+x=F]_b]@Vz[/([{R_,32,alphanumericSymbols,201.1
4857,d}qWu.%dEy=iyimMA{$x_L)wvbNK[(pe,32,alphanumericSymbols,201.1
4858,"]<#D{]/{Es:xHanp+J=AqTH,w~/ni9D}",32,alphanumericSymbols,201.1
4859,}@+qe:qE[M#F~<.TMnj9e+amt_^wdn)!,32,alphanumericSymbols,201.1
4860,(+iYML=~>M@!/gbsbM}wd?{qH(xbJh]+,32,alphanumericSymbols,201.1
4861,<.=D@M4(JVCKfbZ|K2Q;(r-X2P^@-Hw$,32,alphanumericSymbols,201.1
4862,-waah.v$}[%%.Qc$b]kk)4f;EAmHR=4},32,alphanumericSymbols,201.1
4863,$UV-RU[(tp/m7yEHnAU^N9uy7n[s}j>>,32,alphanumericSymbols,201.1
4864,h-&zP*iFHm~&y{=<4D^mjJyRLXX%.vLA,32,alphanumericSymbols,201.1
4865,"Zf!tfqfqg^A>R/*;%!7q=M|wJ.,FbPws",32,alphanumericSymbols,201.1
4866,"%zFA3){~v=gJg[4Fz7w{%$<+w9)U>K,$",32,alphanumericSymbols,201.1
4867,$3PF&/.fHm/W[~LW_yD)Qr|rj}44v^u{,32,alphanumericSymbols,201.1
4868,"a.gz,evrZE{Me&H_>ZTz2u)%s[#qL7?e",32,alphanumericSymbols,201.1
4869,**D~{gbV3^bcb}+v2cjDv*?b._M[{jrs,32,alphanumericSymbols,201.1
4870,s.UjpNJNLTc4r/%AazP|i[ThDzveKF(?,32,alphanumericSymbols,201.1
4871,^)$A>U!yL=mAzRTjp{7_QZju%9}eM_ze,32,alphanumericSymbols,201.1
4872,"UAWybvnjw,b=T,;n:X$(L)nz]K?|q|4M",32,alphanumericSymbols,201.1
4873,"c/i(:]uebr-em9g,>im)?q(AjJ^n|t-9",32,alphanumericSymbols,201.1
4874,k3n-y!-:f](VCmX<s22c^i3)V-tiguJ*,32,alphanumericSymbols,201.1
4875,Z%Q}/#fyNy^</sF*zjLLke(pLL~7RgZQ,32,alphanumericSymbols,201.1
4876,"=*,Q}+$U:#~De?DEE;(*dV=t@V9ZuF>m",32,alphanumericSymbols,201.1
4877,bc;PRyUJm_|cNcwp({|**m:>(~CHhkZ/,32,alphanumericSymbols,201.1
4878,=myfm.)/;H#XK/Jz2z>}]meM7zA{dm:x,32,alphanumericSymbols,201.1
4879,",F%>J}VNr+N2P7]J%_Um9^?LUge3k|vx",32,alphanumericSymbols,201.1
4880,&X.M|DqqqC>nW~UwM~%|/Re2fyDbg2TM,32,alphanumericSymbols,201.1
4881,!dA{^nsgA:^ET>yYZv^4{}q??N$gTV>A,32,alphanumericSymbols,201.1
4882,",nzk[^&zxfn:_Yd%C}{=inYF{YUrT]+!",32,alphanumericSymbols,201.1
4883,",Jc%}+cwy<7uk$y7E,?M9E*Fxpd;+W4F",32,alphanumericSymbols,201.1
4884,)|<MxkE!3XY+p+b.NKt;T[ibTQ?=7qVH,32,alphanumericSymbols,201.1
4885,^ppx>%!X%Yg>T9%*H9rj?:D;W=psL.Q@,32,alphanumericSymbols,201.1
4886,caRQLU+@9[[^u=/e;PwXsN?(v/mtPNZV,32,alphanumericSymbols,201.1
4887,Mj-tY[hJdLZ)wF?<jjNXuMC4yN9Yev;L,32,alphanumericSymbols,201.1
4888,bT~YyccfiK:Ls.dHHUmy>d@N#UwfHZKM,32,alphanumericSymbols,201.1
4889,"}L42?eM,M<e.YFcet%Z/fL9]VQaL-mK,",32,alphanumericSymbols,201.1
4890,*c4KuTk?R$H|M(mKpj&<JT)2~.x({ZR>,32,alphanumericSymbols,201.1
4891,z:>|Nd=pZETjj~j(79FPp}_AN[&$+}@/,32,alphanumericSymbols,201.1
4892,X?s2bnx|zs?U*!jQiL7m}MV%#]YN^H^~,32,alphanumericSymbols,201.1
4893,i(NR.+}FCZz<a[%k%L2$i%<c%nax3Z(9,32,alphanumericSymbols,201.1
4894,!;m:d<r%gKRVE@Aa4aweQma^Z:ahwk|),32,alphanumericSymbols,201.1
4895,3u4ZWF.@W$QFEn4P|ZVyp+T{Z~y;rxWJ,32,alphanumericSymbols,201.1
4896,+7us{*Eq+74VJYdEY&m-A*NZ{<QP;=e/,32,alphanumericSymbols,201.1
4897,"J#vzP|RUH_-&ybF7b?[y,=j9mL&W=Ccf",32,alphanumericSymbols,201.1
4898,"nh3)sp]d$iY-Y#e4Y#fX,)>qjfF,ER&|",32,alphanumericSymbols,201.1
4899,"iL:sQFzp/>~2k2v$3V[3~s43vzw$e,=(",32,alphanumericSymbols,201.1
4900,"WKPqk<u2/4:UYuY-~,EqQLd3zfpf&Z^s",32,alphanumericSymbols,201.1
4901,"bvm_XifWtiQ?%&*=vnuUsyZ3R!u%q,p2",32,alphanumericSymbols,201.1
4902,jCb#g;/p=bw9VPbM^^$a*n7~_Di@#Huv,32,alphanumericSymbols,201.1
4903,Z!Y~D#i*LfjE=$C{J9fq|>W*n?j&37QX,32,alphanumericSymbols,201.1
4904,taz]Eu-&^uNxLD<XMxH!P|F:^k{i47%%,32,alphanumericSymbols,201.1
4905,VM/Y;Lyy]K2~^y3;iq-@:4E]y3.y2e|u,32,alphanumericSymbols,201.1
4906,rXT$dxvmNxhpV^g=)-;@}[Z>MP.imxm&,32,alphanumericSymbols,201.1
4907,Z+rjf~(K{U!p%7i:}Qa_a$Y7^jMRNqpy,32,alphanumericSymbols,201.1
4908,e};aivZ#>@?]D%>Nrn)qj]}!>3E)mb2H,32,alphanumericSymbols,201.1
4909,t3+bXmD=k@QETj7]wr>R$v9{k47uj?]v,32,alphanumericSymbols,201.1
4910,[e![}fQYb&wX@z2}jg47^=ahkWdTmp:},32,alphanumericSymbols,201.1
4911,;vqP!s..NQ?:T^HV42Aur%[A$X:&g/&V,32,alphanumericSymbols,201.1
4912,":uhWN$asWW?TmH?M%[s,T|j>sgk]WdTa",32,alphanumericSymbols,201.1
4913,q?4~L@>APkm4na-rD)FQn#2Qk~%m<+!{,32,alphanumericSymbols,201.1
4914,"p]UU#YtX^w2n,3&2~t*Qv]=bx}MNDF/h",32,alphanumericSymbols,201.1
4915,",>D=}m%9VYn?(Dn3T.a~&(r]&WQWyia*",32,alphanumericSymbols,201.1
4916,r?(Tma3C%}^vJ2]N4|vM&bjrs;_JL22],32,alphanumericSymbols,201.1
4917,^?j*:w=+NF2%Za2z<[peYHHdRyjPf[aY,32,alphanumericSymbols,201.1
4918,9Tf#n7D-2.Y9aVU)h;}yMr>gJQCr4X[~,32,alphanumericSymbols,201.1
4919,KE%&_m])@b]vq9{WP[>XPb>UrUx$pJHs,32,alphanumericSymbols,201.1
4920,"i!kj[/r%{,$^M,UE<|!yctZX?)Ai;,y4",32,alphanumericSymbols,201.1
4921,EjHH+~x;<-7RYU$w):jh_3|q!!>FmP;#,32,alphanumericSymbols,201.1
4922,"tN,s}dW/nUfL4TTh%Wf|$VC_2x/dd$~x",32,alphanumericSymbols,201.1
4923,Js:hnCzZ=sLRD~E>DUt#2Eh?ZxYwba]E,32,alphanumericSymbols,201.1
4924,"Xt(r^tqkdxCcUPbn9ukpffd2TuRi>f,L",32,alphanumericSymbols,201.1
4925,)ewp[L[nsPpU?fLh]e}k%}xEH[LwFA*$,32,alphanumericSymbols,201.1
4926,g~h&tsc=N>PECtZYtA@(s.#:3T(QFk:D,32,alphanumericSymbols,201.1
4927,g?ng}%E(D>i|fim]xuThtiFe=XL[y:7L,32,alphanumericSymbols,201.1
4928,"^2,H![UK7*Z!d_W,[yj-?hbFJ?YAc:;)",32,alphanumericSymbols,201.1
4929,CR+zq/r.?!K}t?=[=-VWY;3MQ_-e@cuR,32,alphanumericSymbols,201.1
4930,M{@.s*JekDPNfE4k.[DLXD<_NWD;4Yc],32,alphanumericSymbols,201.1
4931,wki$XLU>zVVc]>?yh%<<LC:%PR(4k9+!,32,alphanumericSymbols,201.1
4932,"jafmEu#i$raQ+,WKbTZ][,vRV!AH:F$v",32,alphanumericSymbols,201.1
4933,"ykDY4,.F<!VXdkhd92WJKc]n~=hQbh~X",32,alphanumericSymbols,201.1
4934,4Fai[2|UDAi77:FRW^g&R#*phc?Q[MQr,32,alphanumericSymbols,201.1
4935,=M[L=E7hD4[|4q%Lb;s(}{E_}p-7s?Aq,32,alphanumericSymbols,201.1
4936,pi2Ap!z.|J#iX!zN:Zgbc3m#h/<gh/%9,32,alphanumericSymbols,201.1
4937,rwcme~jHuqh-:vFe<*&YY/iCnC4@eMUN,32,alphanumericSymbols,201.1
4938,sQ^V+T9_H$<n^>~$:=FW^?;QqEscKg!7,32,alphanumericSymbols,201.1
4939,)3Lx9Lw^q!?]}{uX~xRU7uQ9tW^!en|K,32,alphanumericSymbols,201.1
4940,X&*teeRLLUZF}W{ct>=)W{4<;XLxHwDJ,32,alphanumericSymbols,201.1
4941,/2FtvW}J<ve7?9eD|@dy>*D*#=JYEHhv,32,alphanumericSymbols,201.1
4942,"c?s,Rk[n3n+s&*Z77u@^rHpsx9VdWNV>",32,alphanumericSymbols,201.1
4943,"jxdqRnvs~Uzj,MVNC{&@%Z=)wZC:nU@=",32,alphanumericSymbols,201.1
4944,ZP#}9Dm;b|YW(TR{j<;R.y~{KfbM9gr(,32,alphanumericSymbols,201.1
4945,$J;r.(J$WqA3:P9j<r[gANc]{q&QPWJk,32,alphanumericSymbols,201.1
4946,W}<;pM+:z2X%bE%7is:#{4!R-)t:uJu),32,alphanumericSymbols,201.1
4947,WE2Dh(]b(99Kap)p^E%c/FddxfzJ&<[p,32,alphanumericSymbols,201.1
4948,"(@P[hX)rNPFP>REgrtXAY%;MvanJ~;,^",32,alphanumericSymbols,201.1
4949,"Pk%&,U$:KNhWm(J|7e2;NV]{XtLj,z3w",32,alphanumericSymbols,201.1
4950,FXVjrj!c=~Q#ygZsrd&q!MWwmmxN27ZP,32,alphanumericSymbols,201.1
4951,"z~dF{@LuV$FXJ-_ZU7=74;w~wrs/t^),",32,alphanumericSymbols,201.1
4952,"Y,rKU}A).+x,-{<kZhbT_K+=++ku?(9>",32,alphanumericSymbols,201.1
4953,{Z]%hQPi%D)e%}r<|*g9V(pY&:R;gh<q,32,alphanumericSymbols,201.1
4954,af^_.q|uxTj=[uu;&d;P%jw&;^ym+H%],32,alphanumericSymbols,201.1
4955,Ye2>NW2p#RDey-=T&EyWN=][A]ka_M??,32,alphanumericSymbols,201.1
4956,XECy2]|gx{}N|!$wb{TzD{%_Egs2(J|?,32,alphanumericSymbols,201.1
4957,H>M{k%}E|&LfKw()>EMehMiV+]4r(MC{,32,alphanumericSymbols,201.1
4958,";v2)EEezyPa,Rf/+pXrF94aeT4JRP#UY",32,alphanumericSymbols,201.1
4959,"Jq{bLFw,e4_rpshpe;h$pXvu4?A-j+}K",32,alphanumericSymbols,201.1
4960,T*U$}x<m~Xh%kLZL>#ZCDF@)ui&+j)9x,32,alphanumericSymbols,201.1
4961,"&;;).nahDcE,>+K7m7xi9h|M$FsT:ETq",32,alphanumericSymbols,201.1
4962,E-&Um4dgM[i+T/Ff!psmT)Ks3zU[f>Nz,32,alphanumericSymbols,201.1
4963,cdT2Fg_YReHJ*}E]Rw#eePCPX(+s2TC),32,alphanumericSymbols,201.1
4964,cU#R9yi9_{d{a4PTWNtN;xe:yP&MX~+D,32,alphanumericSymbols,201.1
4965,"Us_zjui;W,C[i?K3WqigTY;<PR^*=qk#",32,alphanumericSymbols,201.1
4966,{{gDZ9b{;2DN]3-HFr|wF~W9)!3(]4bK,32,alphanumericSymbols,201.1
4967,RHky*Z/Mj3_wU}/]LqPHcRw/Jn:C_uRi,32,alphanumericSymbols,201.1
4968,LD$yb^QH%f|p+n/>eC$Hm]sHNqKQ;]p+,32,alphanumericSymbols,201.1
4969,zfv7K<e]H;AFLEWzxL~CPx2p!Z$Jr@rm,32,alphanumericSymbols,201.1
4970,j#UxiE&z{(FyW/*?t)W_n!hpgbny{iLd,32,alphanumericSymbols,201.1
4971,"rE:r-.~fRw<b)]{?C>=,:Ep{k!}UfCh|",32,alphanumericSymbols,201.1
4972,k([rPC3Vh[;yiPy)9x~3{~fT)a[ifV)Y,32,alphanumericSymbols,201.1
4973,"w9,q9~d9fXuXx.~f#Ef*g$,2_AZT;2Y+",32,alphanumericSymbols,201.1
4974,CAXxbz??9tLA>nQfaH/sFFEmuLWN@CkQ,32,alphanumericSymbols,201.1
4975,"k*]fhx@V>f;eNfP#YTZ{$,a.E%N2ejXh",32,alphanumericSymbols,201.1
4976,uwA_RNeZ9/9PqgZVwPs?%gEJKL/-;4^h,32,alphanumericSymbols,201.1
4977,r.79.vwv;ywvTfp>-}Usnw&c$^n@%N@N,32,alphanumericSymbols,201.1
4978,"@7Hx;4@|(Y$Np3KN,eEe=,;CtnZT{|,A",32,alphanumericSymbols,201.1
4979,pf{XT[=k{H7u$n3iTxE%$K]H:@<|?P4L,32,alphanumericSymbols,201.1
4980,bJ9wQ3)!ux)4W+$$]<(^eHv*-z9]/Qv.,32,alphanumericSymbols,201.1
4981,#UAb^D|*]9yRFjP};4M4x2_pJ|3jYDWc,32,alphanumericSymbols,201.1
4982,$V^-*Js$>%/#yPw~?.YupmMhXP%3t+Kh,32,alphanumericSymbols,201.1
4983,A{ry>[|RMCzV&KLQN=E7#M*k+W):)^:W,32,alphanumericSymbols,201.1
4984,"9c,{@Re:F-.VWfvtvH?xL2sLD4C%(&!.",32,alphanumericSymbols,201.1
4985,{@4W(CAZ!L7x(mY|]=ENNR(3rs;A#<J|,32,alphanumericSymbols,201.1
4986,a*&m&Fk!==W=4r4d!!NjKN;@}qM+i~s<,32,alphanumericSymbols,201.1
4987,zR[dnQa-uy]@g+JJ[q;[(Ex&db#ZMp(4,32,alphanumericSymbols,201.1
4988,4L->b{73Uw+2cD9e*]ezqLi]:Nt7pL=*,32,alphanumericSymbols,201.1
4989,"_kdVr{Dd3k^J;g[sZUkMya~+UZ,eAR=j",32,alphanumericSymbols,201.1
4990,$NjDQv=)dWEX4s!LpML)2FPv/iVW=)e;,32,alphanumericSymbols,201.1
4991,2y;jk*>JLe)tk{u=2#sR;Dmsd#TMKEA},32,alphanumericSymbols,201.1
4992,",Ugxi]cZDig@+q]LW*/zuw>a>}ydx9aL",32,alphanumericSymbols,201.1
4993,"K{)M,7EdE4rp$f$)u~FUW|Mz,k:D^h4Y",32,alphanumericSymbols,201.1
4994,[^p;cAXNKvd2;E>JkEm2mnHA{hHXwN~C,32,alphanumericSymbols,201.1
4995,:u/[c+-XhCi*Y&muHUxCty4C~$WfK.d|,32,alphanumericSymbols,201.1
4996,?xe.$W$Yg@|TdK[sP?dqPLn2$bV:y;Nm,32,alphanumericSymbols,201.1
4997,(-V|L#||(}?XFQW@VafM;Usff*J@H@LN,32,alphanumericSymbols,201.1
4998,K=pruF>Z:(qrFK|EP|2TmgLF7wt#u7Wf,32,alphanumericSymbols,201.1
4999,avTee*N/}Cn+3%.2bhf_C$3/R2P+[u)Y,32,alphanumericSymbols,201.1
5000,]{C7+RZkhA%XJrQiDYaem:3f{MD$MXu~,32,alphanumericSymbols,201.1
5001,"#t_WL?kF+u[ts,Wm99@2HVMwdTsD/9EX",32,alphanumericSymbols,201.1
5002,"X^-,|Uaw!FV+R9snR!.HY3JQfZPPW;H[",32,alphanumericSymbols,201.1
5003,"R~>2,V?Q<.pagvvE4Z?{j]&3iuvZnY(J",32,alphanumericSymbols,201.1
5004,uWEA?@V.X>u;e_Z[VE.fu~W{|Z{-Drjq,32,alphanumericSymbols,201.1
5005,!MNL*i{>AfjNZQ=e3_(=~z)usV]|[Vtj,32,alphanumericSymbols,201.1
5006,MvPQ7;23XXq^XmVx!<M2@a_R%K{Mr44/,32,alphanumericSymbols,201.1
5007,RnjHKhDR}>$N%MHZ/T+sA>k&i}VM%e_A,32,alphanumericSymbols,201.1
5008,/##Rnz@K^_TA7%fiT|RH>faihqK^NXm#,32,alphanumericSymbols,201.1
5009,YHsuj%}/(_s^%*bL{v7)m/2{a;w$Em:Y,32,alphanumericSymbols,201.1
5010,"T24pN;}|_#x(Kk*K,W|c{Pv*@YbW~z:z",32,alphanumericSymbols,201.1
5011,",?u,e9*P!i7sE/YV_@Y#C:{Pys[rtWfH",32,alphanumericSymbols,201.1
5012,^*|YVm^[h:CRJN?:HLDKd9&f@K:Dd(rv,32,alphanumericSymbols,201.1
5013,p|/(uR*XN/mYwvD.YXMf~Cj.P#>?ijcJ,32,alphanumericSymbols,201.1
5014,T;XE/3(up%p4PMyahTxs)J)jxmy{X;X?,32,alphanumericSymbols,201.1
5015,P]k9F}&[;7#LQavw3<dt(3@)RLp|(-:v,32,alphanumericSymbols,201.1
5016,3kmu=rKkt_mY.&w$_3XxR.[v:kZ-Dn+m,32,alphanumericSymbols,201.1
5017,"f7Y[QK9Rv9#/F>4[)R[(,x&?YFMf2n39",32,alphanumericSymbols,201.1
5018,"?-V>Fg,VR!aYsRP]nH|whq[h=_MjmqYg",32,alphanumericSymbols,201.1
5019,3*HEwA<tdUCg;=Z!!3virKj3tXwL@KZ-,32,alphanumericSymbols,201.1
5020,"aE+DZYvtjH<~2xLc9~!ZZz.h-,{4(4j<",32,alphanumericSymbols,201.1
5021,F-f:hY[;](343+D=hW~Ru#F@$<r$F;>|,32,alphanumericSymbols,201.1
5022,kc|F**(_&|VQ$P7)P.+T_$]{Wt%c}+Lc,32,alphanumericSymbols,201.1
5023,vs!A&QE[YfvsPPvpj}9>tnH{~rNv?#E$,32,alphanumericSymbols,201.1
5024,+YnAn4>Jw99Ytf[Ac/jbj<CwDfnUDdC},32,alphanumericSymbols,201.1
5025,"!(Z>wz,!2D;Pqug&Csu(<YjY?^q_sq3t",32,alphanumericSymbols,201.1
5026,eCYVmg&gPL$_/rA;.iD$EY_&*%uh#3LQ,32,alphanumericSymbols,201.1
5027,z9uJzUZeHZKhykNN3&KD-)ph2i$HQax_,32,alphanumericSymbols,201.1
5028,rV34r@%}sw7|A|*&[W)/T9kLLzvYg/es,32,alphanumericSymbols,201.1
5029,]Hx^q7=sn+[g{N;f}m/erLL]>ruJDy?%,32,alphanumericSymbols,201.1
5030,wh$i!9rFeZP7LF<9c)JDtkt=NK(s4]f-,32,alphanumericSymbols,201.1
5031,"Ti:Q|Mr<#,Zx>w&;Au!ctH?/M=+|pHFQ",32,alphanumericSymbols,201.1
5032,"=qVby/,NzN=9Q&?/n2E>Q3*,X~cD:~Q.",32,alphanumericSymbols,201.1
5033,"m<eH{jWygm,Mw.CT2{_ptnuU.(^h-FjA",32,alphanumericSymbols,201.1
5034,"u2YYFg&]V%}2gg,UQs9,![K&TTWc,Q3X",32,alphanumericSymbols,201.1
5035,"N2a-cjFry)}bN,/dW^UyVi<2A?Y^>U,$",32,alphanumericSymbols,201.1
5036,"m+{eHU|Ng,aUve{{<!]V%gafjgr$awa$",32,alphanumericSymbols,201.1
5037,tD=2k&QQr^VkeDYHmD|A()PW!?ts>Py},32,alphanumericSymbols,201.1
5038,"RnysnvstW-!Trh|&,$CXQ>x2j_r$x3n[",32,alphanumericSymbols,201.1
5039,[:4d{fH7=-CDeqvhE(^7rLVT9)m|=ENH,32,alphanumericSymbols,201.1
5040,"Wvq!n]fZcc^*4-ruRy?,fX/M.pqDZeVu",32,alphanumericSymbols,201.1
5041,_]cqnfANs)X#Pg#Z-fvgHd>E*J|sQZ)+,32,alphanumericSymbols,201.1
5042,~c.[?F)z23b+@]#T:UNu~^w>PZdMZHR),32,alphanumericSymbols,201.1
5043,vr&iE.h[;[ZfCXEz+bksiugN:$j%>KK@,32,alphanumericSymbols,201.1
5044,k;-/Lh%/Wpm3u4$^@q#xVbmY{P4b:_~=,32,alphanumericSymbols,201.1
5045,-(q;b%2yAeU&c7U}Z#[KWkn2|KmV/2%A,32,alphanumericSymbols,201.1
5046,"i<U*;QYgW{}fHQ>4s~Q)/.EF&|,.D@zw",32,alphanumericSymbols,201.1
5047,"q{c}N%y9+F{jg&L;J9}Dy=.ApLXxs,#H",32,alphanumericSymbols,201.1
5048,"L*WjyTYsN3yyVmLy=Y~+x=,H(s=3(2KC",32,alphanumericSymbols,201.1
5049,q;9$Nuy!s$CEJ}2|Z@.dK_sa722*|;_%,32,alphanumericSymbols,201.1
5050,KN4(9kc};{tM[fwqeiY$b.2KmPXt~qh%,32,alphanumericSymbols,201.1
5051,!7.?!~$q:~ftZH7>}u!aV>~]n*7PZFbc,32,alphanumericSymbols,201.1
5052,"kM&X=|X,|}N.}:aLkAk._rT;xTfgPLX?",32,alphanumericSymbols,201.1
5053,",ENy.W;W3Tgbj_}Q*NH%>e>Qc:=j^J@E",32,alphanumericSymbols,201.1
5054,"xznb(xq(<cpX_i]>qH9NwV$inw/,AUN9",32,alphanumericSymbols,201.1
5055,~;g7Qe7kb|j[!3qt[tLbtr[@u<u3q=~x,32,alphanumericSymbols,201.1
5056,A3EumxV2ViY}^#]jA$b_R)<pHqrns<m;,32,alphanumericSymbols,201.1
5057,KZw(?X${$rYi9?KyXuJjne.mAm>K$ukx,32,alphanumericSymbols,201.1
5058,[j*+[*$ka(jF;.xnLC~2)Na{@<^&:ACH,32,alphanumericSymbols,201.1
5059,"zki3^cW(Yz{h_VDv,]NtgLnk(VC%]|V)",32,alphanumericSymbols,201.1
5060,*m<nc]9yx-y7(Jm[+kJDWt^YNYi:T-je,32,alphanumericSymbols,201.1
5061,/RMP*Z#LEAzCf=m)m|N*YAb#4jftW9z{,32,alphanumericSymbols,201.1
5062,"zhxUvF,pTs)aqT!+>_kApLZ&Y)%?@My(",32,alphanumericSymbols,201.1
5063,Ej:rF]cjf_m;EsDt9{fX?&$[j;j;$MbE,32,alphanumericSymbols,201.1
5064,i)X*<Y^Ddur%H(L/^}CiAWfu=r(+]AY~,32,alphanumericSymbols,201.1
5065,"~/m/gsg#K-Xrx_Xa&u7N[JXf!<jP^,$K",32,alphanumericSymbols,201.1
5066,"V#-&9cj+3h^}3@tb,=a~VHcZdw.hWZf(",32,alphanumericSymbols,201.1
5067,w<-+j?*z2^?2=!w{_V%vdTzk>iw4*|s*,32,alphanumericSymbols,201.1
5068,"RQ/h$qh,CE-n7Q%Y{XAcWbdN!wQwye*t",32,alphanumericSymbols,201.1
5069,<C4(e3Y]]Z!NV>VEU{UH#.R4<)b]XzwF,32,alphanumericSymbols,201.1
5070,-Hs.AF=vHr=Y+Uv}YQ[F.HjW^<cQJJPE,32,alphanumericSymbols,201.1
5071,As=t[!xd&}k^ZJQ&|/W]xq]km_]T<~+%,32,alphanumericSymbols,201.1
5072,vn<^9s9;W+-+d<%Nq@3FvYY>3AJYT7Hh,32,alphanumericSymbols,201.1
5073,"$eiA7dEY%mA}|>$,zeaUM3eAzkFRnL#:",32,alphanumericSymbols,201.1
5074,g_H_/k;g|=q-Z?k/u|!#iJ?i%Dy*ED<s,32,alphanumericSymbols,201.1
5075,Fi4-v:]rTzdfhw7-gK9&L%|#yZ$;W!{L,32,alphanumericSymbols,201.1
5076,A]3XX+AqX!=tk7eZ9?-;;*Jhr|*{?^dy,32,alphanumericSymbols,201.1
5077,mAd>3&RMp$P[i*dep#>Px)H+vUgmsu%m,32,alphanumericSymbols,201.1
5078,"?;3yT!+&;7;$Jvvp2)dCixewg~x-)>^,",32,alphanumericSymbols,201.1
5079,(-p<gUhqx.=a2X^xX@t(]W4}<m<~nP#x,32,alphanumericSymbols,201.1
5080,"TP,3_N<,?b~wAQ+YVj*Qw~DA[x!.?}*R",32,alphanumericSymbols,201.1
5081,"DE~EK^y^eq_H>h[#;{;=Ht{C:^s},?~4",32,alphanumericSymbols,201.1
5082,"kL[}];~QdX>?y%kREv%P4qnK%Lu^PE,L",32,alphanumericSymbols,201.1
5083,]qmn9A%NW$x9JiL)cA|jF%CP>P#/?h][,32,alphanumericSymbols,201.1
5084,WgFEygd!^&!=jJMm(*-b&s7/d^y)z><7,32,alphanumericSymbols,201.1
5085,!{ss&v&Dc4ri.Df-fe;a@2WRL+Ds*.+T,32,alphanumericSymbols,201.1
5086,K;~u~mZ]j~^<<^]UgVrF{[cqD?yx?f#/,32,alphanumericSymbols,201.1
5087,nFxRQ&2>(z<:$z&9g9HT{X/~hCryx+<$,32,alphanumericSymbols,201.1
5088,"@cc2yDM],M3=Y=H9Z|q#nMhd{,J]c#pA",32,alphanumericSymbols,201.1
5089,}!{.4$[|r3TZ!}qQ~^n{xJq]2V$]{M7Y,32,alphanumericSymbols,201.1
5090,$uaj7_ew]Q[DbL(m%ar_UNK.4P(ZpPNj,32,alphanumericSymbols,201.1
5091,"A;?xJ9V$W-h)z(MMgrb7,y^~mxgXHJ{h",32,alphanumericSymbols,201.1
5092,"rK.tKW2EK!??2)FZ-x+U%mD+@/,vgTJ|",32,alphanumericSymbols,201.1
5093,/qgM#-n!p>gJJd{Yx?m^bH%3}<p&>zPb,32,alphanumericSymbols,201.1
5094,-Mgm&[iE|Zivk@T=[!-AiiY2cX*Rb]g(,32,alphanumericSymbols,201.1
5095,hRd#$[c?.ZCWrx(4YcF*RV3-mTMuPt.b,32,alphanumericSymbols,201.1
5096,V:Z:!$JjRUxVF]P{r2VA_d~v>Q-s=eTN,32,alphanumericSymbols,201.1
5097,"Qntr4Edvr</QH+~w,?cDX?)j$_hp=A@r",32,alphanumericSymbols,201.1
5098,+:bspC%WDEC-cX7[uuZ742uTjv7WDCD~,32,alphanumericSymbols,201.1
5099,"#x<4AQJ$zCCUUHs@*W{.v,ar@_9:,Zx4",32,alphanumericSymbols,201.1
5100,Q>|W}Qc+:x<g/C}:Qy%TY]+7&m<ge}([,32,alphanumericSymbols,201.1
5101,C[y&/!Y4s=nf@M4zcU]P|$/sXjgy@){$,32,alphanumericSymbols,201.1
5102,<#{i4J~(KZQPf4iNPUdgdwY$zdu^d=j&,32,alphanumericSymbols,201.1
5103,"zm?:Zm_-J4@FFzN:CAuU,?^MZ_XF;Zj:",32,alphanumericSymbols,201.1
5104,CxRwJ+>nP<!z(U9M{LzagVyhQ:|as@ai,32,alphanumericSymbols,201.1
5105,Q:T^DV=}!N)=igK~u?H+ma;)[{@iL=b],32,alphanumericSymbols,201.1
5106,"zXjm[x$xAekhdv@j<J%,{;n~jgAhd[C/",32,alphanumericSymbols,201.1
5107,tFr_W_AXn3s;V9MiuW{|if?32ncg^zf=,32,alphanumericSymbols,201.1
5108,"P:y,ta-qcf:q@3xAZrm34A|h.mM~,h,|",32,alphanumericSymbols,201.1
5109,iaqH{ayR4jHcv?4f9grs;kN;sYq.>{jP,32,alphanumericSymbols,201.1
5110,CPqC;Ek/vQ@nM7zwb~}hTgr#zfaVekJp,32,alphanumericSymbols,201.1
5111,%L:R!b/R;Ak4T(x[2%kC4C:R:Z/Rq7fN,32,alphanumericSymbols,201.1
5112,+kR2.nK=Z!c%h)/+;~{y_uq&3g^TAq]),32,alphanumericSymbols,201.1
5113,RwfE3U(x!yyHUnTn{spT&<D.J2n?;PKz,32,alphanumericSymbols,201.1
5114,w&/<!FdF#itb~9HJ7%ehmX9DHEZ>_Y*>,32,alphanumericSymbols,201.1
5115,"j(F?K{C74#U,Wm+WjH(=:3tLK9dEAn%&",32,alphanumericSymbols,201.1
5116,DdHeeZ4cZ&Jimc%QXf><?QV(n+b9Mz@C,32,alphanumericSymbols,201.1
5117,3FXWn/9&U>3-vjdsX!$$Mgv3KP:rz:tD,32,alphanumericSymbols,201.1
5118,ZsPTJKe|qqHaE?*2mz_D)|<Q3-ar.>KW,32,alphanumericSymbols,201.1
5119,uxn*DstP#:Ps.@[y%R:?^*Vi.=dqJc~Z,32,alphanumericSymbols,201.1
5120,"{,pc><~*_y/jVmVxk3Q,payDZK{z2-!~",32,alphanumericSymbols,201.1
5121,#/D-3a@V_PeMy?qqN;FJ;](27sNZ@xku,32,alphanumericSymbols,201.1
5122,"uqs/3?2&#yi}V[c,i9(_$v$$_kYfXY}2",32,alphanumericSymbols,201.1
5123,WmQf$!~e=/YrXK<*mi~w#Nnf!b.QxhkU,32,alphanumericSymbols,201.1
5124,U&pdR+=T#>F9n~dAW/#>agU<_V&uF^}w,32,alphanumericSymbols,201.1
5125,"A$whUKk%TEw>4t,cZ|>M9?#%Hnt&^M{T",32,alphanumericSymbols,201.1
5126,"/zg}~*~c|fRnRZsC?;gc<9Rtd.@9rad,",32,alphanumericSymbols,201.1
5127,"}]ru/4(nZzrChd],g>^RYT:RF/&f.Q2&",32,alphanumericSymbols,201.1
5128,Z>ii!$;s!mQXee!7U.*^/#=]C?Rzb/Xi,32,alphanumericSymbols,201.1
5129,p}vXCAz&2ja-9kv/Vb3kKd$iA37fMe3J,32,alphanumericSymbols,201.1
5130,Q3KQ;E3^<=eU]H{n4|.7qNRXMijQedcD,32,alphanumericSymbols,201.1
5131,@@?W3da;(m_K/yR9d/}e]R[!_YbP*iAt,32,alphanumericSymbols,201.1
5132,"neJcc@.aHk?Ub3AN?J;Q,W<iL=rVndgQ",32,alphanumericSymbols,201.1
5133,"Z9X-<3%s;_y>n,KbU|het#;Av$9^Ytxt",32,alphanumericSymbols,201.1
5134,QL7gy&xpt+[d:(h.]?&/x:kYva{N2b9g,32,alphanumericSymbols,201.1
5135,^c{q{Nayh]jXAz]P;{p|a7wi/;~rEZCk,32,alphanumericSymbols,201.1
5136,"!K.9MuTQj7[xj!|$K#Nuqqjum>,ygEUg",32,alphanumericSymbols,201.1
5137,".%s,?gDa&H}Z;.M7YTt&U/Cyv@R779Ei",32,alphanumericSymbols,201.1
5138,+wk!J;4k7a=si]!%_zC3.?9F=CY>$7W3,32,alphanumericSymbols,201.1
5139,}?QbP~[qegZ%@=bX*wX]}!YLyk~N)Lvq,32,alphanumericSymbols,201.1
5140,"]N3Q-tt:9g4X,:g&:]&F#wNEMZ#.sEaz",32,alphanumericSymbols,201.1
5141,CH<$W.c>ghtAy4qF)Jt?f/@7[qh3}N+H,32,alphanumericSymbols,201.1
5142,"}&hX(Afqd.Mc2-$:wT-_%ns$b7!,.NR.",32,alphanumericSymbols,201.1
5143,@y4es+!!*=]q!&Qj)vNE:~P~c#C4AT**,32,alphanumericSymbols,201.1
5144,"$fLAZWXp-AH/gUf!keuRt/_A,z_U2-?N",32,alphanumericSymbols,201.1
5145,",(N[}TX!N=2X&r9m!n$%|^}NACEM=b(t",32,alphanumericSymbols,201.1
5146,"%$;/i!_<s>F3W.Rx,HwxKu!fR{f[VR%?",32,alphanumericSymbols,201.1
5147,gkbsKF?-Dq7$j9r-3{=2H|~HJ]shb_T$,32,alphanumericSymbols,201.1
5148,ZhMnmgr{eLAc;gDWQj{asP.;</Y!fP9d,32,alphanumericSymbols,201.1
5149,*{f@VL&A-w{[u+ry&Vx-K}hKwchhDyW$,32,alphanumericSymbols,201.1
5150,iz:p-++h$f[ck_sY|Pp>e*uMsf=qgM/%,32,alphanumericSymbols,201.1
5151,qsN<+(?{)-jN+i.~~n^VRN:CrZ(FimMV,32,alphanumericSymbols,201.1
5152,{DbnHwq/egf?jTJ7{]UuN^={uKPxrNT!,32,alphanumericSymbols,201.1
5153,XzJtNMd/bE_9t?u(UpQwdn_ii-F]7%]>,32,alphanumericSymbols,201.1
5154,)MyFe}}/cXQUrFWNct~hEyMRC>]RtrXP,32,alphanumericSymbols,201.1
5155,"va,uP[[[r|q~U$j7x{&kd{QUrwnJu|93",32,alphanumericSymbols,201.1
5156,"V@C)@,Hmu&KU.CZU27Pw!nmF:y:a!WC)",32,alphanumericSymbols,201.1
5157,"JHk,&[=Lw{N*,h#~!^L#*ieZwtjxit}?",32,alphanumericSymbols,201.1
5158,%AtH4{b+EDj{W#x+wQ|>Pv;z&U:YN=sb,32,alphanumericSymbols,201.1
5159,.>)x<CTqXp@W:_a@TQ@Tq22w*Mk[%7hi,32,alphanumericSymbols,201.1
5160,gvECRN}D:z_Eq37E2{_VMVcvH]TvC*Q%,32,alphanumericSymbols,201.1
5161,)=)@Mg+9_HWizx-@M.TM7n!)f>2Eb^C=,32,alphanumericSymbols,201.1
5162,(%3i;x[:7$L{#dJn}C.3^a+xD/[-T7c:,32,alphanumericSymbols,201.1
5163,"<E]uH-TC#,H_AYn*3~-3+LRXM-{H4v!j",32,alphanumericSymbols,201.1
5164,"FY-4[CDPwAs)TDs$bR9Yzv9@bJU:,{We",32,alphanumericSymbols,201.1
5165,"L]JFv3&Ua9ZYi#+,|<<M7r4Z3;&LPC@_",32,alphanumericSymbols,201.1
5166,k;Wg#AyyJN<ZKFw]g#q!-mUud{%&:zzH,32,alphanumericSymbols,201.1
5167,"}a{V!Jg:EW],r2%_nma%uaj(x4xd}NHR",32,alphanumericSymbols,201.1
5168,{CusP7Wc>X=NW;()qxRC4V)-EdUVVdrX,32,alphanumericSymbols,201.1
5169,vM9(PZN}Ye_)$C*;R)izns4W-ns&}ee%,32,alphanumericSymbols,201.1
5170,"jEjxCw,TRcfQMryY?^R9;u[AL~z#Yr*3",32,alphanumericSymbols,201.1
5171,"w?C?j9)UN49EeWbPC,{%s!WFL7(fi9zu",32,alphanumericSymbols,201.1
5172,UWnhw|4=<>&jH-*C%$|wNkd+^mQv%)H#,32,alphanumericSymbols,201.1
5173,vJ=uX)uPD$!Hf%x{f[qMTp~Utv.;fMqT,32,alphanumericSymbols,201.1
5174,"cJm~,TNhVJ-vj%r+.mQ[AY-{Jf2!c!zV",32,alphanumericSymbols,201.1
5175,rD]Fj/KJMUj#Fg_P=v:z.JDy9C%&HbYw,32,alphanumericSymbols,201.1
5176,"p.,*KVHm;]Q_mDCd.N>pZ#tpj>.FbmkX",32,alphanumericSymbols,201.1
5177,"E=ejQeQQquz,m)yL=<RdN?x!#<Mthf@>",32,alphanumericSymbols,201.1
5178,Y2&|>Ve^=bLR(?t-Ty-{^P+s{yi2-aWs,32,alphanumericSymbols,201.1
5179,"npn,X#3CqT$h~T*j@*wA#zh{qK]ZNww/",32,alphanumericSymbols,201.1
5180,U*Hrf;9!^R^ft-&E=YekwvVVK}TV*Rcf,32,alphanumericSymbols,201.1
5181,"qr&D;W7=ev,d$p_jcp*+a^+#x34kaU4J",32,alphanumericSymbols,201.1
5182,n]u|w-dCQN;Q%w%yWZF~/J7<[DNLVt9b,32,alphanumericSymbols,201.1
5183,"[&csi,gE7=fZx,cKxp(p|{,MNW~@P4[y",32,alphanumericSymbols,201.1
5184,"gR$;FP_Zt#,k4TE3QchQgWPP2:#j-re}",32,alphanumericSymbols,201.1
5185,yuh}3[##jqhg$_^72Q:TnP-|+sYrQq~A,32,alphanumericSymbols,201.1
5186,NbxD|wFR!L}zjU;&#>h9/P2^k7;h-4vK,32,alphanumericSymbols,201.1
5187,vzQX[=ZKELrETT2U+hMEme<f?:?=(hC+,32,alphanumericSymbols,201.1
5188,aA:V)#*U2k.^uEV!#^jfTft>T|Zs#g3n,32,alphanumericSymbols,201.1
5189,#_eFFhjPXx~K$=Zf2Q|K/$$#qD)i.kz^,32,alphanumericSymbols,201.1
5190,"PZdnN+.4HH.fZ,).XmU[[a|dj,s)fhL)",32,alphanumericSymbols,201.1
5191,}p/!]NW[DafYa#(kAAD~!?H7=aV.D])x,32,alphanumericSymbols,201.1
5192,u;;/U)c)sr%AKnQe*&t9Cj7v-&c#Taak,32,alphanumericSymbols,201.1
5193,^iL}T_/sk|UPTmjRm^&?z}{{[.HWqY4V,32,alphanumericSymbols,201.1
5194,}=niE]X@HX>pQj=9iH&JXt=|FXR&@Zjz,32,alphanumericSymbols,201.1
5195,C%||Z*m&k3m3Hu>fCw-<9C+hgCk.}+Mv,32,alphanumericSymbols,201.1
5196,=z.@H]~+J?pMFtus+YCT?QRst-.b@jn(,32,alphanumericSymbols,201.1
5197,"W(Y_2%~)sXUmrY:y,cp|=9LbNA(KRW=?",32,alphanumericSymbols,201.1
5198,AucX-!$?]<]c@HEnaft[P:3!9@EXaYpq,32,alphanumericSymbols,201.1
5199,vh|~Z*a];Axak]<kAYx@Hc%>gEad[~PJ,32,alphanumericSymbols,201.1
5200,"};]X,ach_~>*u2HKsmg>T(-.Acr<rM!d",32,alphanumericSymbols,201.1
5201,"sTqF&K2<b4}=/wNj9)*Jc^@,mJ_@^;ic",32,alphanumericSymbols,201.1
5202,msn@Tp[n7Nt[cQC:c:iCEsM*&g/t~qC&,32,alphanumericSymbols,201.1
5203,"4qhFCyr},{],X?AUmbepk$,U/HF].g27",32,alphanumericSymbols,201.1
5204,K+Wv$h+*+M3)=yzfNe]%?$x&v^iJ:.hT,32,alphanumericSymbols,201.1
5205,"3>t%3iJdW{Q-^]vsN*CD,C;Nsj.dk}bt",32,alphanumericSymbols,201.1
5206,X-^>]_Nu)/{aMrVr3({bNhTN9q>rqLMW,32,alphanumericSymbols,201.1
5207,P.e|wW@*.?FhdN&(sr-d]CWw]e%?*{n-,32,alphanumericSymbols,201.1
5208,Ryz_#4wDknui:!dC:e_{9;wV:hHYm>^n,32,alphanumericSymbols,201.1
5209,"!du,Rc,HR{=R3J$?nPC+#uAkFQCnQ=/P",32,alphanumericSymbols,201.1
5210,js;Whet/q^p}m%V]{ex*E:/!A29hehsF,32,alphanumericSymbols,201.1
5211,"PjdN)3WDeY^pZ.T>9,J-#s(m%%n;Zd^W",32,alphanumericSymbols,201.1
5212,"^b@N{j3Yt.nF,Wna^2XDa@]z3A|FqMi~",32,alphanumericSymbols,201.1
5213,R+dR+wJ}7;p!b+E^}HHbhm9+-!+kk}zY,32,alphanumericSymbols,201.1
5214,"Q[-Rv(@%NE:P^/c,Y7],gUA;!U+=E}EY",32,alphanumericSymbols,201.1
5215,9^[e}KVjh?Y-w?.tze;m7tf)!p+eM9z3,32,alphanumericSymbols,201.1
5216,g*J2&&rfNQH@q?^W}$+Z@cCmX}?s{&u9,32,alphanumericSymbols,201.1
5217,i#pcpKv(}-cV4MD2Y?a?pZ_?/*_)&xLf,32,alphanumericSymbols,201.1
5218,_;r*R:cM^$;@KAW.%#rpfeW!R4.q^q(q,32,alphanumericSymbols,201.1
5219,UdwMRu9NFNRmnQU~bJxxA!q;WM)VyFxi,32,alphanumericSymbols,201.1
5220,j:P=($s)|a(+$|u*Vs=+.?cz{iW@*erH,32,alphanumericSymbols,201.1
5221,",Z3i>)q>;Wwjxh9>[#PLf3T+7=f_/n;4",32,alphanumericSymbols,201.1
5222,"p4E#(mrp]cmTAQ22,bg-w|#WZ]%%-v)u",32,alphanumericSymbols,201.1
5223,f*kdm#yJEWX}uWmf9ZfH=Z=NLD/C_J?M,32,alphanumericSymbols,201.1
5224,"73=trCJX%fAvVK_3U,idy~HJnH]jk~4P",32,alphanumericSymbols,201.1
5225,P^J/mqyzy!nzUfi~VFcw:]ut*e^J%C|@,32,alphanumericSymbols,201.1
5226,"@>,jC}E$?>M*@.xeJe>XTr&JxuV<=DY3",32,alphanumericSymbols,201.1
5227,**EC%+fiV>*FgfsbarJ2H}/]{L.99Z@H,32,alphanumericSymbols,201.1
5228,"eM&M(.j_MN9,b!{k-gZv.Rz-/JZYR]CP",32,alphanumericSymbols,201.1
5229,.}y%>Wb%4#L}RQx[?jp:Y.yFYiLHAc%/,32,alphanumericSymbols,201.1
5230,{4MH$%gKfx:_}NCq|W9eUDf-;]D{*m9+,32,alphanumericSymbols,201.1
5231,H=j-s>ZhTWUE+gdV&/|-NYD#~Tx|p[xb,32,alphanumericSymbols,201.1
5232,~$4yb2F@eyYwNcT7?XcK>2v#a9<[KXjn,32,alphanumericSymbols,201.1
5233,Aq-nLw};;DLz<aNHL)#$4:iLyex{Akvt,32,alphanumericSymbols,201.1
5234,UC^7!{iDanmaf3*[RsZK.-3)*Jg_y<#v,32,alphanumericSymbols,201.1
5235,AHD[DU*vvK^vdzX~L|2v?_y.n*#7JsWZ,32,alphanumericSymbols,201.1
5236,"=uW4[}/xqDf,~Ws#NY:|RYFqE[7#vc;^",32,alphanumericSymbols,201.1
5237,y]<v^xHn%k(Zyty-]FV#WdxRW9Nr@K:d,32,alphanumericSymbols,201.1
5238,"yi/WU[?Qt43Xaj+L]aM*9eVXiqV|%,=$",32,alphanumericSymbols,201.1
5239,CAn3iQ!vZqnfiutzzhV%~_#Z{>)}C{Fz,32,alphanumericSymbols,201.1
5240,A(/9fM+gX*q*w(AC%taVnD$}~UVVwk3X,32,alphanumericSymbols,201.1
5241,:s-rD+a<%2THb_Di^C3#&*iW$&sU|wHj,32,alphanumericSymbols,201.1
5242,Kz[R(>&ZViqmh{yxVcxf^&:iWk@~)X?P,32,alphanumericSymbols,201.1
5243,hp//%_/fL+|@h!uz=??-gP/?:]4DbzC;,32,alphanumericSymbols,201.1
5244,_UN_f#fi>-;h=e(=d;VUDaY]&QYJ#.N},32,alphanumericSymbols,201.1
5245,NXVT3{E<4uKxJC$[HY<2Z}hQ@YFM;tq{,32,alphanumericSymbols,201.1
5246,PzhDz*;cH@s4H/EWxxf;bhg%yZ+E[.y/,32,alphanumericSymbols,201.1
5247,"<2dZC{J,;r($K:CKz[|({g=|D>yWM-yc",32,alphanumericSymbols,201.1
5248,(vYpX/(@<~T_#[t=TnaDKajdV*[uXCyp,32,alphanumericSymbols,201.1
5249,Nh_/$kt_9nb?v~hK>)2(zf_qv[^&;AdX,32,alphanumericSymbols,201.1
5250,"c4w,>P~ex?rYU?XPe?X~DLa39TDb{JmE",32,alphanumericSymbols,201.1
5251,"t2|-vs72,|~ff:[4i#kHEn]-cR]=WhaK",32,alphanumericSymbols,201.1
5252,:c<+xsn9!+=xTtzL7Aq!Z@93F;J3kzMZ,32,alphanumericSymbols,201.1
5253,Jf@sR.PF*Rq/E~3jWR@-$b9TXJ*Y@uP!,32,alphanumericSymbols,201.1
5254,"Fq@e,d+ezNKzP~(AM+feR9@i_w4qiH.-",32,alphanumericSymbols,201.1
5255,"Kh,PMf*CMWpn:Xe>Vzjsp}msun(=y=++",32,alphanumericSymbols,201.1
5256,"@;&bs+R?Zdt!iH/M:RHP/g.|&N,FECet",32,alphanumericSymbols,201.1
5257,<Q4mZkic7Vfmi;n$;|7s*UF[enY_Pnvm,32,alphanumericSymbols,201.1
5258,Pdg$y2T[;X|Z&UQ/.nr&i*r7U?K]/HK#,32,alphanumericSymbols,201.1
5259,;%2zF-X.<Tr~!9YFh2r2MqiukLbus]c(,32,alphanumericSymbols,201.1
5260,$i;@#Eg[[;@ngwEzA-7.d:cC;yCRNZf+,32,alphanumericSymbols,201.1
5261,dU9sn@]@^^(3C^@-TC;sMcf!p&UL>ap%,32,alphanumericSymbols,201.1
5262,.fmt7aiv#+k*RvV&>iM|:qK}2&;dh(3s,32,alphanumericSymbols,201.1
5263,iiwFq#Wy+bb{p?fUeXc@My-cZcYVm4#b,32,alphanumericSymbols,201.1
5264,HHt|7iVR2)ix*a:qDYd{Ep7<H@/pww{?,32,alphanumericSymbols,201.1
5265,g<Wm.F&b@f+/&4yP4&UX+Wv;pev-~7Hd,32,alphanumericSymbols,201.1
5266,$x|/F4}]iPuxrTvdi~t}a=Z$XC%x;ZqD,32,alphanumericSymbols,201.1
5267,"Mgvz7ex(L7,=;q$.);{.+/Rf{+j|[yvx",32,alphanumericSymbols,201.1
5268,WA/v%49;pnfRsD%W/WdetH9i{A^y|dR],32,alphanumericSymbols,201.1
5269,:xH#hd+K.$e])qD[%%DpYUK_3U7rvpsx,32,alphanumericSymbols,201.1
5270,"/-D&9)x?g!e,;&Vp$$4>h>K#@pwHnTV[",32,alphanumericSymbols,201.1
5271,?ksXm9Y%TpFTys3h@p:QKnqz9gg.Mn.&,32,alphanumericSymbols,201.1
5272,JmM4R=@_izEVL&ZEC+W/.Ek}@LRx]fvH,32,alphanumericSymbols,201.1
5273,g&!f:k])aph$cR}FupXcVksVZRm2)^:p,32,alphanumericSymbols,201.1
5274,w:tNu@}d!ZARe+[reiWbYMfVVg{tm{4F,32,alphanumericSymbols,201.1
5275,"Z<:nWQ))pfjLwR,rN9;DYQy[?sDFR:XD",32,alphanumericSymbols,201.1
5276,"NC7a~zju$wK/%Z=K,#EN]p&wpTnr$Jiq",32,alphanumericSymbols,201.1
5277,D<>P_xn3!(iX_e+h#J#Z_%iz7p;{m[D>,32,alphanumericSymbols,201.1
5278,"$,*c}xF;U#*tD>P7,r&M-Pr#$mieW+K~",32,alphanumericSymbols,201.1
5279,"}vD:Lx=vX%><px3r[UEqxx2-mhN,(49&",32,alphanumericSymbols,201.1
5280,"vnRP[Km!a^4sP?${,AXj!|ynT{n|>nMJ",32,alphanumericSymbols,201.1
5281,=}9cfT}X-DiQ@=|~mv*tn+/4(J%b~~$9,32,alphanumericSymbols,201.1
5282,":>LvsNp((xr/cyX,T9J%2/?ZCPkDs[iX",32,alphanumericSymbols,201.1
5283,"?QWbyH_m3jkP[2K,fHvpjdsKfg*g7+u_",32,alphanumericSymbols,201.1
5284,fmnmeRwMv:sMaV3VsjLpFm~y=aR>ML.V,32,alphanumericSymbols,201.1
5285,"/pmpv<nQgc4X,>(wNm-hUb4v9d(W%$~V",32,alphanumericSymbols,201.1
5286,",{k;.^u?xju,pmVz%*/2hFLK$vtiv@A-",32,alphanumericSymbols,201.1
5287,AKyCDAkMd@R%z_d2N$)$x/rHu>DNmbgJ,32,alphanumericSymbols,201.1
5288,p%#3m$4NnXdaC^Q%$jsd[W!<d~ba_3UX,32,alphanumericSymbols,201.1
5289,rQT]n>#v/[~*QW@xUuD<n43K72-rX=$Z,32,alphanumericSymbols,201.1
5290,YT2Mphh<s);X:m]H7y4v_/}4KL$9k2^k,32,alphanumericSymbols,201.1
5291,%sL@@TbKeZgMpaEW^yQX_ePZHWx|7])2,32,alphanumericSymbols,201.1
5292,]iAJmpQ@UEYn#i%wA|(RR{YA>xWDt;Zv,32,alphanumericSymbols,201.1
5293,"xA*qu:M%h!sg}Ur,R=wk[N_:/Z|J;4[]",32,alphanumericSymbols,201.1
5294,adyF<Faek)q3!%_w~M)J>D}f%^(n{q!F,32,alphanumericSymbols,201.1
5295,y-;@]-fEuT*7D[^>[+)7p3{F/~7@}ARu,32,alphanumericSymbols,201.1
5296,"Nn{<Pyw##e)nUtM,A*kcY}[Hv#*rWig+",32,alphanumericSymbols,201.1
5297,"=W#rCYY-D2d_QUYe3Q?<z27|4,7Lwv;w",32,alphanumericSymbols,201.1
5298,N>W::hnL}y#~xsCyq9m=[]&!%(aHw;Dq,32,alphanumericSymbols,201.1
5299,9?-z+}7xx%E]<#a>sd9!bWXga=2L~A_x,32,alphanumericSymbols,201.1
5300,"iPw%&E<Y9/j*)/F)p%YurQqs|Z=Q,H}9",32,alphanumericSymbols,201.1
5301,W)?Eau.bTK>%+y9~TuyP;Tp4%[Ft39*V,32,alphanumericSymbols,201.1
5302,j^[3EPzy;qzm$Z7&MuJE<q-;2Yn*K+R),32,alphanumericSymbols,201.1
5303,Z?*&c9Dg*3x:{jvHHjK$j2p4MF%%YyzK,32,alphanumericSymbols,201.1
5304,iz{UpT~+fjp(*Q<u(ZZvfW.}9^T)iiej,32,alphanumericSymbols,201.1
5305,"Ht.ec4.ZzF~P>3q-<c-,Z)VR?kM>Wy]?",32,alphanumericSymbols,201.1
5306,"vg#k|}<]aq||3mE(V9P|}Z&%=pZ,EqZ:",32,alphanumericSymbols,201.1
5307,uZ-E=x(bH?T-K7i.:4v;n=Jcn&%bT7Xp,32,alphanumericSymbols,201.1
5308,ew<dD.FV@jzdaT$)[~<~#HhdfR4~wUC;,32,alphanumericSymbols,201.1
5309,tnN2jCCDf^WateZL!yA}$}nF_x?:!&(M,32,alphanumericSymbols,201.1
5310,p^3dT7uxV;@*&QNJe<3jkmzmW.xP^vWr,32,alphanumericSymbols,201.1
5311,|FZ.{~e<trs~Kfez+|^(ei-gme@Rc>+c,32,alphanumericSymbols,201.1
5312,")|EuDc~^u[.*&cs*9Aw-b&g]pUY=,+|}",32,alphanumericSymbols,201.1
5313,Js3WEkWFh*yfEAs2$&s!3FYs4zeKm]*t,32,alphanumericSymbols,201.1
5314,w@!AL!>E?njW|+A2XsHnz>dEn!4jy:rv,32,alphanumericSymbols,201.1
5315,"F:<u>,[Z!D:mchb#qANT=wec!a(aH!<}",32,alphanumericSymbols,201.1
5316,Hsnxn@H~.xAYYWm[Y)jykQUFaxD[P[K9,32,alphanumericSymbols,201.1
5317,#{?D}Y%jT-niER}t@ERf3+^:=##_?J+r,32,alphanumericSymbols,201.1
5318,HamV@Yd~R+F9@9jxJ|4yz({3Dq.}WCRE,32,alphanumericSymbols,201.1
5319,"vNd_,JMu#H>CYvLjHdzy2PUAM(k$igqr",32,alphanumericSymbols,201.1
5320,p@3aJh@ujq7Ut_(=h3?xrxHL~(g=i:<z,32,alphanumericSymbols,201.1
5321,"/PT,QdCW.muKL{EW{XVEHmpv?=2HzC=X",32,alphanumericSymbols,201.1
5322,"ZMwn|,@xfj@uiw[(k#Z;7EZ(<X4tMgQK",32,alphanumericSymbols,201.1
5323,TVAwD!*uug{}aYnkQ;dx?rMeAF.jv4pb,32,alphanumericSymbols,201.1
5324,XdwqZK.DnWPC4UA.{9;/eFC}jF:@%/um,32,alphanumericSymbols,201.1
5325,dj&A(Y;Ye]NY/AhiTF%hUY>>-2we{w;(,32,alphanumericSymbols,201.1
5326,jq>DEKNd+bm[M*H.WRuw_@y-2+y&?F!C,32,alphanumericSymbols,201.1
5327,3/:4a<XN~z~+jZnyN^amzk/!n;_<gE[J,32,alphanumericSymbols,201.1
5328,a/_?E)ak3e%JARZ@#==*z~Fq}WLH-CiC,32,alphanumericSymbols,201.1
5329,#??ZhFukji{bDg;*[!nkrf7nud2v4q@-,32,alphanumericSymbols,201.1
5330,"*dM(U&Hwp$=e,|MVDKJrw:.7ZzKWc^ub",32,alphanumericSymbols,201.1
5331,"(,=J<X9uu-=4$(fwuhg,[~q$X4%k4:W7",32,alphanumericSymbols,201.1
5332,"7;gRpAHg<dT]H=eUF4;{:A#,f)!U+pa[",32,alphanumericSymbols,201.1
5333,(RYp%#N^Q=Z&7?<<7CVFJ*g_D(d]gEYP,32,alphanumericSymbols,201.1
5334,MxCU!aF=v9uH!M:qgRNzY]j<-.%ZiE<{,32,alphanumericSymbols,201.1
5335,aky%~NL|7L+%c?!zYU}[=D2xps)<3=@&,32,alphanumericSymbols,201.1
5336,"{|CN?xx2wrjRDVU3s4+x-#,RKR>Yu>@.",32,alphanumericSymbols,201.1
5337,"]:t:.FbdyjdPsDc%9Q-=dH_qq7U,>Wg#",32,alphanumericSymbols,201.1
5338,?2~@tx]-R!K]N)j^PAg-*h&gM_@(.mxn,32,alphanumericSymbols,201.1
5339,"D+cA,ct,cxZCK:fdsnQ%r)y]m27K@nD-",32,alphanumericSymbols,201.1
5340,rw(Qd[<@!?&<-%LvsJTw*a{q(sF&?3p>,32,alphanumericSymbols,201.1
5341,=-CK#gDrM?Pck4^w2Xw;+pw{=DvD}@+e,32,alphanumericSymbols,201.1
5342,"mmgzvLCbZ{hLa@bNH#.Jf<{pNR%M_,FL",32,alphanumericSymbols,201.1
5343,7Z+U}Y+hTpKwRNwv+Y/gqeUvN!3qEmgF,32,alphanumericSymbols,201.1
5344,93AZ!F-+i$|Xn&#V<nN:ZRbkMR+PC;N2,32,alphanumericSymbols,201.1
5345,z?NcV>TyhDmJQZ<2E-L2Tr4q$-4A.p.f,32,alphanumericSymbols,201.1
5346,"M/U/9R%@3h^Je^vzg(~*,Hyd4(74~rk?",32,alphanumericSymbols,201.1
5347,$%/Tt+ARHdL%:k2Pcb^z4P(bD_<x^#Ys,32,alphanumericSymbols,201.1
5348,X_FLQ>?3rV+iJ=Y{_j~m<]xaWFPixxqJ,32,alphanumericSymbols,201.1
5349,b7bqrCpysk;(Jcbt%qC9zqy;Wn%btT+d,32,alphanumericSymbols,201.1
5350,WQ}h&f<~Ajs|v2^P7HM4gfb32Rz9&2zU,32,alphanumericSymbols,201.1
5351,"H@},x!m%;#4FFwaPqKg*kHR3{uHTdP@k",32,alphanumericSymbols,201.1
5352,pUqM*9ka;NdEa.ZQ$Yxd?{s%F~M}U%Z$,32,alphanumericSymbols,201.1
5353,RnnQQwZf.];J_EPi}%u!;;%=2tLPDZC?,32,alphanumericSymbols,201.1
5354,"Vks[y(j=Y|Q#{}+,y#!$hbu<+_*Y#;VN",32,alphanumericSymbols,201.1
5355,",]T<c@e%thb>t|m;VJaKK#v}CAEd-_LU",32,alphanumericSymbols,201.1
5356,_h9g/jfygR^ME92f{RNetD{[ezm&>.L$,32,alphanumericSymbols,201.1
5357,a=ek<YNqs>@:gEx2d%3wLgdLb3~^y/XV,32,alphanumericSymbols,201.1
5358,psC{M}$i{]m_$ZaAr%?$)]Aq&E3W4[L=,32,alphanumericSymbols,201.1
5359,?7L94(npj}tUsx|[j=:kku*VQe|r+!Ys,32,alphanumericSymbols,201.1
5360,MYi+ua*xdE3=H*%Uy%LyCCKeQ)x+W@Vs,32,alphanumericSymbols,201.1
5361,{v=MJx_zifK<tZ2TW/m%J)^@qVaeL:*y,32,alphanumericSymbols,201.1
5362,"myu>P]Pt*}v%<,Tk;pzZb)fr!X&{-VNp",32,alphanumericSymbols,201.1
5363,"cZffT&mhrc,txPu%Fgz.p9^gPV4V!,X)",32,alphanumericSymbols,201.1
5364,A-px)|W[!FKabLd&|Y3db/td4Cs%K#mi,32,alphanumericSymbols,201.1
5365,>z!#bYr<g/)<DcU3XEgFp|E3%nn+t4$T,32,alphanumericSymbols,201.1
5366,.Ryh}jjxx++HzDY=D[ULHvb/k(%=~v-^,32,alphanumericSymbols,201.1
5367,UN2it3Zbr}nbJK{r}qe:kbm&NAQHxk_s,32,alphanumericSymbols,201.1
5368,&(p}Tp{(Zef^/uPCY-{]JtjFxL+wE&^s,32,alphanumericSymbols,201.1
5369,)X$q-T-iFQ)qi9:t_:2VQUw<?c2(zRE.,32,alphanumericSymbols,201.1
5370,bNa79sVAL&-d}pD@(9$&#7vt%?^R&pkQ,32,alphanumericSymbols,201.1
5371,">_;trubi<wFYjQbT+?g,_#fe_T._V-wD",32,alphanumericSymbols,201.1
5372,UN;gK*T(}nQt^sr.H?XpJ=ZY/WU-gZ?f,32,alphanumericSymbols,201.1
5373,";~)iP+a(L,.?$C^EN$mdd&):X]kUa7m/",32,alphanumericSymbols,201.1
5374,Y7wM:^x9*h+w?J@{e[2+2wLki!~vMZ(&,32,alphanumericSymbols,201.1
5375,J#(d+7g!C_&b+V%yQ.?[PzxhD[(@af7&,32,alphanumericSymbols,201.1
5376,"qA>A>JeaW>7QCXWpgHyeH?ee*i,{Zm.>",32,alphanumericSymbols,201.1
5377,"U|;f3EHFk#N?cesKPC,xt|;Pdxp,u<ka",32,alphanumericSymbols,201.1
5378,"C)3Z#~~Wd.),nfi(/u@>2ksv&zv|fx<w",32,alphanumericSymbols,201.1
5379,-/QPr.CuQ$d9FtfF9tdX*?uvn^gVbMR+,32,alphanumericSymbols,201.1
5380,"c*fVh?,@37Z&[?eu-cMqFkqR*cV2n&cE",32,alphanumericSymbols,201.1
5381,b{CV&nJnzgTZf(AVyjrca;+McuqvDU*?,32,alphanumericSymbols,201.1
5382,fE4E}+utDj&eZb24[djvQk=nv;-Z!Ny[,32,alphanumericSymbols,201.1
5383,@(tT|s.{]7a^3+9D&E)krHvcg*?EmmJA,32,alphanumericSymbols,201.1
5384,?b!r[JUm+%|m73p7KCjHNyd4{s&3t27s,32,alphanumericSymbols,201.1
5385,s^V[4q|kjEAAj={V&(Dz74<#X?Z4wE<N,32,alphanumericSymbols,201.1
5386,|pLr3|a;Njbf_Ep$Q{*?^4xp-4PAn&]&,32,alphanumericSymbols,201.1
5387,nhiY#k|E3YU>V.W9aZ[)}J9E2Zrd*7?W,32,alphanumericSymbols,201.1
5388,>uhaQVHZKFe}{q7**x4ZwkP@(md>;9Xk,32,alphanumericSymbols,201.1
5389,2<R2A}HPD-h_!EFdQ=iZqnj=~xKAk|dC,32,alphanumericSymbols,201.1
5390,(P?jr#j&2!Nv+ku/?*_bb&mj-sgq)?<m,32,alphanumericSymbols,201.1
5391,"Yg%)X#f_jz{/,[YH4z(^v_P]?Pjjq^uw",32,alphanumericSymbols,201.1
5392,CZWz@f&dJ%}_hy~.La9)@nwV:4aVj!)a,32,alphanumericSymbols,201.1
5393,VL(EP{xsMQaMYk)c3@zT&AW=jiCWTC%q,32,alphanumericSymbols,201.1
5394,"<kqxn7w=up:,,|tH{$3DzrEg<cY>Kfv]",32,alphanumericSymbols,201.1
5395,w.D[.C()a)Qev<EWX;yD!3p(D.*?jR>c,32,alphanumericSymbols,201.1
5396,3>@!L#|J{sW=</@ujrEK7tXRP}&qt7wE,32,alphanumericSymbols,201.1
5397,"Q~J%#!VNH(C>@>%#}~#,ggXy^y2$v/W/",32,alphanumericSymbols,201.1
5398,"K?T3NC}Tb4WH:,##vHHg9;-XeP(9z7eA",32,alphanumericSymbols,201.1
5399,"-e@~P>tk]ij9%]Ms|U{WqE)b?JMgb.#,",32,alphanumericSymbols,201.1
5400,[.qAZKafdbu-|=*c}|}K+|[J^<Q_-U}:,32,alphanumericSymbols,201.1
5401,LZ:K@b[R^ETpNcM2f/L#hUZ9MbtHi=$V,32,alphanumericSymbols,201.1
5402,V7/vcLA!?vcKazm/*F9Xzv+uKs(fuW}k,32,alphanumericSymbols,201.1
5403,"!,=HW^ZX$rY$2aX%xKp,Jt/P!W2jW2;7",32,alphanumericSymbols,201.1
5404,?^dwpzuh4Cx*hkJL{2WX/3x*w{Y?H)mn,32,alphanumericSymbols,201.1
5405,"r/|>;Jw,c7[RY~%j!kn2JaW%P<xZdFM$",32,alphanumericSymbols,201.1
5406,CyE3E74j]99bwru&_%wm_gH4zhqs{C;f,32,alphanumericSymbols,201.1
5407,yTA[:4(4|L~)*urPqw^7)7ft74yZvxRd,32,alphanumericSymbols,201.1
5408,dzz;_H(iWThi)y)2#<u&djx23@PNwVT},32,alphanumericSymbols,201.1
5409,.}R4U+}xHWz*NY#&>C&PnNLgi%Ctvr%9,32,alphanumericSymbols,201.1
5410,(njf(v=Uuk__h/up]d:>+F*X>H@^g[jd,32,alphanumericSymbols,201.1
5411,fNaM%fEE>k-vMsK:hH+vV=x[<4eYC+He,32,alphanumericSymbols,201.1
5412,./{)rg2TgR+g&@w7!YXjFT3=*RQ(W*@D,32,alphanumericSymbols,201.1
5413,;U):n)tH]RC)ZjFDF&<!vP?;LxJb#-TA,32,alphanumericSymbols,201.1
5414,"N#vdJhnL-^zM<aX%(%st2#s*NbK,D/g@",32,alphanumericSymbols,201.1
5415,"d<^>|APHeb!<aJ*{,:kbqzJa[jVQcx(!",32,alphanumericSymbols,201.1
5416,=#D+Uap/+_fbDE!>(4:(]x.ei3mD=u7A,32,alphanumericSymbols,201.1
5417,pgAt*mu)uAA4R*]apsy*g=?vq[Y)hbp@,32,alphanumericSymbols,201.1
5418,"jvfMxhuTTpVE-ig>{_amuRF,dZPDsD(i",32,alphanumericSymbols,201.1
5419,"3}PM]y(tXv=QmktA[uCFfqXCA3XJ[,U^",32,alphanumericSymbols,201.1
5420,"V:&FuDWaq&|L$^mvtug},Q>unm{-nXw&",32,alphanumericSymbols,201.1
5421,YK(2<FCze;eU~Z%-jV$-&HE@LtTA(]np,32,alphanumericSymbols,201.1
5422,"k~rnE!U)bxg|CLh.=?,-{7j7+_eVyi>d",32,alphanumericSymbols,201.1
5423,7UCQE?ZYm9pkzzs2K)#}3@tV4fuJm}~U,32,alphanumericSymbols,201.1
5424,",)X@D{U4<E].FrZ)Z}m%+}:{qmeEbn}%",32,alphanumericSymbols,201.1
5425,WqT$DkNvPd~%C$czvLP(*(uc(!We.s(K,32,alphanumericSymbols,201.1
5426,qE^AR%p4LJxpWg(@.]?n+K_skQaXVfP2,32,alphanumericSymbols,201.1
5427,"7Y,Xj&H[J-z4jc#LVr2|&=t4$~Vip]C)",32,alphanumericSymbols,201.1
5428,"Tdc_q[&ek:L%E,Q;E)Mh^b=mau)p_QUd",32,alphanumericSymbols,201.1
5429,TdN@9Wdir3Ckx4bf[QEA4m]bKTKJi=NU,32,alphanumericSymbols,201.1
5430,x={%LM]_-L.Avr~*m~_D@)f}YYYi2L7W,32,alphanumericSymbols,201.1
5431,",*YQ3~d)ju_rh44*e$@-vDkqx?}F9P&}",32,alphanumericSymbols,201.1
5432,"Mc|_;[[Rqs,n[nY+!q$ZV^^7=qsw%NJ*",32,alphanumericSymbols,201.1
5433,".zZRwea^Q*J!uwnz,Tr|LJvgR=Auv^W>",32,alphanumericSymbols,201.1
5434,"TvraLR$^Qi^y:E7^~AL}X,9@VK_h=W_T",32,alphanumericSymbols,201.1
5435,"F{}T,/hXF~_F?b#}^<:4E|C;<w_(vin,",32,alphanumericSymbols,201.1
5436,gH2:T{4v/M[3U@e~>NsCjk)/<!{/{D4{,32,alphanumericSymbols,201.1
5437,"x-A,}}cg+Fr{WEhCQ}@)4KrsRJd{LP$g",32,alphanumericSymbols,201.1
5438,|LZ2a.wm9w4(RTmR+-m%Ra:2_z}U)e2L,32,alphanumericSymbols,201.1
5439,c+v_>LKEfg?v?7y&xXPr#?e4iDy)J+)*,32,alphanumericSymbols,201.1
5440,"x.zUg_^Rn/Cq]qNv{gAzH,{V^Xi~}2mx",32,alphanumericSymbols,201.1
5441,Jw4J?]f*zRZt3@ERKUP[_.bzf$%FXj^W,32,alphanumericSymbols,201.1
5442,">&JY+zy+Av,VfAapycR>FaaCTsMyjR)s",32,alphanumericSymbols,201.1
5443,+DC2)TJvrH$QWu;+a*PVzmm[HKEm{xd!,32,alphanumericSymbols,201.1
5444,M>rie/frdZL%Z!:Ky:Ac(D(t9@EX@Y}:,32,alphanumericSymbols,201.1
5445,e_W{Pu+rLej|JZq_DeL2+4nyjj[/RH/L,32,alphanumericSymbols,201.1
5446,"V,49whb>=i4dK;fY{kqyL.>Cuyi>e@X;",32,alphanumericSymbols,201.1
5447,E:{:d{H&zKA!T<&xfg^)_?K]<h^NA)$b,32,alphanumericSymbols,201.1
5448,"LrkJst*~zkA,nCV<+|$m2r[u9Lg^kMwb",32,alphanumericSymbols,201.1
5449,VsE_2ZQZy^qTyc.t9PcM}eX)nL_Y.!bM,32,alphanumericSymbols,201.1
5450,"r|&ECVEK2QZ#4,F$}Fv;sL.#m:{,;H)v",32,alphanumericSymbols,201.1
5451,{Mc+h7?&t9mCi*iYm[n+Nx+DU(Uh]>(4,32,alphanumericSymbols,201.1
5452,4?w_kRWMii?Hp7tRz+mvYg/(L*}q%.w.,32,alphanumericSymbols,201.1
5453,H:=?trei)Wbdamur!.vhQ3yq+WUrmrV),32,alphanumericSymbols,201.1
5454,"u|!)aq!ZZ+#]!n4}X,*Q<q^:4|qm7H/s",32,alphanumericSymbols,201.1
5455,"7s!dc/*sRRtv7<#,r<UuWQJ;*mpfe2-e",32,alphanumericSymbols,201.1
5456,"X-%cc?Q+Y*h{~)d4M2zpTqkY{tt@#,kr",32,alphanumericSymbols,201.1
5457,N|C>%e>{|PZasTha@YDfj;Z$Y&3F9hjm,32,alphanumericSymbols,201.1
5458,4gpYj^2qwvCmTcci)<TaAzPFt|(pwZi2,32,alphanumericSymbols,201.1
5459,"W32,+NA+(ksE-jJ4qd*2=^#_KzE-b&T%",32,alphanumericSymbols,201.1
5460,JJUT|~3.Y~;cp^shy_MMnmpu~N4!}s]a,32,alphanumericSymbols,201.1
5461,/FU9N!;s[<eVxLxDa$Uqgn]e&mw3Mk]],32,alphanumericSymbols,201.1
5462,Z>A2hM[ZxR2L4cx>!^Qfu^TJyjF^k;rz,32,alphanumericSymbols,201.1
5463,w|2^$i&PLV|s2crdzXQ{+pm=(bmWAWhr,32,alphanumericSymbols,201.1
5464,;{hT9@E:?PRP%L+CXT.{mFTwf.#rkNxF,32,alphanumericSymbols,201.1
5465,E_a3q~C./x~:_/WRzCyg7t3Eq>bh!R&X,32,alphanumericSymbols,201.1
5466,MsRq:La^)P/+<|%h9i]J)zD?qj&b}+?^,32,alphanumericSymbols,201.1
5467,g>%{!eU^[[N]dd%D{mT.s(RVvK=vq[_),32,alphanumericSymbols,201.1
5468,#F-#?ndL<b{mU*pdp.r3Dmn]mMkRF$RF,32,alphanumericSymbols,201.1
5469,"U+,,k{L_-w=.,Eye_TUg>ui-UW%?QT,K",32,alphanumericSymbols,201.1
5470,">xA7[Z,da]_~LYZ?ct&$NE9Z2/W4hY~p",32,alphanumericSymbols,201.1
5471,k!iyd@pdD>CjyX2k;>jLEhK$<})AqD#j,32,alphanumericSymbols,201.1
5472,EhDdD>_JM!4x~(3gKeZ=)j+@E/cd3kDf,32,alphanumericSymbols,201.1
5473,2a3YaDNh?~Ri;x*.*%]Twx%+-^T$4_aW,32,alphanumericSymbols,201.1
5474,p[m3Zi@7>TDXhrpMC=/C)buxH*p|J[Ca,32,alphanumericSymbols,201.1
5475,"x9R]w,eMT:;Z(CKkup3F@AC,@!?~.n_s",32,alphanumericSymbols,201.1
5476,|[yhqUY*)4fdTY)TLr~^%)w?!]CWZxHh,32,alphanumericSymbols,201.1
5477,afD]n=]Wa&FT+XbmfhN?d-AKpR[wNh**,32,alphanumericSymbols,201.1
5478,"(M+.;UJs,WW]R=Cfg7prQ3(xCKh_m?&z",32,alphanumericSymbols,201.1
5479,A;JtW&?7@@d=eQ_%jfxNNN~xv_#^D@dd,32,alphanumericSymbols,201.1
5480,x&ktJX;AiJdpW#AuW.c-y%<:jC-?aFUd,32,alphanumericSymbols,201.1
5481,A@F[}-fA.u(nKZy_]^i(As.}:!Zu%x/],32,alphanumericSymbols,201.1
5482,"](FZd]=,~<Z|^uU$v97Zw)eP*Pr[NpM]",32,alphanumericSymbols,201.1
5483,F)2_[A||(bR74.wN<~:M!=Rak$Mj*:pu,32,alphanumericSymbols,201.1
5484,"]iV7w>dKAu{x<,<hp2u_9a:q^;ziV,4{",32,alphanumericSymbols,201.1
5485,"N(kRJ&7(WW,zXb2?_Au!~|[W_-Nbf4XK",32,alphanumericSymbols,201.1
5486,"wW+!>Zjy;hM,Z3{nfqQe;X%M-AdJ#m%i",32,alphanumericSymbols,201.1
5487,{v@7w?mprh{7#_YJ[h4]mviR;b#g?zMJ,32,alphanumericSymbols,201.1
5488,)r7phP]&b$@TT[!z$yE%/%DwjVheY2iR,32,alphanumericSymbols,201.1
5489,gL?Vmm%grDrfF(D$J(*<ub)*t|~xN[4@,32,alphanumericSymbols,201.1
5490,giWsr/2u;x]<&[H&v]..vg/>n#EpL3|N,32,alphanumericSymbols,201.1
5491,"^9D,#%,ZZ2$*,PXf=JM@DFRAA4QfFd^_",32,alphanumericSymbols,201.1
5492,sM{[(]/RyA!a3WX:fA[x<7mW9dJp~4Qt,32,alphanumericSymbols,201.1
5493,)rD4(F(_g)+#;Eh/&=;TVQEq&mqQRR);,32,alphanumericSymbols,201.1
5494,*:(qx#;X*+q$i*JE7Q((^9L+4=p:K%3>,32,alphanumericSymbols,201.1
5495,"i3qH^)~_KxZ_Am2#Pj,K3d9g9henNX:}",32,alphanumericSymbols,201.1
5496,#[HwZnR~DhCwsE;fLsU?Z3vE<{Awp39W,32,alphanumericSymbols,201.1
5497,twK_KU^zsf:9?vQqa2{zY#sf#e(V*xPt,32,alphanumericSymbols,201.1
5498,+Rp>w?<|;!#ThY3QZ743+iZw*@+&|9NZ,32,alphanumericSymbols,201.1
5499,"2n+pVUXQqMyyfNu=L:Zy^+K}d,Lc}L@#",32,alphanumericSymbols,201.1
5500,;Z{[(dN9Zi(-!h[c>vFgCQYhAF>kTLey,32,alphanumericSymbols,201.1
5501,juAFHf-i_$cb#f4x)yT*Jprx+CCgFA}!,32,alphanumericSymbols,201.1
5502,"UxX:XAg{JF2%.K,g$[%b?*Y+$NE>]Ja|",32,alphanumericSymbols,201.1
5503,d>M$%@vAiXk$9tx[R??dny&zNCQb:M-m,32,alphanumericSymbols,201.1
5504,zU/RLs>J#X?Q!tD)c~<E)}a/=$rTU7&_,32,alphanumericSymbols,201.1
5505,~^Q]:^.;u|ytdu=aa%k*RXN.s=@Yt_w%,32,alphanumericSymbols,201.1
5506,W(+q)/#KDFgtuAf^[jy>U2wy#<mN~(]P,32,alphanumericSymbols,201.1
5507,+.wg$f=Qpu>+bVVw[jgAYVmFV]<zEhDu,32,alphanumericSymbols,201.1
5508,)]JHn/yP~L;C.q&e&q.+FDaE)v(uk4DL,32,alphanumericSymbols,201.1
5509,v!yY|Q^Zj9pkdz(%4W#urX&g[.;/{U]>,32,alphanumericSymbols,201.1
5510,e&a|zc/F.gAhXq/{*!fUg-:dMR>k:ehQ,32,alphanumericSymbols,201.1
5511,"mLW.P!q9s,vHJDzF2*Fqy-K#f]]~F/.V",32,alphanumericSymbols,201.1
5512,i9Mia<~M{P@bA&-|EYe)#f&XE^vp_{.F,32,alphanumericSymbols,201.1
5513,Czpcg7_V4gg<*qf$?JmtWJuk@|Ru(cUb,32,alphanumericSymbols,201.1
5514,M<L4*n~e@HU*wZK.]!R)d/k4gH.QK#!(,32,alphanumericSymbols,201.1
5515,"&m+guscms,hVz!x|;]#gv[@CW&Ynjhc7",32,alphanumericSymbols,201.1
5516,m{ev#3+FX;.~MZzyH43tkxmuE~.ETrVr,32,alphanumericSymbols,201.1
5517,"ukVWi-Pi_QW%X},@>2Ct~J2gp/J}c>k=",32,alphanumericSymbols,201.1
5518,Y[Lj=AWZY&_%^#|Q}>M&dvK!XTg+U/$j,32,alphanumericSymbols,201.1
5519,)!Z*~hE)ky|c34f#n-khU|-Ax79{(F@k,32,alphanumericSymbols,201.1
5520,n%Vth#%r>c^z_#whXV|aUzUf=h;kFLLH,32,alphanumericSymbols,201.1
5521,/{AmsF&TcW?sK[da[u{r?=[dz!<tzQM;,32,alphanumericSymbols,201.1
5522,=4<rJ@|:tCCJ;jLD>PvDeqL)A/T@z)3},32,alphanumericSymbols,201.1
5523,~yvR+R@kNbVs%/)!Hbpr]4b);3AtREb?,32,alphanumericSymbols,201.1
5524,"iw=M,<;qzEJf(;&)N~.T;N;UcPKFmrT)",32,alphanumericSymbols,201.1
5525,<hRa*fZf9/U[vXMc%r/TNgF+!ze39-AN,32,alphanumericSymbols,201.1
5526,"L3,7R}<{FE{-RU+QVUDW_rki|;&)c$9H",32,alphanumericSymbols,201.1
5527,xz+J3-b=Pz2h>KU>eJh+^pEZYWr9K;r(,32,alphanumericSymbols,201.1
5528,s)@ie^A<D<j+N!g^</!sr*WZ|;3@dAvh,32,alphanumericSymbols,201.1
5529,@wM7dR^VveAYVh3D@7rLk:v-{7^LE;m},32,alphanumericSymbols,201.1
5530,"-c,YWcfwRiy;^*9$w7ZvV3=A;,FktW|C",32,alphanumericSymbols,201.1
5531,uANv9m3Cx>nk}==JC[YMMtkXH2ug>iif,32,alphanumericSymbols,201.1
5532,"QdYybP(+QwU,N)h*f9-u{Z/|L]-}XbpT",32,alphanumericSymbols,201.1
5533,<}P^:iEf!^fRVPcg?e]##]t|T#j]2+3H,32,alphanumericSymbols,201.1
5534,z@t@;$*psT}K7Ejb~fW!ds4RTjdg=$-d,32,alphanumericSymbols,201.1
5535,"=f4+iw(U[J4L$|a%z:Di3**&Tb?Qz,sw",32,alphanumericSymbols,201.1
5536,L?9e&MsYMfbXP+{]CL]%zg[WZ@gq[t9),32,alphanumericSymbols,201.1
5537,=^wN3%|uX3vs3Wa_/-:>U]N|#[NZP[7Z,32,alphanumericSymbols,201.1
5538,",(RTmkHt:f}d(d#qMT~~L]_7N*a(:M9f",32,alphanumericSymbols,201.1
5539,"-+W)K^qH2C^k|2tA~uAqH,.-hcsuj=T&",32,alphanumericSymbols,201.1
5540,"k4}td|UJm^[ha/!x#!V,7}c_gArJXk[y",32,alphanumericSymbols,201.1
5541,eR/LKXCiWL:p|#m[+*@{Aqvc^4X#VUm:,32,alphanumericSymbols,201.1
5542,"KZV,bb$MQc!!H=}h?hn;_?7hry2NVsQ]",32,alphanumericSymbols,201.1
5543,u^4iK<ziCVMhFk#;K4Pt|xwg7?DT=F(y,32,alphanumericSymbols,201.1
5544,"Pb($b_iU+![fwk@c+y*^ARu~,Emd3%!%",32,alphanumericSymbols,201.1
5545,Aywe)=+3tMs@3n-9&^;3_WM#aqas{ekd,32,alphanumericSymbols,201.1
5546,"~V><,27,[AJy7yr/fxiJd.eeg@zMFp^Y",32,alphanumericSymbols,201.1
5547,(-re_s}(23|[*jC9]de.Z*c=.]z9|;xx,32,alphanumericSymbols,201.1
5548,H;]|H=V-_>#ehp#D+jE_E9A)Tp+=-^?3,32,alphanumericSymbols,201.1
5549,"2NiQ*[{_#PK)2VnC;,|PrVqD$+.4C-.&",32,alphanumericSymbols,201.1
5550,"M-W];WM;qNgU+*h[sE,(p<!+e~g~X+m+",32,alphanumericSymbols,201.1
5551,CtVX$4^:7-nin[2f<#W~e#2i<P4Z.xn!,32,alphanumericSymbols,201.1
5552,"WN7.9DA@Mf}$vqp}Kk:,%d?TPn+&UM3x",32,alphanumericSymbols,201.1
5553,"g^hf2,e/2s$j{4Q!NM>2H^C4z(gh,{T-",32,alphanumericSymbols,201.1
5554,anhngf;uQjMCW@Y9#sE*K(KC>;{_[JNk,32,alphanumericSymbols,201.1
5555,"iM{v@jvAm-_)]=Q^k>,pu24n.q&a?Ug(",32,alphanumericSymbols,201.1
5556,4MdY>c{q_&;/%a[QCi{EW/#>&44@HE;+,32,alphanumericSymbols,201.1
5557,"K|KT-NLXzq|Rp.,&Z</QNgCWgxEpqW=f",32,alphanumericSymbols,201.1
5558,m$%Z/|s<w:Et{(:9ZYv^x4c|&FPXEqn*,32,alphanumericSymbols,201.1
5559,#9PzTHcYw@YpL%YH7Ezgg(DdWzac#4rY,32,alphanumericSymbols,201.1
5560,a7Ak;DExTMh7D%[A9ci=KLF+F]Lz4[e(,32,alphanumericSymbols,201.1
5561,"3R%Qw,$*nU,U4nv_QrUw/Hz,;7;rf/4?",32,alphanumericSymbols,201.1
5562,;%t(})nZr^.-FF7z9+z<3:hEg$YLYDy~,32,alphanumericSymbols,201.1
5563,<[F.dL7c={d%f?Vd|!|MQL)Kdb}adspP,32,alphanumericSymbols,201.1
5564,"n/Kq9U7a^prM2Xg//3U,(n(A<xFe_h%d",32,alphanumericSymbols,201.1
5565,"]s;Y)9j/]@ZHu$pPu2^^RM;af,Nb4=}w",32,alphanumericSymbols,201.1
5566,fZpD>$>Hy}W{+aqr!i@n(nxLTHgX9*C%,32,alphanumericSymbols,201.1
5567,u%R)D3ZxXT(#~P@)2n*W(z~]4/ktE:=-,32,alphanumericSymbols,201.1
5568,"L_kb<]zx=&w7Ws(|muQ$WD!yw3$Ly[,y",32,alphanumericSymbols,201.1
5569,Wa=xUF&7@%peD)=gyCM&qd(fYsW9h*n7,32,alphanumericSymbols,201.1
5570,:2wzW~9!:9%pxeAwffM;ZNH|}!f9?Ad9,32,alphanumericSymbols,201.1
5571,"u<Tj~@QDX3f:X{),K_n~uZ=Q:$9d[)i}",32,alphanumericSymbols,201.1
5572,=?:aJV^{]~Rqq%t)HLxfuhi($Hf7+xwN,32,alphanumericSymbols,201.1
5573,@J3y/}ywLvh.bZD(va9V>Udys-A@:{?;,32,alphanumericSymbols,201.1
5574,E_vPN^]ZysQ-@k&^AM-}kwvQzr49}p-L,32,alphanumericSymbols,201.1
5575,"CHn(vb77;h-P@2qz^cM/&kVUKd,bdr=g",32,alphanumericSymbols,201.1
5576,U{u-JzjCK3*#$k#KRKwPpz~<=;+7~.#$,32,alphanumericSymbols,201.1
5577,mq%m</$#3EEPek{Mt]=|[}-LEUZf[)~:,32,alphanumericSymbols,201.1
5578,v}3/y{DRi;q+%Mv~N$>Lv+D[+W#RXty%,32,alphanumericSymbols,201.1
5579,3.irTXhnv;-_vJuj#2s}wi9EMDczP4~n,32,alphanumericSymbols,201.1
5580,g[_kvyH(D._JVj+qV&3)wtg*n*QueinJ,32,alphanumericSymbols,201.1
5581,"~u3yY&{J,|Zb+.-K,9{(ynLgC>43C=Wj",32,alphanumericSymbols,201.1
5582,"(_~Qm%2)Lu?piYaYK,@L_A}}3,cfqNrV",32,alphanumericSymbols,201.1
5583,xeUZ[KqPH4sgmH7]MJu9n](Ei{):k=jv,32,alphanumericSymbols,201.1
5584,[:C@UkD$E-)}$A4e&gw+mRTx?-(.D;29,32,alphanumericSymbols,201.1
5585,vMHH2z{)|ca_ANa2+he^fm3Wa!gcp*n(,32,alphanumericSymbols,201.1
5586,"#QEbTD^CkUH{_-=,!i7@THE[e/x<e;K^",32,alphanumericSymbols,201.1
5587,}J2c{x?uQcvkfHX>L<Ff%K>?=fLWM*HF,32,alphanumericSymbols,201.1
5588,"WpC=QPyW_t_v?VND}?/*H}2C&eHC,+rK",32,alphanumericSymbols,201.1
5589,rAPF.Yu[Xn(P+Vbve9?fxc>h?$_X2^n$,32,alphanumericSymbols,201.1
5590,d|3*k9>}](xxVgRb]T2N]gMZ*7&@f$FX,32,alphanumericSymbols,201.1
5591,qm7g)Ax{U&]}>vva;UR.+9rQR)rum)2e,32,alphanumericSymbols,201.1
5592,C<d)UJ}Nyfa#;=^e#3@9%K:(>/-+q$9:,32,alphanumericSymbols,201.1
5593,&MAk3yWCeX~t{|}}@apK)rR)+U+7W@Av,32,alphanumericSymbols,201.1
5594,"X2,}{fF-k>Nj-~(KeC(|?hF&mt)$h#C%",32,alphanumericSymbols,201.1
5595,Zn=>xN.QqU^K#smv.&Xzakg?7(PiaH]x,32,alphanumericSymbols,201.1
5596,>aNgMb4^!zd^agciUn/WvbDw]Dpg#ftU,32,alphanumericSymbols,201.1
5597,2<4|qCHRF3Fzg:?#]m]&DVf|j.Vnj!ie,32,alphanumericSymbols,201.1
5598,|#$V.Xd%}cf:-bn2s{rpid?3#~FPN2fk,32,alphanumericSymbols,201.1
5599,"Cmq9,p&9;#=}%Hx_LCTcg>RdT,JWzz<=",32,alphanumericSymbols,201.1
5600,&;b&y7yg/CyAY*^hDsXd&.RF:?isiv;Z,32,alphanumericSymbols,201.1
5601,"3&%9fQH=&,QsdNU~(bn)qV4cu$U)D;$t",32,alphanumericSymbols,201.1
5602,"x}v/zN<x!=T;dLWbuF}r(n,T:)>rHu]2",32,alphanumericSymbols,201.1
5603,"-vUk%ghag{#Nu,/xR#]:gefj:gVi?eY+",32,alphanumericSymbols,201.1
5604,"39VH]UVJfK:-(rHcibtv,.enme+WXdj+",32,alphanumericSymbols,201.1
5605,"XNqafvwgN&/qUrTe!asXgE9R&T&yZ,pd",32,alphanumericSymbols,201.1
5606,"i?%#<_>,*^C[-RT%-sULVR?D{&|)ViYd",32,alphanumericSymbols,201.1
5607,.rC}iZT?Zas-MVaEDA7vCP4E[~mvW_x^,32,alphanumericSymbols,201.1
5608,VP{7Ymquv)%mh#UUiCbQ{q(f4^_K9Js[,32,alphanumericSymbols,201.1
5609,Aq{W++;}CA9@4)7W.9+N|?:Hp2yMPE3X,32,alphanumericSymbols,201.1
5610,"F+VkLsz]L2j/}(d]~Ja4_4>$[2H,kR<9",32,alphanumericSymbols,201.1
5611,"!RejqMM#b[+f!r~k]A7>=t/jqq$xvat,",32,alphanumericSymbols,201.1
5612,>r^KE^XF}+2E7QCsYui^^@Dxe7|!%dMM,32,alphanumericSymbols,201.1
5613,"%b+c?cy;N+sE.k~pXf49gFVUqH;jY%,b",32,alphanumericSymbols,201.1
5614,VX/zZdfE[{2vt$}9ZL+X:@>+$J*&kzA4,32,alphanumericSymbols,201.1
5615,"WuXY&9?,b.mp~U(7a%$9xmEg{^AL2rW)",32,alphanumericSymbols,201.1
5616,QE)jjykfhbXv*w!w@]kZkmi:@AXzd3$3,32,alphanumericSymbols,201.1
5617,;C9*h+z**[k(bdx)e;nie:tERXNaLwH>,32,alphanumericSymbols,201.1
5618,(7uAA/@XPRXJgY[J!)3nHk^cd9eddf.V,32,alphanumericSymbols,201.1
5619,$ujYAACNA]}{UcQL@.L=~{4<}9kRjr]a,32,alphanumericSymbols,201.1
5620,|KRPi>[y>a(tdL=ixy?Vavck:%r=mLWE,32,alphanumericSymbols,201.1
5621,4[Pg!~Lq|W}eF9dhv/!h&b&]]K@Rtdyp,32,alphanumericSymbols,201.1
5622,f}3@<9DzCy+*R<9HQ&?f~qkZ4rxXmi}{,32,alphanumericSymbols,201.1
5623,3Ck)&y[kCzQ%LXdJVZvsumDpDfNmx?#s,32,alphanumericSymbols,201.1
5624,"__H3$V~P,g@C/v)>#-cM.[{uda<N|/4v",32,alphanumericSymbols,201.1
5625,A?[p%mdkjYm?yVpkgjX;R2M^^/%ma%rv,32,alphanumericSymbols,201.1
5626,[cQJ39g$cUMH/#js}}?@YRxzC^^/=))(,32,alphanumericSymbols,201.1
5627,D/Mu]mw-b^@Wv?ak>FWmDZ9/Ph9ULW/<,32,alphanumericSymbols,201.1
5628,.hCVs{_?:LZA.hPEn+sWz^a=wA;QchaX,32,alphanumericSymbols,201.1
5629,i}a^|-[&DFMQ{!XYDH$R@~+Ypyx=?)J{,32,alphanumericSymbols,201.1
5630,"n,D*U=C4pW$b|Cv#V*gn+Ddpfvy#,=bi",32,alphanumericSymbols,201.1
5631,"D~,Amc:&w(#hfdze&~i(Jp9Uz+gcVYj?",32,alphanumericSymbols,201.1
5632,g~27VRk$?[.CMT-eqt~3h.b@@3gj%QfJ,32,alphanumericSymbols,201.1
5633,s@XgF&.v4#ueiNi$]MV(4%LrRyRNX=yR,32,alphanumericSymbols,201.1
5634,AE/)$~.[C/&nKvkUyEgC>[VkA.N%]gV;,32,alphanumericSymbols,201.1
5635,sLtv|rb]~Wr@s?jxE<s?3(Qsse_=}.7d,32,alphanumericSymbols,201.1
5636,".$4L=Qq7+s~H>4(WZi{K>2w,JFFCU%VV",32,alphanumericSymbols,201.1
5637,LY[FzuQvTP@F~H/;|-V!D7vdDr)[}PMN,32,alphanumericSymbols,201.1
5638,kLD/nNK3e{<n/:Lt2<<^=hc$zQ7viJne,32,alphanumericSymbols,201.1
5639,nJiUCVun~{$Lz9^HnVHzKt|E&X>cdMZ^,32,alphanumericSymbols,201.1
5640,Lk4|vw9E}?Ku(h^7zeZneY%Kxa^xUv:M,32,alphanumericSymbols,201.1
5641,Wc*F.iK!EQ9Ay^3/!:&N%>_)!v[_fr_K,32,alphanumericSymbols,201.1
5642,PYV_UpzLgf|&)7aHee=93atJP>9dF*qv,32,alphanumericSymbols,201.1
5643,;&Pq+n33Zav-V.PJ$-N42x<qcxtC<X?J,32,alphanumericSymbols,201.1
5644,"Y,f-x/!7YxV7?hEY]*_.,kt/xm]V>@)M",32,alphanumericSymbols,201.1
5645,"P^)3WF~f3q9X2=Q-XC%m,42;[^ve2:.U",32,alphanumericSymbols,201.1
5646,ThCmU]vd2^H]$[3tb%+zb=K@wqJ-igeK,32,alphanumericSymbols,201.1
5647,$d|{@KH%%ZzA>T>2F-JvPF>9~L[E$bxY,32,alphanumericSymbols,201.1
5648,H=tV<VWxM*N-9hs~)hdK@xJKvN3=Jy;m,32,alphanumericSymbols,201.1
5649,4gcZka2;$JeT.HXNR?4wqWp(vr|dfm<W,32,alphanumericSymbols,201.1
5650,Drh*Th!2U~)Ty;aP3rx!ZPTW</D3ryRJ,32,alphanumericSymbols,201.1
5651,Vz|mzDFb3pm+3@Ewu}yahAvqAntky34>,32,alphanumericSymbols,201.1
5652,Tw>Wya2x&)!pd]RkRf.#k{s{U*v3:Ts},32,alphanumericSymbols,201.1
5653,",k=h!MwPdPxCQ@w_>#iuM]{LkK:+e{7Q",32,alphanumericSymbols,201.1
5654,:Wq^J=d9Yp@ikb9eFVU%=_|AvbEgf3d4,32,alphanumericSymbols,201.1
5655,",tj=$H-QKxuj(qAch;FPeUqs@qrT^t2V",32,alphanumericSymbols,201.1
5656,"~=%tz}*V;;A%Pztke=-J/-}AutPm,dn%",32,alphanumericSymbols,201.1
5657,tEfiHHhxW-3@R(Tm~ziFg[{.@VJ7Fqjk,32,alphanumericSymbols,201.1
5658,"m-={DMr:AMU&AW~,3@U}s}h*T$ME,f#~",32,alphanumericSymbols,201.1
5659,Lz-[W^Jr}VtQs^ZyVp@hxPx$~-a!xT3i,32,alphanumericSymbols,201.1
5660,"2;*Q(A4Z|;@X|fe*2|f:$;M,uu;<zE9A",32,alphanumericSymbols,201.1
5661,Qudwt2D|W|s}&@)>W!Px(FJ+E-+J_M$4,32,alphanumericSymbols,201.1
5662,xbsM_Wp~a<s%vc2sxL!NpM4&tD~rDXu},32,alphanumericSymbols,201.1
5663,&dC4fbL&RCWq_a+AKT:(]>i+&34&J]Vb,32,alphanumericSymbols,201.1
5664,|c.=ea$Fx;t-mET?RbRg/P^F;F_D@}tX,32,alphanumericSymbols,201.1
5665,.X43j)N@RpF%s+aMkaKJ+n)=}wx|U2uD,32,alphanumericSymbols,201.1
5666,E;!THHatNX~$bzE)#Y)_r)x~|tLcm|^r,32,alphanumericSymbols,201.1
5667,*qmA2s9a:m}wNi:vT)(Wh<_QmsLM7=KD,32,alphanumericSymbols,201.1
5668,"%isxz&fmmuqvTZc,%ZF>_g%|-~cmmiHJ",32,alphanumericSymbols,201.1
5669,"({|fKT:D~Q)..L{Ph_#/3,Uh^E&,wNY.",32,alphanumericSymbols,201.1
5670,c@zU}nfHr7m^wc$rM[KbJ7|9QP]HTVnj,32,alphanumericSymbols,201.1
5671,"seQD{2rCJMN)ZkiLesXpuwV~*,Z&?rRy",32,alphanumericSymbols,201.1
5672,F~4-CDP@*?|L;[xs9?ugRnfc9h4T>4@(,32,alphanumericSymbols,201.1
5673,MC7H$JAW|T;pp+QYh#%C$?*4[{i*UnC2,32,alphanumericSymbols,201.1
5674,"hH#@}rh?,}K#FJ.;4iz!$>.i~RbXT9hD",32,alphanumericSymbols,201.1
5675,^dnH)XYpe;a2h/hdf=R@!vsJh-PpNTVd,32,alphanumericSymbols,201.1
5676,"tmxTxabLQW~@2RUj-vZ[vu9K$$,,;@?.",32,alphanumericSymbols,201.1
5677,"DM,X7nyuN4iPy7rE(Hk)Ex4$9pZ)R!>M",32,alphanumericSymbols,201.1
5678,"r>m]LuAw*gLc,3x*[#uK)PMWDsZ/?qxa",32,alphanumericSymbols,201.1
5679,htui*!XJuPu+ahuKaKQ_VJHDN[9+Lg!E,32,alphanumericSymbols,201.1
5680,K_])=:x_v4e2/^$q./:iJbX{iWZ&)AJM,32,alphanumericSymbols,201.1
5681,"qq~3]u)JW/D:]$P@,]e!<x?C+7)wP+.V",32,alphanumericSymbols,201.1
5682,"cm@ARr~j+sy!AC-k,#*!wRybra;m~3iV",32,alphanumericSymbols,201.1
5683,@Ct.cX]Yw3Y-q:7J+i347#~<!m/!s};U,32,alphanumericSymbols,201.1
5684,sj~&mVLh+ti&@&Nj[KPUr?w##[?.zVyx,32,alphanumericSymbols,201.1
5685,7[+VU3i)KHvxHp}#_bnW<JVMpznwxi-i,32,alphanumericSymbols,201.1
5686,k~y>ALfsVc+C]:Z]vvi_ZP<q&T3r9FaF,32,alphanumericSymbols,201.1
5687,"q&bjqYrP(JH.93*nMt]h%K}Qj]#R,%eg",32,alphanumericSymbols,201.1
5688,-VAm/dz!i@r*;!9dX{N%u2:ivQHn:)zR,32,alphanumericSymbols,201.1
5689,|]:2qj2e[Nb2~znqACV;UjK^>%22Z[H&,32,alphanumericSymbols,201.1
5690,"!wz:tg@#}D|aiP,$xH}Kb(m|>TgnJ}%[",32,alphanumericSymbols,201.1
5691,"q,.z[U|asV9nL+w_+/=T[iq.L#$:/tVf",32,alphanumericSymbols,201.1
5692,/Y<KAM-T2^/b(zFHgpqL!N~(ch>x_f;-,32,alphanumericSymbols,201.1
5693,gCpH!Xtras~gE$/Q@C]jU_Tz|)yh&r>p,32,alphanumericSymbols,201.1
5694,/E)Jh;jpfi/n2?gwR?#u+4s$#.&kR$g$,32,alphanumericSymbols,201.1
5695,=fjhW$PJ2<}7TH^Wj]w!&NMD7M>CRVqn,32,alphanumericSymbols,201.1
5696,",rmX*a:x!D|iXQMfr4%4}k|(xYXF3r{;",32,alphanumericSymbols,201.1
5697,zDbn&RuWbWPA{qsZ73X[EL-[k}^3~uCN,32,alphanumericSymbols,201.1
5698,n?aK>NV/h&e-[a&ek=()uRuMkWYmQhLD,32,alphanumericSymbols,201.1
5699,"D:K@AL$LU#K@y-xF_$,3P~ym7>-r~&vz",32,alphanumericSymbols,201.1
5700,PPU*sa&{?K}A+]@?t#NNf?3Th(@FX=[|,32,alphanumericSymbols,201.1
5701,"*Q%#mMQ$,T3fLM-+ftMzyg)mAndkvWH:",32,alphanumericSymbols,201.1
5702,"_]4}s?@zEt=thC_KV}?.Y!-^mUqwH{,<",32,alphanumericSymbols,201.1
5703,]a2D_=#sk=RC^CyFhwqqLbdD=$#c(7pD,32,alphanumericSymbols,201.1
5704,"$,%VJq}XRxW/NdY?=(dYRp3<]TtvQNAe",32,alphanumericSymbols,201.1
5705,U(!?Tk@vA}33;YejDP$~Xbst)ueQQ{d2,32,alphanumericSymbols,201.1
5706,"/^>r]*dw}rRVFb:zFK,vUhRZh>UptP-*",32,alphanumericSymbols,201.1
5707,pQVU=Cf!P(]k><->qck[@x)f3YNMu|D],32,alphanumericSymbols,201.1
5708,"?A{UM<7R,t3|peJ!:g&&uyEH:)2j,WHR",32,alphanumericSymbols,201.1
5709,n[(U?FK<nW9F+vqV=e=Y)7<TM}~:%A~&,32,alphanumericSymbols,201.1
5710,emnAqurTens/kW#(dTg/Pj!3q]azY/P.,32,alphanumericSymbols,201.1
5711,"PHy,7{ZAJ|dy#F(x?;J3i!a~m,i^L*ft",32,alphanumericSymbols,201.1
5712,<)&]sYJ?xLTgK^.}>z&:/tJ7U3]^A9i_,32,alphanumericSymbols,201.1
5713,4yr|C;4]t<C$N4cUM!j;QZ&[CUZ3JD:M,32,alphanumericSymbols,201.1
5714,"~Q~,reUD--9buT]Am]hvJT>rwn%W7F?w",32,alphanumericSymbols,201.1
5715,9Ac_^AC!xC3w[wCbzYA.{P~uxTw_z_3r,32,alphanumericSymbols,201.1
5716,+n3TYQT&=WQF4$Eny9jxdv4hMf}:fUTC,32,alphanumericSymbols,201.1
5717,^pQ3CKXQ#Lm>j{<My_uXW*NKdQZKib}%,32,alphanumericSymbols,201.1
5718,:VfL7AFniw[;Pu/.*jAinWiLaHL@AF~/,32,alphanumericSymbols,201.1
5719,!qhym:$WycHEACguK=ciTy$e^s7[yZ3&,32,alphanumericSymbols,201.1
5720,Z:x_syvj2$9Rj;bxw?z/dbnxM9VmyKz9,32,alphanumericSymbols,201.1
5721,F$D(:7iQNC;Q_RL#N;Rm4=hCH7iVp9@a,32,alphanumericSymbols,201.1
5722,"yh7*D]n]qc4:Ev[/]+nk+m,f|e4WCL^H",32,alphanumericSymbols,201.1
5723,H|-=4pDJAke&jcFwZ*.Qw<Uq|@QaTcc?,32,alphanumericSymbols,201.1
5724,i9*NWzJrH3E@HCN{X3z)XTRRNt?{j;|u,32,alphanumericSymbols,201.1
5725,/%uN.(7mKz%!99%eUtg}<){se!u2ks~i,32,alphanumericSymbols,201.1
5726,y~A4N^%#+Z=_a.k.x!PR$h/KP3Y=++h|,32,alphanumericSymbols,201.1
5727,nKi-ihudwss@Qd2+=:;%[e-PQij${DaZ,32,alphanumericSymbols,201.1
5728,9rb_e!imv.$Ce<wW4XDrEzav;u#K=J~$,32,alphanumericSymbols,201.1
5729,"ipx^.;}N.>9@^wrc,X?tPTYDsQnrURdg",32,alphanumericSymbols,201.1
5730,"m[UyEWW;=_muE[R:[T<|*~xFD%]2f,C+",32,alphanumericSymbols,201.1
5731,^gRR4]3=N][vQYkWLac~q_($K(eW3m~-,32,alphanumericSymbols,201.1
5732,uJY$3E+?dL:7miN[}qNK!c<D)_wKm7>|,32,alphanumericSymbols,201.1
5733,;|=M&|c{pWnE}7He_|wPNgQ:r2Y.p$Kt,32,alphanumericSymbols,201.1
5734,}>hFx]_>sq@QyDF<N{ZWTm3zC<93vM(b,32,alphanumericSymbols,201.1
5735,"(<[ss|?V@C?XLb,wvRQKC-].x}vmbb[C",32,alphanumericSymbols,201.1
5736,2!)^!/#he[m#^x]jq9_{N>!f#j]!<2;^,32,alphanumericSymbols,201.1
5737,KVWAqe!MPFY>[xU]K~rH*:]{K)%iV9EZ,32,alphanumericSymbols,201.1
5738,"+9eCRPeDKnb.+u:HMuH{?4NZH3|,A[Ac",32,alphanumericSymbols,201.1
5739,"Fg/hc;MCY_]dv,Uzj&pRX9xXwpeM-#:>",32,alphanumericSymbols,201.1
5740,{.[gn4sNN74hw9U}/tN}b+sDQ}/>7(u>,32,alphanumericSymbols,201.1
5741,iE;{(E;uk3M9;gc.Ft*9V&aQ3zVi~)k?,32,alphanumericSymbols,201.1
5742,"Wcy3$k4>3<w!yC$Z,j?)yrh,2y|A9Un<",32,alphanumericSymbols,201.1
5743,h@-2Q%d^f7NFP.rgNs:c*7|#|iw]qVYF,32,alphanumericSymbols,201.1
5744,"n#~R>V)iddgg*Tf.ghQ7ynZ=.M~:,xky",32,alphanumericSymbols,201.1
5745,uhc4+{Nu.k;PPc3kh4=e%g}L(zE3Q%sj,32,alphanumericSymbols,201.1
5746,HF&A*zVq[Mt<JbR#KDLw(~Ch#Uu#7m#[,32,alphanumericSymbols,201.1
5747,P^jjHr&q3PYkRy)Xt7#sc7}]m]$cmuUs,32,alphanumericSymbols,201.1
5748,Kz+|Qatmf#f?>mZ?_w7xu$NW[H)+tzTT,32,alphanumericSymbols,201.1
5749,p+acb>RVzqJV(__?+$T_3[3+ru4?.y7@,32,alphanumericSymbols,201.1
5750,E}~a2$&q[7=+iXCv;K<$)/;T2L7-MR)9,32,alphanumericSymbols,201.1
5751,"fx4*aZJ$y}t?!Kpg7fQuy&$r]A~>,:^:",32,alphanumericSymbols,201.1
5752,]mEW[)J_t|rPjQEW%%E_buFz?:*vzZcU,32,alphanumericSymbols,201.1
5753,"(Y?e?bnH,!%J(P[?m%k:[AYM~!7}sn7C",32,alphanumericSymbols,201.1
5754,DZH)a2{e:$-w9]D~^RDTWY!4d.4a@A^p,32,alphanumericSymbols,201.1
5755,Qx}+.dX_T~wU!F);FD4+x|h;uH*A#=3&,32,alphanumericSymbols,201.1
5756,<=b}U)nn2ei:_n-|3ae+#+k(%Xp>T|@s,32,alphanumericSymbols,201.1
5757,"nsjm9pK(7cJfJ[Q]ELdh$9$,+e=rTMht",32,alphanumericSymbols,201.1
5758,"PX=Mz9sfC;/w}[,aF9kZ=bYff#mEC[Ed",32,alphanumericSymbols,201.1
5759,"Y?MHv_ErV-d-*-ezn|LW-dw,Adc+%jjL",32,alphanumericSymbols,201.1
5760,h}#tgYtXigxXu}r)@v&fJcrKt[2qN$Xe,32,alphanumericSymbols,201.1
5761,PjDmcnE9aWV&vti%<NY%TRdex?Hqs4g},32,alphanumericSymbols,201.1
5762,nV:tY2X7mkwQ_K[#QREC+}&)tE>22.zR,32,alphanumericSymbols,201.1
5763,gmx2KrC!c^&REa(_qRF/F@3e[=k$u}u4,32,alphanumericSymbols,201.1
5764,WCbm&x?Hyu}fNhQ:iz=LUqW%7LJ{K|.c,32,alphanumericSymbols,201.1
5765,"W$i({*YUt~wue>MgDh(+>ee&b.e@,pR&",32,alphanumericSymbols,201.1
5766,b~FsZ9Ug:9^>.A&fX$.T}9[n#A^Ucg{D,32,alphanumericSymbols,201.1
5767,_{!^mbZW<-_2CZbtMLH^z}HvpV+AE=Vp,32,alphanumericSymbols,201.1
5768,KuqDC#vD94N-~U>&t}XaWFJQD<+{bmq|,32,alphanumericSymbols,201.1
5769,"yWFVbDMy,j4QRENEdnd?!uKWHUF~_Li7",32,alphanumericSymbols,201.1
5770,qxwYxE#Pt~YLme3L/%KEZmKsc3La@[q3,32,alphanumericSymbols,201.1
5771,/gnsf[_*2:vNC!ZP%~n=W>DTr{Z/gVj^,32,alphanumericSymbols,201.1
5772,"F>NhP(,WLvmfr%%rsP~T.)Mq;%{r;H>X",32,alphanumericSymbols,201.1
5773,m*~.@Qv9=xT^:uFzes/P~7kHc&D>Ln>3,32,alphanumericSymbols,201.1
5774,"x*P:!rKTx[TEXE,<dUs2+]Cb2R*Fa<Tw",32,alphanumericSymbols,201.1
5775,t>-Vc|:)AXkP[u@(_YcM+?x7</Dts-T(,32,alphanumericSymbols,201.1
5776,"DLg$.Q2~f|aX>+Dgg_?EnQvg{tLj-mE,",32,alphanumericSymbols,201.1
5777,"Nq={~i{/(E%%X>eA97Z^!#Ew,_X:;<_,",32,alphanumericSymbols,201.1
5778,.m@b_}$s]zJk2!iwVJZ;K/MT2|4*=&Ec,32,alphanumericSymbols,201.1
5779,"L=.,g|)pRY){ucirr,q.;wgAhe>ggfkq",32,alphanumericSymbols,201.1
5780,N<?PwwwTqxgzs4-W~hwWvbPD~zWsJ^|p,32,alphanumericSymbols,201.1
5781,ce^2L2d44ETjK.m%_FQA[r]}:{}@*eL.,32,alphanumericSymbols,201.1
5782,&)RutYJ9)>-~zi-W|^t?HTH[yM{JgQ{x,32,alphanumericSymbols,201.1
5783,"9m&--h4nw{}HEcL_}9tX=CN-@(7i,.yT",32,alphanumericSymbols,201.1
5784,"eF#TPRW,#%Hu}<z&w&,9.bqR}Cv9pX+R",32,alphanumericSymbols,201.1
5785,"3PYxjREeUJzUiA#V#~$s4),uk^j_<-Nt",32,alphanumericSymbols,201.1
5786,|]fY+Z3qh-!j#+e{)-xh4Dr3<#)2gq|R,32,alphanumericSymbols,201.1
5787,QqJERb(V.sF77>!w(sCZuJt9zy3Ff.ri,32,alphanumericSymbols,201.1
5788,"$K37#rV_}Mt~PA,@?>Pw[M+;!49H(EXy",32,alphanumericSymbols,201.1
5789,XTr7/rAv&sV3nY7E>4wqXn}b|Ck}bbR?,32,alphanumericSymbols,201.1
5790,"Axyq-:$MX7#nU}sp:(QW,AD_$z#|@#F*",32,alphanumericSymbols,201.1
5791,"e)g-!Tki2z2ridR3VQ,_&;MpNmr,Qdtk",32,alphanumericSymbols,201.1
5792,a2qx[hnFT]H94N?3ZW|FMN/cuMYH;k)_,32,alphanumericSymbols,201.1
5793,"W!axk,Rzu73ibY%&!yFkCZAa),MX+Q~z",32,alphanumericSymbols,201.1
5794,"C~C!HzK</k>-AH;/q3[.z>N@q{;}9nL,",32,alphanumericSymbols,201.1
5795,D%kvJ$-4EXm@Q}3#^%(q<bgmcHh;CgZF,32,alphanumericSymbols,201.1
5796,"TaC>x7UDQQf2HbAuQ#f><Q,Q>ErpiTb7",32,alphanumericSymbols,201.1
5797,kuzgJD3$2aeyu&ha]*CEQjLmu(H7_-(2,32,alphanumericSymbols,201.1
5798,"=/h{^cee?M}s%zs~@U_uJJZux|,*amh>",32,alphanumericSymbols,201.1
5799,aty*=QARV=~Jetz9ML?<g9h&L+P(_CF#,32,alphanumericSymbols,201.1
5800,"wDU{nK]V=emhL$KgQt,WHM|~Y()3Hn7s",32,alphanumericSymbols,201.1
5801,"24@v%/@Z:-P9w4p.?kKH*,jC&F{}rt**",32,alphanumericSymbols,201.1
5802,b{(u+W>~i<-7HEh/&|]yC2iM%.p~tih),32,alphanumericSymbols,201.1
5803,"|P}uxbX7iN:,+ke;>Y-X%2b]3bJe}q,V",32,alphanumericSymbols,201.1
5804,"_{!mqD-KV+g+P@riF,b32Vm,xk47iJL&",32,alphanumericSymbols,201.1
5805,#Ne|WM)HZr[!<r](X|(Z]&P^z9KcqUjP,32,alphanumericSymbols,201.1
5806,"jWMb|=,V7<tA}c9{P:bh/QfJgeUCpb_A",32,alphanumericSymbols,201.1
5807,p+::/Nr&RP[*hfEKd:^!9Wp2].XdgT3d,32,alphanumericSymbols,201.1
5808,VJ~knCLiw<*qi>F:?cx>X;(.wV=%(txk,32,alphanumericSymbols,201.1
5809,"fZ,dQ3+:qE/n}E9r.-idefm<zC+(THne",32,alphanumericSymbols,201.1
5810,a:Xtwt2M[@Un2rDjPX$w!t<3MNyg>TrY,32,alphanumericSymbols,201.1
5811,"^~n2)a/neL=EhxF7@]u.P,jq$VQ(m:yr",32,alphanumericSymbols,201.1
5812,?c23}$<Z>]W$K7xLtK^WE?Ckc^/eKr!n,32,alphanumericSymbols,201.1
5813,Mzkne]yEsjLU=_)f[+Yikf7_eT-4jpRF,32,alphanumericSymbols,201.1
5814,Uc_$]R;sXh>vd~@rQ$22|Rja|Ct[QJTy,32,alphanumericSymbols,201.1
5815,Eq#wubqA>?x!r~<[Dh;)mnpjT/P&Pi(~,32,alphanumericSymbols,201.1
5816,"%3ye<m.;.==Qd![qX,d$w:bmP*3FYhD+",32,alphanumericSymbols,201.1
5817,"vn?dM,qPvZjf>,&}}(YH+4j|d|i4L>a%",32,alphanumericSymbols,201.1
5818,E)r>q7Q%#Dbv_2:{.C%Qha|~Jn>e<Qf%,32,alphanumericSymbols,201.1
5819,"J%p9~.~g9gMg?_&b,mWdg;N>9#j*hVW2",32,alphanumericSymbols,201.1
5820,"~ZMUv^3Pqp44,yEeNT[.@[XH&[m_bQ,v",32,alphanumericSymbols,201.1
5821,$Hmeb[zCdEXxunV7~<pyV&?7gr(eXf<R,32,alphanumericSymbols,201.1
5822,44[2V#|YYXwFty4yX4bkK/.)Zb7WdRer,32,alphanumericSymbols,201.1
5823,}jmn3|=ssU?/Z:wxPd)FL$bVmNmx&.g^,32,alphanumericSymbols,201.1
5824,PfwpkzAwp3QvX(hb7K~rmLZy}{.^tzuD,32,alphanumericSymbols,201.1
5825,"a*,y^[R$!,j~W>i-h+3@@,_9=s<%;xs%",32,alphanumericSymbols,201.1
5826,*K}|YAC-V4sU}(PH2.LQV72KnYk?HsHj,32,alphanumericSymbols,201.1
5827,Y3]f|+WuWHCA*;h7tqtQ3wb|a~}#P=f),32,alphanumericSymbols,201.1
5828,Z/wnv2gMmQfJ&/Va/Wb2YT@7%*+cQtvW,32,alphanumericSymbols,201.1
5829,"e?Za^b(f%x;*,9)_*rc9+}Jxx~jeFLX~",32,alphanumericSymbols,201.1
5830,.~aWmHppuUjg(wA[[)4J<W33z_;E4^qs,32,alphanumericSymbols,201.1
5831,E4nhh]:z)&pD7.7VMdzg@u_]iz%?rN}f,32,alphanumericSymbols,201.1
5832,"N>+h}s%X2YM(CXu~,_pw4D/=eyafrhN^",32,alphanumericSymbols,201.1
5833,2vhE*X:~yFZW#~!j/H7P:H|V]x]}hLg>,32,alphanumericSymbols,201.1
5834,"2vD2ty:*hKQ#=_g#k,|EfPE,>]sta?e>",32,alphanumericSymbols,201.1
5835,j{&=T{pV]nZt$<fHnUf>m&-_|sCkaFVp,32,alphanumericSymbols,201.1
5836,"]q/v~,:!-Zkxm%3=Zp&y&<*>t>sv&AKx",32,alphanumericSymbols,201.1
5837,!7%R2UCaCZ/zhPw9hd+V}CJY>NerpF?4,32,alphanumericSymbols,201.1
5838,@[|nh!W%*9YgkXt!>7xHKufj}@#q:zDL,32,alphanumericSymbols,201.1
5839,}g<Hh2xn(_4w=wpp#%+!WRJ^9vi?QhdQ,32,alphanumericSymbols,201.1
5840,"}_)]f+Z/[zq#$tr(c_J|EMjV?9W{|Q,(",32,alphanumericSymbols,201.1
5841,",~/L-JcP;Edhntr{Vpk/cDD-QK@TrTr!",32,alphanumericSymbols,201.1
5842,wMCpmYLPEqPn[Q7%-b;>FP}.u#:ipQ>t,32,alphanumericSymbols,201.1
5843,jQa/vLVx$caY^^WiAgT{KtCqRWz.NbTU,32,alphanumericSymbols,201.1
5844,"(7-/,bFYVWF[F!,PP|+i?f_cM,ai<kkv",32,alphanumericSymbols,201.1
5845,"M:E_7;Q/.Pr-Y&F9[,H-*riDiE):u2J@",32,alphanumericSymbols,201.1
5846,)Chd~hkKEx4tAie<hCj7Le(whHhzFzm=,32,alphanumericSymbols,201.1
5847,"ckgDm},=*X(*&/HewMr@A&&2Dq]D*A>U",32,alphanumericSymbols,201.1
5848,v=kY=/*y&}-zE[Jm9t(R2bL[4))>2>J(,32,alphanumericSymbols,201.1
5849,?f2h@R~;NETt[[vsgP;/44h%!r.[XL*{,32,alphanumericSymbols,201.1
5850,M2.UkY<zqgWVc*/};Z]DHXR+t+RH+uEv,32,alphanumericSymbols,201.1
5851,|?{+=R:3];WR%{zFg}s4}jUP._vj2V}K,32,alphanumericSymbols,201.1
5852,uiw;ZrdzJeN_.kcj^T&rb;g(u7P@;V&m,32,alphanumericSymbols,201.1
5853,MD4RbbUqX+v>M~Xz@AF-.A>g9q_D^e]H,32,alphanumericSymbols,201.1
5854,"v[EJ)Ci=ejP|aFg~,;f;Q{uD:;iVewHz",32,alphanumericSymbols,201.1
5855,",v{cyeZU<m}Mbn<UN]-zUh-:A+*;dJWv",32,alphanumericSymbols,201.1
5856,x[seCdcPan~+E+-Ezicph&(+W_MdYcwL,32,alphanumericSymbols,201.1
5857,-i:z_(A@{TZw&EU]wiFyyybJ_QE#g*|~,32,alphanumericSymbols,201.1
5858,"K*>d(/D3fWAZXf,q{i#pwf#yk*7{}]wR",32,alphanumericSymbols,201.1
5859,pTwW-){E4|+vF(KN]]xq*=J{>zj29L-n,32,alphanumericSymbols,201.1
5860,";-!J&+*,.ggv);_.,2s3Ny^}tbE#HKN9",32,alphanumericSymbols,201.1
5861,y#n3$.$t]N&|;hDyYyws{=Mj/fcqW.aQ,32,alphanumericSymbols,201.1
5862,Ldx7^iTnn<M(rT-*&_~~R(jd|zQYn7Lu,32,alphanumericSymbols,201.1
5863,%eF{MPXfFD7*VXQzJiRr(VQ(.c3CV|nj,32,alphanumericSymbols,201.1
5864,wsdv!$!!Qg=ecR$rw<VDUJQT*<~d<-u[,32,alphanumericSymbols,201.1
5865,"wpuT,s(}7zspHYs;ywR+jJ+Q/px_cvJ[",32,alphanumericSymbols,201.1
5866,zf_]kpR;YRUKt=HJr7(KV]F&&rMV.//V,32,alphanumericSymbols,201.1
5867,9_<g|K(CNv@ef;%2c(M&<v=m2_$R/^N),32,alphanumericSymbols,201.1
5868,9dbDmdR&x4+vNCUUx@NH9/MKz/W{j3.&,32,alphanumericSymbols,201.1
5869,;Q&bq&+V.n!V_{W/;Fd%m/vpz<nw_.aL,32,alphanumericSymbols,201.1
5870,"Cuj,N+@d%D3u(k)XJh$>E,:wfwJ9k3%j",32,alphanumericSymbols,201.1
5871,"|(-[%|,][,cYC]XU72Zy!,!,#Hz|<Nbf",32,alphanumericSymbols,201.1
5872,Nm$jeKc]3FEd-ZL2Q}ew}iDZh72NvQZ:,32,alphanumericSymbols,201.1
5873,)RV$U)NQ#vx$3*/]w&R>J]Ks}dNKU/du,32,alphanumericSymbols,201.1
5874,TA*b!]a-:-h_di%LDuZn4cR-$j=dHAQk,32,alphanumericSymbols,201.1
5875,>Py}[WYqz?/ye-aUAJ_?cE<Z~pw>||e;,32,alphanumericSymbols,201.1
5876,",|utVgp^uqTjin9<2Kj{$/(V_PKc;~QZ",32,alphanumericSymbols,201.1
5877,kdAMaeH4v?*hdwU[)x<e[K*DjsmCmTaU,32,alphanumericSymbols,201.1
5878,QH[L<>LmPsDh?bk?kP.[VN/=pvnP!w^n,32,alphanumericSymbols,201.1
5879,y>a|y~s)a!UuWNt{L9TX*McE*^uxV7;%,32,alphanumericSymbols,201.1
5880,"v/k[gD)%@F!b<,p@9cH)4&E~>>DtzUPV",32,alphanumericSymbols,201.1
5881,hus)QC7Czr>~!v)E#uq$PwvY#VgvWqd<,32,alphanumericSymbols,201.1
5882,KXt}(CPAs}dh4&7jxt*eQ:Ksq2FCw#4f,32,alphanumericSymbols,201.1
5883,"CL!hT3+*k,n/=fFDh#zWN.<|Yxd=_^|P",32,alphanumericSymbols,201.1
5884,RZtQdm:Z-p4(7A=NU@kXkxkzf2wEE|Ew,32,alphanumericSymbols,201.1
5885,#[xuCkuUp:MHwJ(}Qd|M)^Q($FZ}t[i9,32,alphanumericSymbols,201.1
5886,")es;u,z}T%i~Vk{XkJE;LJ}t{@9c*Aq~",32,alphanumericSymbols,201.1
5887,"!p9h(_YrJ%,drp_~:3}|-Zmfvt!qX+?H",32,alphanumericSymbols,201.1
5888,3e}~(gu:4MKwW_+uHZDHHRQUiCa:MAsh,32,alphanumericSymbols,201.1
5889,;jzF|aWsnrEW9rv-&.JAQad|9C-w#rv),32,alphanumericSymbols,201.1
5890,"cJfia*wf7y]QW+|x/g^F#Ts,JC.fVEk|",32,alphanumericSymbols,201.1
5891,&&TLCw]V^H3PCVw-k[#;+{UdLt4!JK7/,32,alphanumericSymbols,201.1
5892,"4Yxp(DiCm;^)[J.qzja(a4F9Y*}[k#+,",32,alphanumericSymbols,201.1
5893,"nJ;sFRQ@yd=%4%D,}Vc!XM/C3{=<e|Ei",32,alphanumericSymbols,201.1
5894,"P;PTaZ2F&Z[uJ)YveL#RX9#T|CmXr+/,",32,alphanumericSymbols,201.1
5895,m3QVEa#ve>p&4f4H[f:m.#:b.A.yH?%A,32,alphanumericSymbols,201.1
5896,WDpfyUF+eb=:.F^V^TryT-H2^fbxv|=h,32,alphanumericSymbols,201.1
5897,eP+4+</:&zY&DQ]PEaYZ7K7xs#2AYm)J,32,alphanumericSymbols,201.1
5898,CYp}EtH2R?7Dd3N~b@eQ7$<M@=4+}WFj,32,alphanumericSymbols,201.1
5899,"QhMe(>ynrjb/vN#h<,NEm2U-?>MhvsW$",32,alphanumericSymbols,201.1
5900,qbLp#Nq(ZYYZa$?N&CwD)yZsL!?f;eiH,32,alphanumericSymbols,201.1
5901,"d,UEE#iMY!)R+FRezRsfVCZv7F)H(x;2",32,alphanumericSymbols,201.1
5902,=$U]WubEAp}a(N@;et_YcpX.4Dyg[-%{,32,alphanumericSymbols,201.1
5903,"E*JRRMLa_beCaJgaK%{r,y~Y2^/Mudra",32,alphanumericSymbols,201.1
5904,Zu7+.<aZ$=c=KR4frw;-?@.N4^a<&&mL,32,alphanumericSymbols,201.1
5905,M;w^d-E9^X[A9}U)ZzL>$]kq%kqYZJ9g,32,alphanumericSymbols,201.1
5906,>K3Dae->(WL!h]>HZ+m:p}a&MNvZ@Y+X,32,alphanumericSymbols,201.1
5907,E$uAEPCW@+Nb@?/*MiD_9i-VgNi9}9Z;,32,alphanumericSymbols,201.1
5908,"b-D<iJW,<9rTa7EayFrccLmFF+PVMC!@",32,alphanumericSymbols,201.1
5909,@!W.FhFzWM-|hraEx{T%(euD&7qnYJJ!,32,alphanumericSymbols,201.1
5910,"@MT<C?m?,LYh}cfTXj[V[D_puqixwg<e",32,alphanumericSymbols,201.1
5911,-XD_x%-TkbPT@}|t$+jJ(QW$_:ub;}bd,32,alphanumericSymbols,201.1
5912,",=J#XM~~uJ/7d~VjVWVY|%;n2][Hwy=R",32,alphanumericSymbols,201.1
5913,E}!E{vi^KT}E>b_Tu:yEH=ywpjWZ=yLx,32,alphanumericSymbols,201.1
5914,"mvccH$!c:rUj/T9q3]s[}qbv{,{Ff*ds",32,alphanumericSymbols,201.1
5915,"WZXm^VhEd{zL&Mz.?2eu~d#W,])4u&@>",32,alphanumericSymbols,201.1
5916,}nVbL4zC{#ME$~n_K.&vd:nA)^Zu/nP3,32,alphanumericSymbols,201.1
5917,hhHWLm.<iV#igrZdrK[?Xkg>.M<(3+AK,32,alphanumericSymbols,201.1
5918,"f=eP/_29ZhKbjJk%zx$d-Z3Pzv$rnsL,",32,alphanumericSymbols,201.1
5919,"W4RhbC[v{${,hMe_n.)Vck>,*#wzrM7}",32,alphanumericSymbols,201.1
5920,"pcq}4#[j]kW{e!Kr>jaE;hK7Hc,C^FEW",32,alphanumericSymbols,201.1
5921,M#]RiNfU9ZN}AsX./;m|bP-.y[pU<>iy,32,alphanumericSymbols,201.1
5922,jCqZ@N>K-Cb:Nrk*x7J>*XeycfW@[dUC,32,alphanumericSymbols,201.1
5923,"^g$nADbHwahL:J+*4Y.~kPxw,gke{n*}",32,alphanumericSymbols,201.1
5924,",nXAh,nZexkQtruWNqXt_3.y~DH)d[sr",32,alphanumericSymbols,201.1
5925,"ptquTu)Z?VX&9Nsb][?%L%R9E$bVu,-]",32,alphanumericSymbols,201.1
5926,rA[chT^-:!r$csHw{bgxacTW)T<^2.yX,32,alphanumericSymbols,201.1
5927,a$.3+2e*t$F&e}%y=ayngeW2df?q/^sA,32,alphanumericSymbols,201.1
5928,.[[LC)YT2W2yX2X+=Kz(q4]d#_F+?-gX,32,alphanumericSymbols,201.1
5929,"aPx2KVZ)Tv2#[k7kLNeV_|X:s,H_%CRY",32,alphanumericSymbols,201.1
5930,nkyX+|R_M%kTKK!?NUs_hdZq-*P$./au,32,alphanumericSymbols,201.1
5931,"J@3{njZT+|j~g,@(L7?NK~McM%3nEt.y",32,alphanumericSymbols,201.1
5932,"r%DjN<!Lu;~r7bvyE!~CCCH:U^ds](,R",32,alphanumericSymbols,201.1
5933,WHauJ3QvJ3^EQZP~CiniRNE*Kc(c:+M~,32,alphanumericSymbols,201.1
5934,jkNv$xu|Fc$s$}2vNVF7WQMyjh]{+4Me,32,alphanumericSymbols,201.1
5935,9{TZY2H-R-FszXj::cQFs4|RQ=4WXgYs,32,alphanumericSymbols,201.1
5936,7Td!)eAu(Yna_d;DWkU|4g2dZ;2y;gm$,32,alphanumericSymbols,201.1
5937,vw9xCsDbz;Q~Z<3%<^%U?pikq^Fq#2rt,32,alphanumericSymbols,201.1
5938,"C]<HTpTY*(w&pJ_*uDJWQRa]-/w2.Hb,",32,alphanumericSymbols,201.1
5939,zgkV4Z)dP{[fhz!^fn2=Ck_D>u-{Niud,32,alphanumericSymbols,201.1
5940,{9g3qXx;Ft~Z^CQHaP[KEq=uP!C+gP22,32,alphanumericSymbols,201.1
5941,"w7*_M<Xt,]{u^<=K!T[$;Zz,twak/E#:",32,alphanumericSymbols,201.1
5942,>b%+{bwKX#TfP.ZKt&/4]M;#DWyYU<WP,32,alphanumericSymbols,201.1
5943,i]9Y:fXkf[j~Jg!q?(c2p&Pn}={aH):V,32,alphanumericSymbols,201.1
5944,XwXmA~Q)N=LLj>gH_>.[Jvmf2Ye}z*QN,32,alphanumericSymbols,201.1
5945,A2depyM(?)YTuJ;*(k@^mh/;n%/)/:=E,32,alphanumericSymbols,201.1
5946,{PQYL!R#ik>DwN3.+ec$LM2ucXW&kJ;J,32,alphanumericSymbols,201.1
5947,{Hmt#??u_PF^<A]a/fZHCaj_+/Y3=;ZN,32,alphanumericSymbols,201.1
5948,::$+!Q%RjM!r_frWh#2[/s+A<&NRxLkz,32,alphanumericSymbols,201.1
5949,pnELvtz=@!itHRcWuguvZWEs}$={xYp*,32,alphanumericSymbols,201.1
5950,"7QD-|v,T~sx!UVKe^v#X{MehcwFa,?;f",32,alphanumericSymbols,201.1
5951,;cn~bY}Yqi2+ed_hWJrn-J7Z<.pD.HVd,32,alphanumericSymbols,201.1
5952,x^<E>:X9=H;)=:C>?:&e|D{/+>9Yu2d%,32,alphanumericSymbols,201.1
5953,"7FeYWMhaZ}9,~X3P.@7LP2insras@@Z=",32,alphanumericSymbols,201.1
5954,eKze$_~gct^yu}nF3b7&C37>UzyD_(>$,32,alphanumericSymbols,201.1
5955,igdmE<m$!]~TEAHVp/TA~mg%:@]a[ye[,32,alphanumericSymbols,201.1
5956,?KWDM-VV}2JbgxCZt4Pdn;Xw(RtU-EpU,32,alphanumericSymbols,201.1
5957,"%Pty](/XVJNQ?q-k-|tMMMW>n,i/XdN@",32,alphanumericSymbols,201.1
5958,ir}rxYve>r|VPh2a&q[H+dMfT]x#U^tL,32,alphanumericSymbols,201.1
5959,]d~zq.uR?@pE*xd**dDH+f[T|NegJH-Z,32,alphanumericSymbols,201.1
5960,(2K[tM?=buZhWkZtRyND}YD_LY{me2J[,32,alphanumericSymbols,201.1
5961,rHX.D?W.w/wf+{U_y2TU+feE_J|T(tN=,32,alphanumericSymbols,201.1
5962,"!<R!H~QT9]d:c~;}Y[$wa,wnKf,|akb%",32,alphanumericSymbols,201.1
5963,"?,,[i@Yy)F?gY3[XR+q.4d_%|/y%hp&(",32,alphanumericSymbols,201.1
5964,kvZs!ZM3{yq3bke[@h:7&ssrW[.pt$qj,32,alphanumericSymbols,201.1
5965,"mT?xF{C%Ytm%K,r]W7z2n_Jr7&TP-#/f",32,alphanumericSymbols,201.1
5966,fU3KNcH3nmMkyuFwVE+$++m;MxNcKHsq,32,alphanumericSymbols,201.1
5967,_X{QyNnN_pf)7pY@ptt$rH}||iH[p)LH,32,alphanumericSymbols,201.1
5968,$#gC_[pd]wMWc&QFWgFaR=;puCVk9pCk,32,alphanumericSymbols,201.1
5969,(=V@bnLysL@kp;+TpQ?LVYDvfPUCd(.@,32,alphanumericSymbols,201.1
5970,P]-3|n/-R?{$-RnXa<vRzH/9{kUVv>gt,32,alphanumericSymbols,201.1
5971,)$iFgrX]Q~LRb%u|R;#+~wdMgmkEFeMK,32,alphanumericSymbols,201.1
5972,~HpU+m3k&A.EWZ=]aA+3LxvA|q9uQX3:,32,alphanumericSymbols,201.1
5973,"+_szP#Hs*(b*V?b&ucZhx,z/^/Hn$.2A",32,alphanumericSymbols,201.1
5974,@*@::}@u_=}:V!b<.*fQ~qba?u_9x:F#,32,alphanumericSymbols,201.1
5975,>FWHMkwfHnwcP#}e}]mYv@{WQAi/xH)J,32,alphanumericSymbols,201.1
5976,"u.,>Pz($9j3EK>bxshHU?M;NmNAtpA+u",32,alphanumericSymbols,201.1
5977,"j/M-tu,F]^FW?<pTJvE<@Z)},>{{Y<yr",32,alphanumericSymbols,201.1
5978,34F=C+!2=U3)s{|KMX7-by9!TsQYDe@b,32,alphanumericSymbols,201.1
5979,!~csWK=4}mRp3@]XR**aT|d@3z;y{F;K,32,alphanumericSymbols,201.1
5980,)Xc+g4Ki=];^yC;swi=^Yk%VCXKsWpyN,32,alphanumericSymbols,201.1
5981,"ms)d^K$p@^)AH,$r_Pv^%$9]N)WUP&m=",32,alphanumericSymbols,201.1
5982,hYyk.cqv|R.bmKWsgPFu=xf>.ryY4kP4,32,alphanumericSymbols,201.1
5983,(:Z;3ekP&3N!:QCpv.)!j-{g4Xsf?kPZ,32,alphanumericSymbols,201.1
5984,"j4_>Da7d/imzbHjY,,x<~73_fk)P7(~Z",32,alphanumericSymbols,201.1
5985,m-{hCv%@x:W&zdMgwc2bQ)@^:p]7_4e;,32,alphanumericSymbols,201.1
5986,R#P@n^+=*P;U~CwziT3uM_!UtYzbZd@L,32,alphanumericSymbols,201.1
5987,"d2EayK<ENrhjJND,e*m9#k7rMwb(u^X!",32,alphanumericSymbols,201.1
5988,"=-w3-$73w{$KxuMLUQm%fzj]ad$9=3,g",32,alphanumericSymbols,201.1
5989,-Je-x_=vMM.cDu<9F3vHcHXbHiReafZY,32,alphanumericSymbols,201.1
5990,Ft/^wJ=r;#H[k9vegD|[Fsrv)RXp<4wU,32,alphanumericSymbols,201.1
5991,Ar[)mKPKm/xWqQn.fv7M/ULtd>TAV&v;,32,alphanumericSymbols,201.1
5992,Yi(%>a*&92CkA)W[w@QLdH)q||2^3LjH,32,alphanumericSymbols,201.1
5993,::;Ux#PT?t*r]f*)(D3Ly[|n%J#^@WCf,32,alphanumericSymbols,201.1
5994,DzR>{dM2k):L(mTy#=C~iMkwt7!]|Qws,32,alphanumericSymbols,201.1
5995,Qa[NF(EY=Ufhz_+?ZU+M-NMUxy?tJheJ,32,alphanumericSymbols,201.1
5996,K4.hN37ad[&Ypc&L(V<bR$q{_rgW*:Ux,32,alphanumericSymbols,201.1
5997,$v[fp>24%iP/#esvR~rfy$kf3s$.rVY&,32,alphanumericSymbols,201.1
5998,"Q.+WVH{!Rd4P[Mtu+,v!~gpW_yR:_Ken",32,alphanumericSymbols,201.1
5999,#C>+_k>j+*CPxsn(~ZJ$]d&4xXuL3~/w,32,alphanumericSymbols,201.1
6000,LFh+]r:(Rv~mvs_H~fHDDw#MK3wJ}4EM,32,alphanumericSymbols,201.1
6001,=U_mDvL-(RXD}Mz:=&AbiWc>Up:k3}@>,32,alphanumericSymbols,201.1
6002,"#wH;,#aQ[?Pw+wmm#t]z.RzF/ua$c+<U",32,alphanumericSymbols,201.1
6003,"!gA3izhcKrZH*;v-+dn7n[D)DT&.Vr,>",32,alphanumericSymbols,201.1
6004,&zj|7_}in>i!<sQP%>WRr-gUQj*VU3zi,32,alphanumericSymbols,201.1
6005,k|3wM%7C]#N@(Th^3VL*ZQFQ!pziD|Nf,32,alphanumericSymbols,201.1
6006,MzbCCJHaw=cRpjjs)n.(d?=#L~?j(<(m,32,alphanumericSymbols,201.1
6007,"J~,{;cUk2:z/$Pj$mMHVJ!zKtVP@{xHw",32,alphanumericSymbols,201.1
6008,4E~Asn+%k~4=7utTTT!|7JdZJs2b=ki$,32,alphanumericSymbols,201.1
6009,kH-T/y{|*bPhALFZ|u!j!a}=YMCUwk4c,32,alphanumericSymbols,201.1
6010,u@ER~U+&vi!g)[}v<{h4[|-bn!s{@|_y,32,alphanumericSymbols,201.1
6011,k}9_a3s$z9pTdwR3!zKnCY{jtvz3qumu,32,alphanumericSymbols,201.1
6012,f#M]M[YA>DsP)PmZ)[jDCCDszxxQ9jgw,32,alphanumericSymbols,201.1
6013,Vxb]t[X4p3XE-Dg_>~qgweR-qPdH%g<#,32,alphanumericSymbols,201.1
6014,EPK[my^i)i]Xg4C?JeLjP-iwuQ}_W&es,32,alphanumericSymbols,201.1
6015,Mwj2Ff=ZL(ccW{eTA*g..%?^VXs%h&|h,32,alphanumericSymbols,201.1
6016,f(a3gXe|dqV(v_9sdA+3NfQNuHC/^_+h,32,alphanumericSymbols,201.1
6017,<HpK<:ZEQQF^^dJYZ{#;qc$cFbUxA*K:,32,alphanumericSymbols,201.1
6018,bu^?pwQXU-*a[!.Fh9i%w-]]*NL<KWR%,32,alphanumericSymbols,201.1
6019,r:3VDbw!Aq-jm4n&abrVVv$#iMmZL/j+,32,alphanumericSymbols,201.1
6020,"cURhK2s|r}FDh[7b&|(LTF,s$F<]Q|NW",32,alphanumericSymbols,201.1
6021,dVuREAX_Kn:))2}N|4.}(f!Qirf[?/j),32,alphanumericSymbols,201.1
6022,"vc!p2qew}/eg=hjuz]D*|QDLyE}T{^,c",32,alphanumericSymbols,201.1
6023,uf{dR{cMzvxt-~v=>@J#fMR]a*[um=UX,32,alphanumericSymbols,201.1
6024,f[A.[q=mV*mwYmwy-:w?-#Z-JkWKe.yn,32,alphanumericSymbols,201.1
6025,MgWnTm&MMD!+sbi>AA7D%P[WfPcFxgsW,32,alphanumericSymbols,201.1
6026,p_C&Jw___%n;g9tWKWy_e_.QY&YX7;{Y,32,alphanumericSymbols,201.1
6027,>TgbY}$]({^K_kUZA?g7@C.waEv~Vsv|,32,alphanumericSymbols,201.1
6028,x+Nz_yV)%2UXeXQ@-g*mC#)TvEMnde[.,32,alphanumericSymbols,201.1
6029,[Aaw*P#|t_:|mR+ay2RtVTimVqZ{jh?P,32,alphanumericSymbols,201.1
6030,c[v@umRX&J~[K.]Ln-Ygg9=EHYx}riD7,32,alphanumericSymbols,201.1
6031,}V/s)m%F7tDPKn4MsyPdLV!jMfJ.ZFJt,32,alphanumericSymbols,201.1
6032,"L|%}3_NMXkYZTdTr?bH/_$dF,{xU=|U[",32,alphanumericSymbols,201.1
6033,"Wcz[ctV4}~U),d!hwP|zsa}xM%^ViQE+",32,alphanumericSymbols,201.1
6034,+r(>><~n4MNnd+&hA+PqYVNwsk.|kvNR,32,alphanumericSymbols,201.1
6035,$VK=dH(L!99Xcfv_KY*u**vWhgkqatuC,32,alphanumericSymbols,201.1
6036,$z=Jn3YzJ/P!PMu$EL;3y4vCPcaYMMV(,32,alphanumericSymbols,201.1
6037,"[z,EcE{eU&NDu%UivK,&ErFb%.PN)+s4",32,alphanumericSymbols,201.1
6038,N)rWX=#=a;YR*>~rk@tQ%&#4Vm{JF3A_,32,alphanumericSymbols,201.1
6039,+#Pt@NHPEEXW3iA=M|pejc((<?2>q_hW,32,alphanumericSymbols,201.1
6040,"39vm;+fPx-f%,?E&j;vZs=Q$J9|7;id.",32,alphanumericSymbols,201.1
6041,"Qt9g=%q|2Kd,+YXZ2^WDMq!q4Z**-t.@",32,alphanumericSymbols,201.1
6042,"jR}u=);^x>ai9fC2*.,vjq>j[qAqCw3U",32,alphanumericSymbols,201.1
6043,"/g:,<}UA3=&L]:Zf&AKF*Lm@.>$~ugV~",32,alphanumericSymbols,201.1
6044,[sru~YyUqmsW{ky]@anC?#Ki7amaTd(*,32,alphanumericSymbols,201.1
6045,"L@m+R$-jAr%,!|.]Zp2w>Rg7u/T9,:%w",32,alphanumericSymbols,201.1
6046,K7#X~bt&M&?[X!U[x[%s)y9}T%CHNN@P,32,alphanumericSymbols,201.1
6047,C2?j%H9bY<[qW$3Fg:&T{[vnV=Kk/}~j,32,alphanumericSymbols,201.1
6048,"[zWi-.,A{!=hYCm;K](!UCxPep93n9Zn",32,alphanumericSymbols,201.1
6049,Zw}tm#.wM!i-ec?UXA%;CkVc~x7W+RCr,32,alphanumericSymbols,201.1
6050,"|Y|7/*Rbp(ys+VE2cD2$;Dwxrte#d,~d",32,alphanumericSymbols,201.1
6051,P;ei[m>t~aTarL>*;m-Z#=*4i:9&kh2L,32,alphanumericSymbols,201.1
6052,<jnmdXU(A(@>c3X=!2HAHew$C]VVCte&,32,alphanumericSymbols,201.1
6053,!g]thDTuK->C7w{>yPR=z;7]&t]kJ>bg,32,alphanumericSymbols,201.1
6054,"Rg[Kq2;>|MrfmaH#qV<,NA_tLQ=:&YXE",32,alphanumericSymbols,201.1
6055,ERUw!Qdr]R?/+;k2cuRYYTv[nc~c}--M,32,alphanumericSymbols,201.1
6056,%VRH=w/Xm&fPevLm7UXy|exN4d#=vvi3,32,alphanumericSymbols,201.1
6057,"%KhHW=wDDpwP<[4.,:y;W_E)^_z/r+RY",32,alphanumericSymbols,201.1
6058,"RU+Q)y)_M#/W?,cUHn^9.JYc^*rK$(*J",32,alphanumericSymbols,201.1
6059,Y%mVE_q$WUsg*fC<HJN3[pqzCa!3Ny4&,32,alphanumericSymbols,201.1
6060,XR7se!_~.7PrUmJy%JZL7@[4cb*q[!mr,32,alphanumericSymbols,201.1
6061,"||nvaDdTbxr,{|{3U2j!^%a%PK7QP|9=",32,alphanumericSymbols,201.1
6062,"e(=hW,AvR*({L@2_MFDPJzL{ZbP#n#,C",32,alphanumericSymbols,201.1
6063,"YfXq,w&pzp~c#ygTz2}E;r#[FCjA,7bM",32,alphanumericSymbols,201.1
6064,~{J?@>Ak[Rx{&Pm^z$!smT!LTc}^J*e[,32,alphanumericSymbols,201.1
6065,btN7DcYR4ybN{&Lm~J7_mAzrR|Nc%j&c,32,alphanumericSymbols,201.1
6066,"Yu.:4}xdVH,.]CsU~XwnnZM{DjW3e:z+",32,alphanumericSymbols,201.1
6067,"a-F2M[+MpUaX9#[4;Yb[nhHKQ;9d,Zpb",32,alphanumericSymbols,201.1
6068,"=NekQ4Dd,RY=mTWX^i~bHu+(L,qrW:g}",32,alphanumericSymbols,201.1
6069,"m]U>Y^KHyE*mWkfa2e/bi44*Z,Jkb9H%",32,alphanumericSymbols,201.1
6070,"DmT^+]vK@)QZx)9C,<&f=%dm%/CcYnZ)",32,alphanumericSymbols,201.1
6071,u{3qmKjV-|;#y2dR7|dyp?ArJ@Et^wRq,32,alphanumericSymbols,201.1
6072,Lm#s@W*TiEu|Y&a)t(2.|JE+V^m7Cf3$,32,alphanumericSymbols,201.1
6073,"M?b@$>Md2QQ.#yW(Q,mq*Pf@NP}XHv{q",32,alphanumericSymbols,201.1
6074,EKC4g3XMWU~dg|^LmD^L9fe9qsp>dd]K,32,alphanumericSymbols,201.1
6075,"d73jU!#2!4e;9<zED2e%P~KQvj*:H%c,",32,alphanumericSymbols,201.1
6076,"V~g#Ns(Tb(!u|fWMnfFs)AqbPypF:,9,",32,alphanumericSymbols,201.1
6077,n]zq4:@@]#pkVZ/${~9=a>WV$UZe$]Nr,32,alphanumericSymbols,201.1
6078,"V|Z.rxCfddT_C,@VgiRT$72z7$*yzK,i",32,alphanumericSymbols,201.1
6079,"4,?{,9#e@*7$T7<wLe@dpgxM7uD)!J;R",32,alphanumericSymbols,201.1
6080,EhENT7$q&z&_]uP}+y7bU@&KH%:4JQ?@,32,alphanumericSymbols,201.1
6081,"J7&j|E)rHz.UXap-KFM+_V*:@FP,;dg)",32,alphanumericSymbols,201.1
6082,X$ZQfNjf*m=#pa7qbm^)R;>F4!${M@4E,32,alphanumericSymbols,201.1
6083,"dgb^&c)TgHNbnDk,!yxwLNi+=>!u9V.R",32,alphanumericSymbols,201.1
6084,9zk&{@Q{{!7#Qn<;d9L?aJMz#R<umea?,32,alphanumericSymbols,201.1
6085,Zm.MU={@g!:E&kf/NCJy:d(z&h[_hWyq,32,alphanumericSymbols,201.1
6086,",>:|99K9bQj)gnvE{u{|HUkWUUz.M+(-",32,alphanumericSymbols,201.1
6087,"J9>D_);79N,$?!]#|a*FJ<Hq]PnJp9n^",32,alphanumericSymbols,201.1
6088,P}Awej}_%iwyxp<N]^Wd;&)bu@;DDZs&,32,alphanumericSymbols,201.1
6089,.Vf+%;+[|s3U9HDCXjm|pUR{D9H:mhDD,32,alphanumericSymbols,201.1
6090,"[guE}M#aY]?eC+J|aXKM,NyAq[enWeQP",32,alphanumericSymbols,201.1
6091,"&uKw&,X2x-P%Q3Mt$Vj-h/;tf2>a=>:i",32,alphanumericSymbols,201.1
6092,}<|vR@*!P~Xmct:3}.|;KibYdX{#XzjX,32,alphanumericSymbols,201.1
6093,p;.-(=z<tDmxrkPxDWW(kD?>bH%Fp@q$,32,alphanumericSymbols,201.1
6094,"dm!L3,:?Ah!A!7:/Yp&vM[#Ly^*n{xXJ",32,alphanumericSymbols,201.1
6095,"q+W.,[3qij{yx9{:Z#7weeucR@y&h>s,",32,alphanumericSymbols,201.1
6096,"D?fei$}m3Z4cxDvMR2Vg$Ny&ht7,_wA]",32,alphanumericSymbols,201.1
6097,<)h=.3z[H{:|/D2)kcRfM[u2iD;W}(Xm,32,alphanumericSymbols,201.1
6098,"H>,&KsYiN(w2gQyiRt_3N,/hjWvZmwbV",32,alphanumericSymbols,201.1
6099,(a7*hJ!=-YV?s.MruKvVq*<w:~aw]k^R,32,alphanumericSymbols,201.1
6100,HJ~Zy[X<#ZaTbp:g:;UAZ&~VtVQ?U<^k,32,alphanumericSymbols,201.1
6101,?R.X*i=]bnv&9D|t%!=K{?F:|sqX9cpQ,32,alphanumericSymbols,201.1
6102,/@i@q(d&m2|Rn*Q!zA}jfb~3h[MWuViN,32,alphanumericSymbols,201.1
6103,".$aJ:P^QJ,JZeeMc{Q=H7NdkM|tKC=jn",32,alphanumericSymbols,201.1
6104,"xfcJYtbPN~Lbe/,iPMzf-UWqdWJ+^_?Q",32,alphanumericSymbols,201.1
6105,"2&,g4Qp>fQg@x>x?cD*;DU;x9.z:[aVg",32,alphanumericSymbols,201.1
6106,~-e3Csp(4|wt$>F~/*t3txm*zsJn*ry|,32,alphanumericSymbols,201.1
6107,"Eu[a:M*:M.,?uMJQf4ngx}=j9HCLvhrg",32,alphanumericSymbols,201.1
6108,g%T];wPffsNnP~yajrhMJ$.@{R).<:_n,32,alphanumericSymbols,201.1
6109,>fF;_bPP|arQ%H%-R/vAiM%?tmcYk@@D,32,alphanumericSymbols,201.1
6110,QJRuK*gH^+m@7|Z](tX}n2QWNqJ4McJ3,32,alphanumericSymbols,201.1
6111,~iu$_>P7EVHY=h!d&+(]dA>zv/jRbjVq,32,alphanumericSymbols,201.1
6112,*~$nQgX;yVQks;}Mc?fEwV=TFA4]fZq!,32,alphanumericSymbols,201.1
6113,"z+;gyQMc,mk4vRZrjP/kYDxRH:xNc+Fk",32,alphanumericSymbols,201.1
6114,vFD<|as~RkW4e(#<*-d#r-&E|HvV_A_D,32,alphanumericSymbols,201.1
6115,(L|Hf>s/L|)q$9m=Pxe?D>Px-[pmuMwL,32,alphanumericSymbols,201.1
6116,K]Dmma-E(_|7ik&]kf~bv2$4Ac3tCutm,32,alphanumericSymbols,201.1
6117,Mf~hw>&R3K9Kya&tYU{QC]Wp@;AD{&r^,32,alphanumericSymbols,201.1
6118,DW<J>ddc>WFyan}xh)_?{_)(XbY}m@/%,32,alphanumericSymbols,201.1
6119,u3^+%-Y9_;@Q(_4)@NN/|}~HCh;yZE2b,32,alphanumericSymbols,201.1
6120,"UV$uU,KaLPMUp&e;j)mU=wt}<fd+?~]<",32,alphanumericSymbols,201.1
6121,"K{^,V_/}2VKc<m:Z!hur:*?@q?w@TnNA",32,alphanumericSymbols,201.1
6122,49>E?WyR$/2h2JedQ.ie=g@css=Y3qEP,32,alphanumericSymbols,201.1
6123,=F?=(NkR)Aj*Y]u:QuUa.rwhE]$q~%#+,32,alphanumericSymbols,201.1
6124,;tJj?R@Vu]%?$peb}_=w;v4VPF;7UxPQ,32,alphanumericSymbols,201.1
6125,LJ!DiT4-j<Ys*H(Mx<nNm?%grjQ(ib2(,32,alphanumericSymbols,201.1
6126,"Tz}JdUtyF}(Yms_qh,#HXM%JJas~)QjQ",32,alphanumericSymbols,201.1
6127,FK)LF#xFF:E&:-c9?qRg%Jb@~/hxjTs9,32,alphanumericSymbols,201.1
6128,$3$Lcqp]JMqTcRC@T.hm=>MVah^YkRbN,32,alphanumericSymbols,201.1
6129,M?HYF?;kRL99+*{%dc{_+M^b(Q+W$$K},32,alphanumericSymbols,201.1
6130,f*t[.*-.AY(=P#<{>+Rq32=!>=Pd+(VY,32,alphanumericSymbols,201.1
6131,/kK)&F]%Cf-rAyR:Z|fZVKD7*@#W(##R,32,alphanumericSymbols,201.1
6132,dZvC#3UV;)xu{CV*WJ#Lk72hE&u(--H:,32,alphanumericSymbols,201.1
6133,A|TF$_ih$X:TV*4?$3_/:pz}fp#b*7u[,32,alphanumericSymbols,201.1
6134,]deu}zCJez4Hxy([U%-$z!})qT)J>N#A,32,alphanumericSymbols,201.1
6135,vTwTb/}*gY7vi/YCsnT<u^/}E*RHV_Am,32,alphanumericSymbols,201.1
6136,";[L|WmE:R<HgM;q#;-K/@PM,]QDe_y&m",32,alphanumericSymbols,201.1
6137,"g~EWN,-W)E>|t~WDR43TT.)Am=mXDK;N",32,alphanumericSymbols,201.1
6138,"U4hH7,-UP:tV{--@4cQfMdHLwF/Z>h4R",32,alphanumericSymbols,201.1
6139,MxbZgNp9NcraH$c!p&u=NLHjF_Zd[</T,32,alphanumericSymbols,201.1
6140,]/-aWF~*Jp~wQQ{3f=mT+Pyc$f?|?cKs,32,alphanumericSymbols,201.1
6141,:+$-WvfKk=ZH.%zc:^PRb.#m(d3.~aNr,32,alphanumericSymbols,201.1
6142,>apDD~pP9*(<jPKmzuWH%_Q?7f-=vbfL,32,alphanumericSymbols,201.1
6143,+izU~.RUudu)!3H$)3Z.K|7mMp[z%~vN,32,alphanumericSymbols,201.1
6144,U2L<x3vV-RytbcrgtQvapi7X]Da{][=<,32,alphanumericSymbols,201.1
6145,~awCHCf&~]CypTwwUHaA>J3V?*NxMJn7,32,alphanumericSymbols,201.1
6146,"pH=4|Y7j+Ljvy!/++,YD})MaeV7qFYRh",32,alphanumericSymbols,201.1
6147,R$e[e<K~2]&rQ9;^>p%Nq3{2yPQ#V=#/,32,alphanumericSymbols,201.1
6148,xC[g;9@|TC#;2T*_T@@<Z$rJpcc=j)wy,32,alphanumericSymbols,201.1
6149,4@M%H]T(>R}2P&w7Vc^:k$LT&TW:7Lb<,32,alphanumericSymbols,201.1
6150,",;**fK4^e}Ww/E9L$p.{47+tTQ2y.+{{",32,alphanumericSymbols,201.1
6151,nnsuTiaHn)#<^kt_Cv{&|*[A2/UQf:.H,32,alphanumericSymbols,201.1
6152,<})t#9<sy_9w-[2sq@b.4Chc;z<~f={(,32,alphanumericSymbols,201.1
6153,"A[[J.De@QL,AbEjbs(KYg~[bz:@DMM@[",32,alphanumericSymbols,201.1
6154,F=pDTm)sfU[sng7FT_-sJZFFiTNE[;u+,32,alphanumericSymbols,201.1
6155,"D}<sa-9VgUnLM>C,NMQk7J?x;zsaCTtY",32,alphanumericSymbols,201.1
6156,"_JW9D=,u</{fVr+(]f^(r7%T3hFJ>yMw",32,alphanumericSymbols,201.1
6157,";D|t?_E/(3V-3..-$:T=E,bP[Z7&N-Rs",32,alphanumericSymbols,201.1
6158,"y,=/hgQuP$_E~4#JzWf2.jJNQ>r/kTuF",32,alphanumericSymbols,201.1
6159,*?DuLvkJx>iAbFq!/dueQ#f;QYpZa([C,32,alphanumericSymbols,201.1
6160,Pg|sH_3^PWwFL:a%9{#h_>/9c=aTb;u},32,alphanumericSymbols,201.1
6161,"eePeT4((c]rM_n*$+J~a_EMw@q=}~/2,",32,alphanumericSymbols,201.1
6162,*{fv>Hh>M-Rv?wQ*r<7*aV>pi_4qH%/Y,32,alphanumericSymbols,201.1
6163,et2(=N+:wj}Xt%|ay+vmiRTvv4$RAa.@,32,alphanumericSymbols,201.1
6164,"$=_3Naq;c&,3V}]P&L9hJ*r[^7Z)cFKc",32,alphanumericSymbols,201.1
6165,73;phf(~y@PV<w%2:*D9Cy;Aq$hirTx(,32,alphanumericSymbols,201.1
6166,e3j&%M[mzPsfkz4bW|XnCj/.ChH]^/g#,32,alphanumericSymbols,201.1
6167,":/73L:TY4nngr>,Q}hb!)m;+r?>w;:u]",32,alphanumericSymbols,201.1
6168,iYhHU*#|~<Uek;&~Q%HLWcrb_h2ET.JL,32,alphanumericSymbols,201.1
6169,q%])<e.<|cTdkDUygUX#;W+@AmKy;{sC,32,alphanumericSymbols,201.1
6170,EkiPAbK7|Kddh/WFE?-XW_[W@;k{aPZ;,32,alphanumericSymbols,201.1
6171,[R(Y4R3M=T-HDiYwet|Ytz$:mN=HJdD>,32,alphanumericSymbols,201.1
6172,X~yy7ii<b(3;Xib{fzvjx$F4p(sLpDqe,32,alphanumericSymbols,201.1
6173,qL)p*4vNEuU%ruj;?y7m$3=WP7sjp3*J,32,alphanumericSymbols,201.1
6174,RbX<R>})!N+]9zmxUyJ2_7)3)patq7!9,32,alphanumericSymbols,201.1
6175,"7)-jJpt?f]MsE&?-wx,XuL[/X?7/;VuL",32,alphanumericSymbols,201.1
6176,"peea]>.t4[~,}{D!f+xQFFsnV<f9AT.}",32,alphanumericSymbols,201.1
6177,".aDJusk,:W]Uva:bFr7@sRuK4RAqYjcD",32,alphanumericSymbols,201.1
6178,"x_fzfYu,tE:fMFD${9W?R@]3rfKU$4fz",32,alphanumericSymbols,201.1
6179,hjCf&2QQeaLHZa&}:bmrXxh?Hu2P;&E<,32,alphanumericSymbols,201.1
6180,.f>fHynkZUh$|d|u{yk&ND(;XUt4_za#,32,alphanumericSymbols,201.1
6181,"w)HhVs;i9e;|3,Jp*$TkQ%(Jy.j@cpM:",32,alphanumericSymbols,201.1
6182,|@<)7AiDT[.9i7P*L)#{:3s]F[)Y}d{z,32,alphanumericSymbols,201.1
6183,fA)$qpd|^@:>Z*s(3hN=yKCYQc<XE%$$,32,alphanumericSymbols,201.1
6184,sQRd%NEy*;U#%DM^JT]X!Uv/pTP{/EU4,32,alphanumericSymbols,201.1
6185,"JmQ#{^.hr7sU&,^R~>U7NdVLj**9>(nJ",32,alphanumericSymbols,201.1
6186,AiLVs|tC$k?r;:;yqi(QEDC>rz7(kWz-,32,alphanumericSymbols,201.1
6187,u+;;cvLWvc/Q=&Nd$n7q]CHe|f@4rX;:,32,alphanumericSymbols,201.1
6188,"j/Fh4.HsLjnA,e:}/c_(fbrV=u?<K^%C",32,alphanumericSymbols,201.1
6189,2>xJi2TgT_$D3W-P77?$u?An>Mc>=tJ@,32,alphanumericSymbols,201.1
6190,NUr@g@]#29iA_%(zN2u9qjN<U9g|4Jf),32,alphanumericSymbols,201.1
6191,"3tQC_AFg-zxWU},|+,$29p!?aCQj%d;M",32,alphanumericSymbols,201.1
6192,"m<,g=DWPwC@+Jrb9~TcsbLgE2=<{jTmW",32,alphanumericSymbols,201.1
6193,U->&nP#V^m>/|R-<yRFwK|/m3mqwX7E/,32,alphanumericSymbols,201.1
6194,X(M:H>$Wnew2Er#sa^3U$A_WwesxDv@|,32,alphanumericSymbols,201.1
6195,@KrWaDPgNdKP{@A*27tCyb]bce&9XRef,32,alphanumericSymbols,201.1
6196,"a9Lb[nM?<zL;fTiM4x[Dy.H$Fgs,XV4s",32,alphanumericSymbols,201.1
6197,":D(mA]>jtuJ_|j(=mY/Y3r,3v(g,zkRw",32,alphanumericSymbols,201.1
6198,"~te:@_.bFuzP^ii,/:cc-3tENgW;gFrk",32,alphanumericSymbols,201.1
6199,Dbz*xtY:]J+]@n4ReYuk3t<a;{ymD-DL,32,alphanumericSymbols,201.1
6200,VM_zb)KXANk$([xZMmA99ZUiA~?$X--4,32,alphanumericSymbols,201.1
6201,pURLmxc!bMsp2KAh[?&9#x:{Yt#sUp_i,32,alphanumericSymbols,201.1
6202,"U}s#%CXx|[N)CzPq,]s%3W-sc/:[T$bn",32,alphanumericSymbols,201.1
6203,"s9_v>mr,d+3bTXn+AzqC?qKCs;yb?d(+",32,alphanumericSymbols,201.1
6204,ZQH?NfZ.r;}v*^ws@d$W2EAsJ!sq&;|:,32,alphanumericSymbols,201.1
6205,>RA7Dm-ar9xihU+.:XNwNdR_c~x#H3&P,32,alphanumericSymbols,201.1
6206,YZj?3]g.+mM{e]H_^E7}MhK$.C.sdQY),32,alphanumericSymbols,201.1
6207,vknJmu3kf^7iJ%ftNUpXnb%A.PnP?%yy,32,alphanumericSymbols,201.1
6208,"u{,,<Jmdh~Rp,i@Ma)?]~}du22K>m*[2",32,alphanumericSymbols,201.1
6209,RC@d3XN[~;|_bgWc/2>E7:YC{Kdy>nm],32,alphanumericSymbols,201.1
6210,4FAp<t(FJemLMVjx>}u7kX$MF:zsKCw4,32,alphanumericSymbols,201.1
6211,"i:U;,^ZEis^)zrkVVQ]cyfERPY(q2zLe",32,alphanumericSymbols,201.1
6212,"#zy*Jp;jq3[f3,K)=:Rg3ujsF%TvjyQe",32,alphanumericSymbols,201.1
6213,PXU~V*u/ep=UH$e{2-@^&E[FT[R*aFLn,32,alphanumericSymbols,201.1
6214,TEK(]&uAY!]c4@hfQ@.DbDF7s}&cu4EQ,32,alphanumericSymbols,201.1
6215,"Z,zR{]=xNVszP*C?QPy23}s{jyh@Xf@!",32,alphanumericSymbols,201.1
6216,"Mz[Jzc>Ub,]qK2_sW(L[gX-LKsfnH_Mz",32,alphanumericSymbols,201.1
6217,$V<pdE@F#Ec^T(dR49PND3(xFCEhhpLs,32,alphanumericSymbols,201.1
6218,k2=biyY?D(QN2C|mVinTTQj#{jq*#*(Y,32,alphanumericSymbols,201.1
6219,._.)PxiYWb#%9g!2XNgb-T=}@~Hjhbne,32,alphanumericSymbols,201.1
6220,(|r>efUbh(2F9|P#|j~.s;}%V}Qx7x^h,32,alphanumericSymbols,201.1
6221,@%ui^NrQLw>7H!b.C3rY@t^dC%&vh2Qr,32,alphanumericSymbols,201.1
6222,"jP@Kmjq7r>),hK=,fJLt!_tv~i%ALf:@",32,alphanumericSymbols,201.1
6223,#$_%7h$dg?D;mcuYF@ncUWW2P|pc9$r[,32,alphanumericSymbols,201.1
6224,"a4{c#Vf,u3:)~{vV?)wgdyA$wV%qxw/e",32,alphanumericSymbols,201.1
6225,uu)bQZk2=4@!>yj&(DLcWaymccb~)tvT,32,alphanumericSymbols,201.1
6226,"ATzWRYnj.yuPd}7=|g9U,g{A+?MgR}NT",32,alphanumericSymbols,201.1
6227,K_Zzx))mD?+:KFy2T|Hkh_-wibWCX;+>,32,alphanumericSymbols,201.1
6228,"&,2z!FL%*,}E/:%}rn2{-Jh*P7snWM=w",32,alphanumericSymbols,201.1
6229,"_Zb_!n/Lc](R:_{i-?h=A),;)iw-[m.~",32,alphanumericSymbols,201.1
6230,",Z]w4-Mwh;Rq-fr-Trq~~~;x;|wCnD+z",32,alphanumericSymbols,201.1
6231,")y!D7TvT<Kgs34RDA:%Z{V.=r-]9bq,/",32,alphanumericSymbols,201.1
6232,"tT,b*eabN~}?bA@Y;^N,R]9+-R[ACsTq",32,alphanumericSymbols,201.1
6233,KEdYmqL*nYPk3>{y2KR3ZyC&hANXK9Ff,32,alphanumericSymbols,201.1
6234,/@e&/Yw]4iFAfpNUND$3/NKxkkCF_|?Z,32,alphanumericSymbols,201.1
6235,{Jxx)WMjCUk!(ey%:#YFfe~mgna#+Cm%,32,alphanumericSymbols,201.1
6236,"-&U)}?i(W]MP!ynfMK%,>:s?Pb7YKz:x",32,alphanumericSymbols,201.1
6237,QTTJ~nHRM%!|a#We.Qnn*wYXt7n7:2hF,32,alphanumericSymbols,201.1
6238,"#*<$ps>m=U(V,R|*(f<um#cHJTQmYedz",32,alphanumericSymbols,201.1
6239,42VyaprxU+Ei4a^fQfWt=|Q*Mr]]{A!p,32,alphanumericSymbols,201.1
6240,"Ah?;M!.w##bwN~qDe,.2M$R+X@{gk}F4",32,alphanumericSymbols,201.1
6241,;Qrdn&A>4)T;e*imyNsb]+z~sj-X4gf:,32,alphanumericSymbols,201.1
6242,":$,!/?Ni&tj%Z;M=rZ%T@<2VsKF=N[@2",32,alphanumericSymbols,201.1
6243,"EfhQj4(uHNz(P+T,_^N#w-&[>m9:$deu",32,alphanumericSymbols,201.1
6244,}@4h7aZ2@&Hn@s^&-]-=<mC[U)U<DtyC,32,alphanumericSymbols,201.1
6245,2HXx;Y#49R3%|iU)(@Ed(J9#MJC9q$PC,32,alphanumericSymbols,201.1
6246,>M|MPg_3!:|xKDx#_XxmREF*:WuFC|gY,32,alphanumericSymbols,201.1
6247,jMEiDMK{niaxpv)?X?fr$%KLkW+[C]Y#,32,alphanumericSymbols,201.1
6248,"}e%c?T^wg*nrj!Kjy,&(3gwQaUgzKcs(",32,alphanumericSymbols,201.1
6249,Xk._V+UYwpYDiR?7/_Cn!EDk^Ptdy2}M,32,alphanumericSymbols,201.1
6250,L<>re}^2k(Lb-!/sCktkDcuZVCh[^J>p,32,alphanumericSymbols,201.1
6251,"pc-)zz,i]Y|*9R:DAb!z:=?geHL{>FD+",32,alphanumericSymbols,201.1
6252,H(}HvM=$;DFqRhzr:.n-2:V_N^KH(m!V,32,alphanumericSymbols,201.1
6253,Xm+H&#*QH?Rt@Q.mw&vabu/!<sdj.iRF,32,alphanumericSymbols,201.1
6254,"_,]EvCkaKH;iTNQYciMWjH(-32ruHZHt",32,alphanumericSymbols,201.1
6255,+ytT%h%zjxH3}^_(^C_n#Pwt[dc<dE=<,32,alphanumericSymbols,201.1
6256,|QU+YH^<fCy4P@xHZ&bLX}ARmFU4yyDM,32,alphanumericSymbols,201.1
6257,4#}v$[?!uD@tvN}Dgm.^~.~Z;?HpPV*|,32,alphanumericSymbols,201.1
6258,"!4_YYb,|LUyc{deMX]]ceE+-yi*Ws=VF",32,alphanumericSymbols,201.1
6259,"pq%tpAeF]UTxf4txM,+n*ZgcMCwZR(y7",32,alphanumericSymbols,201.1
6260,d?d|xc+();9hTZb!!]%kY#Fm<>z/)p*&,32,alphanumericSymbols,201.1
6261,-]|rn<22Kj*uktrdFJp^-gj9j+)wk7mD,32,alphanumericSymbols,201.1
6262,"RAuF<=HfC,NdTb7?K.-EN+_^*3[p4sNm",32,alphanumericSymbols,201.1
6263,".A4aQcQt$r!gQX*]F~3c{d4M,DK-__9z",32,alphanumericSymbols,201.1
6264,D<9P#~t/E.}(#vDz[xnpT.sj7wC=!7Jy,32,alphanumericSymbols,201.1
6265,"pty9%V)dn,PXfmY~27uR#h}9_C>$i>en",32,alphanumericSymbols,201.1
6266,K~4_>hX2(Fyy(%%Km(KjtKyi2h%]u/Zm,32,alphanumericSymbols,201.1
6267,?{H:M7yLg-q4.q7>/Kc7.#DH!3wv{M*i,32,alphanumericSymbols,201.1
6268,%RuT23#~ks[*LPst&}ue9k.V:)pmb33%,32,alphanumericSymbols,201.1
6269,"E(]/*yN-w|fA#24:Qhsp%bspt_FZ,&r@",32,alphanumericSymbols,201.1
6270,"k>xE[F4qLZ_K3>P3XW9:D$4,e#XWnZKR",32,alphanumericSymbols,201.1
6271,x:X9Fn3k_^(%D[t@E=)UJcg$]u~/y!A=,32,alphanumericSymbols,201.1
6272,"&27Ck:D,dX((d-Hci-3,k:ud4b}Qd>d9",32,alphanumericSymbols,201.1
6273,wu;>PKTfV!$2nR-fm_TgAAu?!}>}-ycv,32,alphanumericSymbols,201.1
6274,"}q<CAUbb([^:JYF]M;XA%i2FQi;)<[,T",32,alphanumericSymbols,201.1
6275,(f!4jsZbUy;Zg@#k_}/Qgy!nqd+Qj{fA,32,alphanumericSymbols,201.1
6276,a<xpZ[mM3r@MFuPH[*nf}&{!Y.|$f@m$,32,alphanumericSymbols,201.1
6277,#ZRw_eVw%$xm:;FtE.h#)%]N~>[<K&/d,32,alphanumericSymbols,201.1
6278,d9pP2sLwTqy<#}:<hEHPAJ$HwA%=c%e2,32,alphanumericSymbols,201.1
6279,CuHbWY$fX[eEPy!A|LhZ^ksCs(y^C$cH,32,alphanumericSymbols,201.1
6280,"a&3gPhRiZr#f]@NF#n,Km}H{nzM{k)qU",32,alphanumericSymbols,201.1
6281,{^c?z2AP+(eZE(;d}$4*&s&:FWiuc*Jz,32,alphanumericSymbols,201.1
6282,"g@=?uQce}}7EZJ@x%K_Kc{^;bw-,Pd$,",32,alphanumericSymbols,201.1
6283,gdF/y;y>zi!XQ3pC<Xs^^c=k!RZepxMD,32,alphanumericSymbols,201.1
6284,"$x,LD,#!-)R~ZEhix)4$-7m4y%-YD>%b",32,alphanumericSymbols,201.1
6285,qPNC(/!X]!yJwpQX-ND_=#kkh[PjZynx,32,alphanumericSymbols,201.1
6286,;Jfg{eR}knxAM*T;L++cbdRpN%a=F;E],32,alphanumericSymbols,201.1
6287,"qm/b3*+qy{xe[Ct,&QcH#k)R9m.Td{V:",32,alphanumericSymbols,201.1
6288,"N&X+q9KcUAFnt.h~zyCHg>cV,E_$x24w",32,alphanumericSymbols,201.1
6289,",hAL2&<!!c3|.2{KRE]sd-R_]vQ.}>fm",32,alphanumericSymbols,201.1
6290,{@)st/L(-Z[:Q?f;fA}V[2e]VD7{a~Ne,32,alphanumericSymbols,201.1
6291,"CtQ_p,Zjmku@JD$c==?:~2g7kc<XQ9+3",32,alphanumericSymbols,201.1
6292,=UQtP{2XV$!pLKVvAQb++n##)J>4A]}m,32,alphanumericSymbols,201.1
6293,<.c]vNQMVs.!-b4pZci;tNK{M>PQL;)q,32,alphanumericSymbols,201.1
6294,avdY+jQym<vrFPH/Jx!twQ$FwEmbkx>9,32,alphanumericSymbols,201.1
6295,f=uyKd3W?MmrPzXU_t7:|4EC<Vrf=<7u,32,alphanumericSymbols,201.1
6296,"W!9+!3,g9:jY,?Ky*s!a@TD+eUfk)?gi",32,alphanumericSymbols,201.1
6297,"|wd&rx2%Lb)@dvdn?]-Uq(C,<}$;um4q",32,alphanumericSymbols,201.1
6298,"vU/.XP]x!n)Mt%FDgxrPQa<Q$Q,L7X_-",32,alphanumericSymbols,201.1
6299,"x&7,2?E%/em?_qs$geM^gg]jg=/X:Fix",32,alphanumericSymbols,201.1
6300,A2)*WaygW]tMUM+~/.2D=c_Y4mVTLVnm,32,alphanumericSymbols,201.1
6301,VQE;^UdrQQ=Vr#*<].|X-./eRYPg_2k[,32,alphanumericSymbols,201.1
6302,HF_Rfz~keyLnV~XKezk%Y=sR|(Q4/|ks,32,alphanumericSymbols,201.1
6303,pqiEEaMp!QqzXW%$)!Z=V?h_3{n-r:[t,32,alphanumericSymbols,201.1
6304,D}z)@s#N^zaF<4$i@3d[9v]k].E{+?hg,32,alphanumericSymbols,201.1
6305,XwMKmmyitP)b7{q?|;aTAF4}9kw]ZN?C,32,alphanumericSymbols,201.1
6306,$zVJ3&|3(_!K#TrJw^a7%AaKXj<HXd+A,32,alphanumericSymbols,201.1
6307,+]fa)ia:qQu{CJ?cJF;@TNC?_-L=W9^&,32,alphanumericSymbols,201.1
6308,vQ-LAmmtgefx&rM~aRJc{:Hr}q!q><Fq,32,alphanumericSymbols,201.1
6309,4s=yZ@H_;YE2K(z4;MA]$.#YYbr>qs9s,32,alphanumericSymbols,201.1
6310,}iW!a{<TWPW@]E=NxE7fN::qypXeTf*T,32,alphanumericSymbols,201.1
6311,"7A]iV,}QL3u:*]>=VFCvD/Y,H|/Tf_,:",32,alphanumericSymbols,201.1
6312,ZLWT~pFMVbgcw.V{[A]VHWV~T%9H~gr[,32,alphanumericSymbols,201.1
6313,*Dq^9J:ifTEN(T>g-[ZqUsN7qhEPa~X},32,alphanumericSymbols,201.1
6314,":KHsmk;.mc:!J:A3,yan9{DN:{);N@}*",32,alphanumericSymbols,201.1
6315,"=xY@xv|K,iH,{b4iRj$*#Ly~|}FK|kJs",32,alphanumericSymbols,201.1
6316,]z(bjafD&fkK++y7H;kUVT3&M$~z!ua<,32,alphanumericSymbols,201.1
6317,-y~T|MfJUQ)ucxH?#b]$<<cLaF)T/<r+,32,alphanumericSymbols,201.1
6318,XpXW+hmqM[t/.;}fz:D?~nKsjC)y%])T,32,alphanumericSymbols,201.1
6319,"E#pzURC;FNX$D4e%,cmss]Nc$ip>#AZ^",32,alphanumericSymbols,201.1
6320,"nPH[w_nEZ=+,9=.y:U)E;v3}*fsqv2T?",32,alphanumericSymbols,201.1
6321,ntNmZbJ&>@Kz.7PM]:&t[<AAQ3i]DM;-,32,alphanumericSymbols,201.1
6322,zJK&FD^W<2;efjuL}(]L%qD[JvX/ff3s,32,alphanumericSymbols,201.1
6323,--7*>Vc|caaPyx/|7UahCT*d(3)s@<j%,32,alphanumericSymbols,201.1
6324,"^&q,Dcz@m@M{q:rM,[j{gnj^b$V|$}Wp",32,alphanumericSymbols,201.1
6325,fU$P?nkr*([nYX>7D*>2?ku@.MtQTZ@J,32,alphanumericSymbols,201.1
6326,bYqHTw]ts2<AYQY!t3)?/3wq=bw#s:e},32,alphanumericSymbols,201.1
6327,g3huv-p/bJqQMz*$PYsLRaL79Dh*RM9V,32,alphanumericSymbols,201.1
6328,[P@2Tb|?}kRjZJbU=23eE29TuZg$qpa>,32,alphanumericSymbols,201.1
6329,m=>Nxa~*3h[Xr?hKU^DU4g^+&>TfjY|!,32,alphanumericSymbols,201.1
6330,[QQL(UH+F!NmPW@~c@Acrc_L/Ea#n4X%,32,alphanumericSymbols,201.1
6331,">*c:T~aR,?4zs*w/dH4}wNuta($=eLAb",32,alphanumericSymbols,201.1
6332,]y/j=#X*fN+7=LfaX~:%~F!@UpC+)(Yq,32,alphanumericSymbols,201.1
6333,"m)}3,dR=[-Ft>yEy%#3@HA[cW*hARTKv",32,alphanumericSymbols,201.1
6334,"DfXZdPY,mQRcd%!wr3@<,dca.:~Nzr$)",32,alphanumericSymbols,201.1
6335,"LK=_=Jj[ZYLi@f~H;gyq99,4k;j)(/X2",32,alphanumericSymbols,201.1
6336,Mt!kUj@7-|?V;^L4Z{vvZrjAYUt-ANUp,32,alphanumericSymbols,201.1
6337,2|V;mJ[/g^(R>A&*p&p*N+d7xpXKXDh;,32,alphanumericSymbols,201.1
6338,c{L.g>j]<JAT:%4X&Hk@[MH*d@UcQ|4?,32,alphanumericSymbols,201.1
6339,fHRzf_pWv2Q_iD/Z!9UW?qjWLF[xvtuj,32,alphanumericSymbols,201.1
6340,97x[+tJ<K(|wP$[Qks#^z-ecyb)p_$[F,32,alphanumericSymbols,201.1
6341,T@HtaU4*.xLC@iD.b%]}.V^Y$^Mwf7$(,32,alphanumericSymbols,201.1
6342,"*vzhR,kgUh)aqEqP&=kd<.K3W=!g*q,R",32,alphanumericSymbols,201.1
6343,":zZUs9]][csc3,@!.}{N^-b&eNwqizY]",32,alphanumericSymbols,201.1
6344,"C*.-(:<pK3D@/,RnV[AjJ+(-bLmx@|yb",32,alphanumericSymbols,201.1
6345,Tm{~N@M;!&%uM4MFsgNqu=4x&UfAQwrw,32,alphanumericSymbols,201.1
6346,Da*P|=j^T<g%2@_r;qgsC!F7]s-kP(bt,32,alphanumericSymbols,201.1
6347,"Nv9_n$Qb/f@{e},aqw4fETAh)cdE{|i-",32,alphanumericSymbols,201.1
6348,"RU3pR:<Ka!)veg{%,^iF3^jLq:|z2Yv[",32,alphanumericSymbols,201.1
6349,tqJ^QMV2Y)YkwhdE@@hZx.7iwhx}3aLn,32,alphanumericSymbols,201.1
6350,"F~DxWpR=>&k~9m&.!jF|,re^3vtX[wMz",32,alphanumericSymbols,201.1
6351,bUU&7|zpey)f|F[Un|7&?{i3;UiaU=Eb,32,alphanumericSymbols,201.1
6352,3_?HK#e9fhEVF!X]_v)vjPH^M?&V&_=+,32,alphanumericSymbols,201.1
6353,u@k*xRe+Ab.U!UrJ)eYzhCHnA]?Z-Ugi,32,alphanumericSymbols,201.1
6354,#R>Zcyb+y#+t^yce[!e}]agPkKVps2#b,32,alphanumericSymbols,201.1
6355,as[VUYup!A$e_.~Hkac}4D#^$#!b:U~[,32,alphanumericSymbols,201.1
6356,"n.i;c&HdEb%yEw#/!,KQv&q~EwE@.b(t",32,alphanumericSymbols,201.1
6357,C-+g{4H&?./d?~X~W%9/QbqvX4q!u)%x,32,alphanumericSymbols,201.1
6358,"_Y+e[&,W=K{MvV(m,<wK9_g<x-,.QM%>",32,alphanumericSymbols,201.1
6359,xjgUkx|xKRc{ssE<&W;t^Wec$jrC++xu,32,alphanumericSymbols,201.1
6360,wi]&xA}.])sz[ZW*>-bv{gTsxJ7YcwLJ,32,alphanumericSymbols,201.1
6361,pvbE3vx-ra-V=j^FnJysc~=c;PW]-h[x,32,alphanumericSymbols,201.1
6362,"$JEHDZ*$X?>tdTi}X+w~f<xAz9v(/@3,",32,alphanumericSymbols,201.1
6363,"^DpsMmc@yi]DL.:Qz,^kf?3pNr_|?r~H",32,alphanumericSymbols,201.1
6364,",mvT:xh:!:Vkm<n?*gRaQk:Mq<[D&W>|",32,alphanumericSymbols,201.1
6365,Qui>r;p/Fr~f+%&Zn-T%LVrax=Jc]M]],32,alphanumericSymbols,201.1
6366,"y.J~79EY:cRMs@AH@Y*Zj>s/iwz(fc,}",32,alphanumericSymbols,201.1
6367,VeLJW$bnh<>[kD-NzqYJM%(~?#P*2gif,32,alphanumericSymbols,201.1
6368,"#R{=R,:)]p!XVDk!<*Jv^J{?M!K@p&iq",32,alphanumericSymbols,201.1
6369,UC;aeY*Xi-!}ZKH7YH!t[i$dXpsDi*Dh,32,alphanumericSymbols,201.1
6370,g*C.^!^7:iH?rK43c#Nk4jbwsU2chFqe,32,alphanumericSymbols,201.1
6371,YgZNJ(s/;J[Pnnq/Z[:TDvrMbxUpKgLb,32,alphanumericSymbols,201.1
6372,"daZFH::!nY&NC<+$u:9t&gtX-Xe/w;,e",32,alphanumericSymbols,201.1
6373,-d;--||/%WJTvWr/A>Mvs<)cZ3)XZ%]},32,alphanumericSymbols,201.1
6374,st%4CbZne[?Z^MEv>CmpnYV2ge|@Xx/u,32,alphanumericSymbols,201.1
6375,A)fVPK@<~wZA[7cp/X%/$~ey(2A4r:2L,32,alphanumericSymbols,201.1
6376,%RVZ<jHb|;fEEPt$MmPWs:.*uQeu)_fv,32,alphanumericSymbols,201.1
6377,r$Fy2W/enRE($vu3Qgad(J$eVq^inPL[,32,alphanumericSymbols,201.1
6378,J2sDV[3qE#~%R>UZDa}*{w-QbjYn+;+P,32,alphanumericSymbols,201.1
6379,"4rbFD#N<},cwi^mQRUCDc>#*,{fT_V;h",32,alphanumericSymbols,201.1
6380,h2-Vn[:?p!HUjw%>aXc|a<u)~XTxsxUU,32,alphanumericSymbols,201.1
6381,"Ka9&_J7eg]{p!VZ%>>%;,2fqJ4Txu}z)",32,alphanumericSymbols,201.1
6382,"T^v,LrN{VL[QLCj#w|pNb}7cKf>Nhvj|",32,alphanumericSymbols,201.1
6383,c#Rq$4}vDuL*p&rM9/MgL?NJY>L}r:hD,32,alphanumericSymbols,201.1
6384,uTgpsZqQ=A<;hd3iiE+MhDjXHHzjH{Un,32,alphanumericSymbols,201.1
6385,q*ifaU@n<)a=3kTYaK};yvzZ7.L2fDuw,32,alphanumericSymbols,201.1
6386,"Kg?AM=h/7*-YR_DbT(s<:RXt;,Kp$)c(",32,alphanumericSymbols,201.1
6387,_c*~Lq&mD9[nU]]*KTL9-h*E?<m)=.XE,32,alphanumericSymbols,201.1
6388,r>{EwXq_V]2&;[hQu7yyp[Wm&NQ)Er>z,32,alphanumericSymbols,201.1
6389,H4xviq?=jsY$PD@+;^My!^v_pvex4L<N,32,alphanumericSymbols,201.1
6390,(#{Fz{(>nbd;U_iMgLK-~.<DfH|vU[?a,32,alphanumericSymbols,201.1
6391,"XJ),Jc^Ua>_]M-ZKu^W>vYhm/t)+wpP7",32,alphanumericSymbols,201.1
6392,+^-iux[Y=tUqRnj<vK;+KRdQ3y>#h[z>,32,alphanumericSymbols,201.1
6393,bsAtsRQ=b>*x[)e:nZ3>:P4&H3jJH!yT,32,alphanumericSymbols,201.1
6394,-YVmN!DTb.p4)34AiJ.]d:@tL<9jy)*X,32,alphanumericSymbols,201.1
6395,x.j~?>*;Vy(R=N+^EA;(c&};/]Hkty(;,32,alphanumericSymbols,201.1
6396,"hkw-NxWAq|z;|ZqHTd*?K?,i-t<q7!%Y",32,alphanumericSymbols,201.1
6397,UhDiv(>@t^s|j/kXZUF(E#7;:eC>J2yL,32,alphanumericSymbols,201.1
6398,<-@i?JqXCMbr/A)ArKW:U3$aUd^9d&MT,32,alphanumericSymbols,201.1
6399,"./{A{(2%DU~,MK$cg,U7D9;bDVNwMgy4",32,alphanumericSymbols,201.1
6400,@hPvqp}M2^qg3Hi;7^-g)][u4M$TeVCa,32,alphanumericSymbols,201.1
6401,"*w93~CUs{^%3-pApXg#j:HeYP#)kRX,?",32,alphanumericSymbols,201.1
6402,.^XD_Ek^_]%u(j{9MUm.;?E-eh_teeyT,32,alphanumericSymbols,201.1
6403,mZC[Vb%PZq9:!@A+ThgCZmhj[:g?=mcQ,32,alphanumericSymbols,201.1
6404,DL|wba;zZv(]jiUH/w}nLxc#j}WvX#-;,32,alphanumericSymbols,201.1
6405,3/A@eY}NT_XtrL:JYWT[|4H77rV=WfET,32,alphanumericSymbols,201.1
6406,"yqU;V|j:[,}fd>9rf2:[{,<LJax*<?-J",32,alphanumericSymbols,201.1
6407,"h}q]<U7<Dcd(%P4,$f3#u<{/q*]C?uPV",32,alphanumericSymbols,201.1
6408,tQge!a%.cPf7@3*HinwLQ=}zJE2F*u+!,32,alphanumericSymbols,201.1
6409,b]nq=|xW>j-]K&Km/n%>N&t[u|]f~sAQ,32,alphanumericSymbols,201.1
6410,"UkJ3-99_|,CZ2z;i[~uaFi/PjK!?K$N*",32,alphanumericSymbols,201.1
6411,{Zp!=b!hwZ(7&pC@(n[qLepnjUTm^y/},32,alphanumericSymbols,201.1
6412,"]bhbK(DP-?|HPV:>N=#^,KH!F/UpeTM&",32,alphanumericSymbols,201.1
6413,:s>+bDh2&7!^{VxR:Y$ev($?~nYji^zX,32,alphanumericSymbols,201.1
6414,#:s{J!Cr:MK!![(gP><LC_)HJ&uNpQ>=,32,alphanumericSymbols,201.1
6415,wtTrgz>Y_{ahs7YJdwHZu^mK!9{HU}=i,32,alphanumericSymbols,201.1
6416,"u*]_<m|&CPE7T[<3tL$,gCk3J>qj&m(*",32,alphanumericSymbols,201.1
6417,"W4Qr4DZD~Mp,=$d{r)krXz~rb-2fs&bi",32,alphanumericSymbols,201.1
6418,^CP]g+JwrP/dqiWC=f!|U(sAL{rN~c%$,32,alphanumericSymbols,201.1
6419,v3+4&d&sMdUjn~dU-#{DXJrEDeLpx(X+,32,alphanumericSymbols,201.1
6420,Mc%%3#.=XJfxPj7Un$bH@v/X<>y)FApQ,32,alphanumericSymbols,201.1
6421,"=]mYV;kLA&,-q}=2_/D)Mqkmn_|9fsZj",32,alphanumericSymbols,201.1
6422,u+#n:QHX2C$Kv]q=&?R-fq^<VW&QJ+s^,32,alphanumericSymbols,201.1
6423,CbWPH}{!>)k%d[@27jK7;a&n9eg$_PKH,32,alphanumericSymbols,201.1
6424,TpTW^$q[R77h;<.A7[HtV?dv+p[b<n;7,32,alphanumericSymbols,201.1
6425,"e)+z/z]FtAcU];XjyrYb#,#vJx,#+Nqc",32,alphanumericSymbols,201.1
6426,YMY__Y%fr-g3E~(.k.q-{(?=jU|%KTn@,32,alphanumericSymbols,201.1
6427,V$:X(%!j)|]KT4sbVzQEN%hvjHHCYCmY,32,alphanumericSymbols,201.1
6428,&{pLufv2Mupkka^U:3+#%]JmRhK?xcRY,32,alphanumericSymbols,201.1
6429,bni)]HUcn-@-Yz;-9{Zk>Ke2QHxez#3$,32,alphanumericSymbols,201.1
6430,"N2HL3(jHbqe?;!]}Hy,..mXMH)xt.r{9",32,alphanumericSymbols,201.1
6431,"4Q*[v?9(@~V(#CxmjJ4}Nf:Hv@[,Fqmu",32,alphanumericSymbols,201.1
6432,"NZsq|~k?3nc:2]F}Qz-,;g=TZTJ@v!Pf",32,alphanumericSymbols,201.1
6433,"JR,u%]XXnE[U|sj/%7;D,j!uzbU|#q_T",32,alphanumericSymbols,201.1
6434,r!ZeWE[:7VXQAAf2*!7%[3Z;)kazT;9C,32,alphanumericSymbols,201.1
6435,bg%qYf;-ej>n&>E?)WarAs{@^Vj-tnw!,32,alphanumericSymbols,201.1
6436,z(W@FjtRhh=&c@uzhQb(qib}[TWDYy{{,32,alphanumericSymbols,201.1
6437,p[w~&JM*4=q(A-7eyQgjc]WW4]D.jKr(,32,alphanumericSymbols,201.1
6438,#a+{T3mz3i{bhzc&:Dn(].uj#b!T]=9^,32,alphanumericSymbols,201.1
6439,"x7s*}gdjrVC!!3^jFAi$4DMHs&b,p4/=",32,alphanumericSymbols,201.1
6440,"%|<fQVNME&(.(c$MF3<e+P,VTQnLC;|v",32,alphanumericSymbols,201.1
6441,(PYehWh<td/mJhMy7TJMpN&#>~CmH^i;,32,alphanumericSymbols,201.1
6442,(}K(v?&-%C^#H:>!Lp|4uVtLy~^~W)@u,32,alphanumericSymbols,201.1
6443,"=^=3fHpff7fQ?pu)x@>uj!cxwhR),{NZ",32,alphanumericSymbols,201.1
6444,^avx9n-n]:$&q|]Hchgf/t!bT?EjaEdX,32,alphanumericSymbols,201.1
6445,VDQhrN|ACb(s?cqtW-2-wH:J*}M*-::W,32,alphanumericSymbols,201.1
6446,9[fgPiRzD+q-i*gCEaY&HjriuQX{z7:2,32,alphanumericSymbols,201.1
6447,>wJ>qaW3[e7K(_}2d>Ybi-W.|R_NxNK$,32,alphanumericSymbols,201.1
6448,9z${LiWb7|!#Daebdiruv]D-{<XPk}7!,32,alphanumericSymbols,201.1
6449,yj->wMNhX=FfE+gD3nKQkZh]#xQk$j)P,32,alphanumericSymbols,201.1
6450,-c+T)C_C9&Wgc3;nb}v#>i*U$VNAbM$],32,alphanumericSymbols,201.1
6451,"E?g,g4w&:/(E@n{/Rep!2wm&$rq37{e]",32,alphanumericSymbols,201.1
6452,wVj=dhnnC^4M*M_4d[emtx)$U&EQ@Rs2,32,alphanumericSymbols,201.1
6453,e&(ak$XCMZYFNCd)_u}|eHKzsKVm4HrR,32,alphanumericSymbols,201.1
6454,<DDDvJabj?A?y&qQd3U+{/|9JkC(WqiD,32,alphanumericSymbols,201.1
6455,EP&{a+~am*xd2byMvV-d#P9VhU{2iAy<,32,alphanumericSymbols,201.1
6456,"-RceEh_Nz,V*,Z@;f4K~hqy:/s}g,.([",32,alphanumericSymbols,201.1
6457,"s-XP#$Au)p~ja,zx@U#=e!A(]e=P3f^Z",32,alphanumericSymbols,201.1
6458,(&E:D=}[3m;HE(4pHa9*--9mpn%Yy.RM,32,alphanumericSymbols,201.1
6459,&uWMbbjNfY{?vvf@(XneN%^b:Aqqp-N_,32,alphanumericSymbols,201.1
6460,"W%c3.7/Ri,ZfV(|e{QdyKMUq(][ez(YD",32,alphanumericSymbols,201.1
6461,z?niRZqT3eK]+/}-&:)Xfw7tqKie+Xv},32,alphanumericSymbols,201.1
6462,Hua)]eCM=Ev2)+|F=[JH^UsqWq]FT{Dm,32,alphanumericSymbols,201.1
6463,K<R]fdEDxZCNHpv.A/Z|fWY7krUQL>Aq,32,alphanumericSymbols,201.1
6464,[v#d|{gRLz{9>Xj.#kZaT3ki!riq9U.$,32,alphanumericSymbols,201.1
6465,"aaCRi2%k]L#4Aq}c.,<k<b*rJV(WD!WQ",32,alphanumericSymbols,201.1
6466,4J-Y^iD]k{[PTL_[g-;RJ|*y:a!jh)!X,32,alphanumericSymbols,201.1
6467,~{7fj4Y!4R|wen9~R7psKW~QkE.:%f)C,32,alphanumericSymbols,201.1
6468,"[FKxjyY/,gC&U9N4[L!==2~)De^Tt)tW",32,alphanumericSymbols,201.1
6469,g*k&pN-D(arkj}/7|!{K&*L@w$7Hi|q},32,alphanumericSymbols,201.1
6470,[jHCPfCvMv)c!UbM.-a+*Tvp>Q!!XJ_D,32,alphanumericSymbols,201.1
6471,uf+{#L[7vgwRQq~|@<xy_L#)w*ucjLqR,32,alphanumericSymbols,201.1
6472,"&A_wuF{n*,mXZ]jcLV+V]svk;:%A^jWF",32,alphanumericSymbols,201.1
6473,(Y%NNhWkizV&rXEKtx^NejU%~QK*_!tj,32,alphanumericSymbols,201.1
6474,%~n(4p(AAk39cxs3&~aayy<gs--}EYr&,32,alphanumericSymbols,201.1
6475,"|H,TsdsC_(^)sK)Ud#Pq+wQPkTws^?-3",32,alphanumericSymbols,201.1
6476,#xDr/PZg&%72:F4*q_wv9:W@kq;vY9+f,32,alphanumericSymbols,201.1
6477,CPNj.hir)T_~aiADj}[k=LA%x>&Fm$fy,32,alphanumericSymbols,201.1
6478,L]=4?Hm^*QrhFn~E}4xp!Ki+rn!]/DP*,32,alphanumericSymbols,201.1
6479,r)zvd(+kwEh&^9)iV?<[m29cug.-2)Uu,32,alphanumericSymbols,201.1
6480,CqR/2d^Ti_n;^+)/Ua{PM.Jgb(wUcp$4,32,alphanumericSymbols,201.1
6481,:<fAv:?n@n;-F]_C@2|TU:Qr$?u/x}7?,32,alphanumericSymbols,201.1
6482,[a2=K.%VeT3LM=#WH![mF?rN3&4^A)<g,32,alphanumericSymbols,201.1
6483,RY<4iqye}tZ;LyeXW^;M>AAWL]_V+r-;,32,alphanumericSymbols,201.1
6484,&LHWD49<*|m::Wjy&^<ab[xCf/u|42%-,32,alphanumericSymbols,201.1
6485,"+Z+:F}DM(/Vtdjz*.)_isQe2F>(Js/,q",32,alphanumericSymbols,201.1
6486,"m;y&p=rjVc27q<(V+wYQ:,3[yUm4zdp.",32,alphanumericSymbols,201.1
6487,E/!9$<=<7e=t-ArH2+aje@2Pj>*rg+Pv,32,alphanumericSymbols,201.1
6488,g&z/qW})c>@yrV%HQm]n!Z3-wJkjz~g>,32,alphanumericSymbols,201.1
6489,Cv/>P<XrP9q+&N:u);/-x/:@v7=^^N%F,32,alphanumericSymbols,201.1
6490,"Djm,qQPg<xnygr@c73!U(YU.9:uH^Np=",32,alphanumericSymbols,201.1
6491,iZh{+|E!>YMKtuC9Qq4z^M+awt_(fU~%,32,alphanumericSymbols,201.1
6492,"JT,t?C*q92f4JR(cv3i}twqfu|^JXNvW",32,alphanumericSymbols,201.1
6493,"es:4Puew<mz,y){!Q)7RT@AQ?f2@LT^W",32,alphanumericSymbols,201.1
6494,&]xU=VTiE=42gKX|(<jp/<w~Epa$3)vE,32,alphanumericSymbols,201.1
6495,&4UfijRkW(&|<>XHviEKusQYxj#=_Uks,32,alphanumericSymbols,201.1
6496,Z/k<Q_nM7[}dmcWbU~b]v#NaZ-c:!4;X,32,alphanumericSymbols,201.1
6497,"4@,rutDuHj^Tm+zgsPk2v/Xb4Jdcr.Yh",32,alphanumericSymbols,201.1
6498,"#Q}(Aacj,]iVUD2W-xZe2C=kYK[[4i)9",32,alphanumericSymbols,201.1
6499,"F=a,r4QMbVy!T@^ughe;@s_~pcmNm<Y-",32,alphanumericSymbols,201.1
6500,W&UYK{cHmwVJDW:cgLheTk|ua$RH[;Eg,32,alphanumericSymbols,201.1
6501,7!#_p<:@+McRh?cvq!3>dec}.d|}}v[m,32,alphanumericSymbols,201.1
6502,P}NvQib$P:%s$?f^/[)/MDM^4fa7z>:Z,32,alphanumericSymbols,201.1
6503,"#p9#Fgz:23H>@=vwb,(h?p,:Wc7H*j:|",32,alphanumericSymbols,201.1
6504,h3NiZ:N!u}Nu#=wfjQEz(T(</X?2&=(T,32,alphanumericSymbols,201.1
6505,nR@Niu7Wk/#Nh#T$HnypE@2pYb]rwV%e,32,alphanumericSymbols,201.1
6506,s[9/NT&~:;bgZKyDM@Mr=u|Z):H!)kkP,32,alphanumericSymbols,201.1
6507,"At(YTM}ftnggzut_M}+!L{c>?&F,,Zb+",32,alphanumericSymbols,201.1
6508,V>3@ku4[p(pvt%cY_>d>+Y^w~$aJXy:s,32,alphanumericSymbols,201.1
6509,Cwc~=2iN)P4Z3LUd;%vt23c+)+p2Xp:&,32,alphanumericSymbols,201.1
6510,KcUbQnezTyWX3nN@H^r|[:{shLp$c%L*,32,alphanumericSymbols,201.1
6511,?2m:LC2CN2<({PK(|#.s(--MAe!N-;Pv,32,alphanumericSymbols,201.1
6512,F4N.[EZZc[Y:Q@/&tFKy@jv:[f^/(/EN,32,alphanumericSymbols,201.1
6513,"[*.L2n%XQZX@3LD3vH9]UK@,*mm2+Kn~",32,alphanumericSymbols,201.1
6514,"Dx~Z^,/7=DKT*$qP.)33A/Qfxq-_f{eE",32,alphanumericSymbols,201.1
6515,Wy/X>--4c~UY%>p)Qd}hv{q-nxz@-tDd,32,alphanumericSymbols,201.1
6516,"JQ,k|c}ME_,s]d22fx?>Kga/KTxaQmJq",32,alphanumericSymbols,201.1
6517,H7)(cR3_u<Xj}N;geQVp[AU%h_/Qn9d|,32,alphanumericSymbols,201.1
6518,~(fF^-hXbq[R#%Wmm+b$~:Cf=mzC4L2X,32,alphanumericSymbols,201.1
6519,*y}T:idud_{vCj|{|E/J[w|Xe2F(u.2f,32,alphanumericSymbols,201.1
6520,"?Aq,j{&X[]4M=rJx)pryv]H:zHP]3yN;",32,alphanumericSymbols,201.1
6521,"!dydrjb&H,iDz!Z?f]vrgX:@]j4|!%eF",32,alphanumericSymbols,201.1
6522,&}P#m*Ce~7P$AF{kRTfx>XEZnjmtk@}L,32,alphanumericSymbols,201.1
6523,[xQaUzVd!@{(nV=H;;$Rq-|whN.]u4u4,32,alphanumericSymbols,201.1
6524,}/<W)&=&]AWby]7?cp~r+LXZ;UZ9T>p.,32,alphanumericSymbols,201.1
6525,"<n?(qDMv?gHxAyPND|,|YE&2g<n;%[+M",32,alphanumericSymbols,201.1
6526,N_d$JFzL77JdY*VV%{cYEY?93f-k$.zr,32,alphanumericSymbols,201.1
6527,",.jPgYb[(K4rpiUnC,Z[%tr>Q$DQQ]{c",32,alphanumericSymbols,201.1
6528,kt&q}h]xs33$%N.WCR97ZyEq|]Ctvx=Y,32,alphanumericSymbols,201.1
6529,"T7>q:Lr>!QCV,R#JZn7u|7Uki2;??_CP",32,alphanumericSymbols,201.1
6530,"pTgR{e+y)),N:ct#rvh{gE7bb/Zq3gM]",32,alphanumericSymbols,201.1
6531,Xg]*){aFY=)nr!d-$N|uZ&b!@2%u*@VU,32,alphanumericSymbols,201.1
6532,^~F+)jgi.qL[.D??!%;EV~;kfh_%e*#E,32,alphanumericSymbols,201.1
6533,"VJ3LH|TXqY,Ab!Y9-7c>,q<[};%sakWx",32,alphanumericSymbols,201.1
6534,4nYkrr#jaZ2<HL>fvjy[}}#AD#TF}*iA,32,alphanumericSymbols,201.1
6535,r@M&C.|gL&i9jyPX?NU7U&!AN^3ivv9X,32,alphanumericSymbols,201.1
6536,"k$j9&4p*TYL>cZE;-bZ&W>ZX*jkQC;F,",32,alphanumericSymbols,201.1
6537,AmQyxLYM<N3(7)e{.d(KPL#4H|utsA-a,32,alphanumericSymbols,201.1
6538,K4{v<D[)$hahq9*T{C$:?H%2RVHavsEf,32,alphanumericSymbols,201.1
6539,v!X_}MWKi*qAUH9am|&J<b(s!RM?]ePr,32,alphanumericSymbols,201.1
6540,"Er)]{CLns9iQhN,sVV7Ha9E^U|hZ7{QR",32,alphanumericSymbols,201.1
6541,"(C$=HDA,jL|zF#QNYFw}$Wf#=;C({v+a",32,alphanumericSymbols,201.1
6542,z?hbd^<!7JZDek%qmswytWLr[^:4Ea2m,32,alphanumericSymbols,201.1
6543,":m-Ep@d2NaX!{PE:pC/4w^#XN7?,w[C,",32,alphanumericSymbols,201.1
6544,U%!btTXp_v$^[2#ns.fe>K2V])2%j&]Q,32,alphanumericSymbols,201.1
6545,"#~v#z!dbEq-ij)KM.,P)EZX3Qx)N?.Cq",32,alphanumericSymbols,201.1
6546,",yjZDMdE?bW*}WY*:W3MVs?@Fa-Hd%/F",32,alphanumericSymbols,201.1
6547,4EE(9vJu*e*s@v&ww#2.Cn>Q$t^R>:sP,32,alphanumericSymbols,201.1
6548,AuWwyZEUk^uiV;shMcd+7|22JiLx!sv.,32,alphanumericSymbols,201.1
6549,"4qZAW3W!R(7qXi~ri,3[*t:uM2P+DW_d",32,alphanumericSymbols,201.1
6550,^aZV)=-Petf&{7i}vkUD[]m&e>ZP-$b%,32,alphanumericSymbols,201.1
6551,}!%vei22j(|zJMH[y(j3xHDsJwd(3U[e,32,alphanumericSymbols,201.1
6552,{t$<VECR{>:a|2^fZT}EMf[kJLKbnq%Q,32,alphanumericSymbols,201.1
6553,"W;HHdTysc!+sv;dgL/:dwYKpJL,hxbey",32,alphanumericSymbols,201.1
6554,Y=KCE2]r~Ue]%@E__Us}4Zu!xA_Qj%c!,32,alphanumericSymbols,201.1
6555,y/Y!2U=?:}JA(+2(xd[Zs!(&u=]./t~(,32,alphanumericSymbols,201.1
6556,"th$rx:dssi!.#kv,]Wf<zd7gsMM^,N=*",32,alphanumericSymbols,201.1
6557,"JCF:%cp%a-A,FYdtNzM$HJ/iq$vPr|:U",32,alphanumericSymbols,201.1
6558,_y-|ch}~sg?V?x*ut/;~2E/N4PmiX!~u,32,alphanumericSymbols,201.1
6559,"xh~d&Rc;cwWm9a,H-P#xZpdt:j)[*EaQ",32,alphanumericSymbols,201.1
6560,u_2}Q.2+ZgX!DYVifFM%YVANgqR~aj%],32,alphanumericSymbols,201.1
6561,J*khpra([9Y_Rh@cst2jgxdH>rfg(W3e,32,alphanumericSymbols,201.1
6562,j42XL@cJdZ&MPEh<d<DEE)!g&~[wzxP7,32,alphanumericSymbols,201.1
6563,{P-(J+(rE(z-@cNd~KeXf3LN@DEwhq9*,32,alphanumericSymbols,201.1
6564,"e7?C,%V)V/fsP:t!kt]i%Ak+2R;cK%k^",32,alphanumericSymbols,201.1
6565,juwp-qE]Y.fr)uy9$Kz;]Cg~wQtXA)f!,32,alphanumericSymbols,201.1
6566,"e{,P%=^%PpLE!n$d?J?ah>_?LA,+^M>j",32,alphanumericSymbols,201.1
6567,"&bfNFr,Y;cp}F,|}x@ZNg&T9{Eqk)a&,",32,alphanumericSymbols,201.1
6568,Yrz$#t!3FjgT)R^y3.=fN;3&{P$.H$]%,32,alphanumericSymbols,201.1
6569,"DJUEFH~LAV/(Z,7>pb*tiq7|H!Y2~<HY",32,alphanumericSymbols,201.1
6570,Q!F{^r9<L}}#rKQCfKPzU#b&es(pxY)(,32,alphanumericSymbols,201.1
6571,+m+Tu#ENZcu)n7VcW4X$@2w:yK?L+#w(,32,alphanumericSymbols,201.1
6572,"!DE|/X^r+F39;qz_/nqd.,k*V=:M27HU",32,alphanumericSymbols,201.1
6573,su~mT-&Ta+xt}T47:_eM(H4Ct(d-}Jy(,32,alphanumericSymbols,201.1
6574,^i+M9^Xmu4{Q4QgLPxhqn/(cQc7LZ#@g,32,alphanumericSymbols,201.1
6575,:PEtE)K+?XE<KtWuWQtqus]q239y3L?3,32,alphanumericSymbols,201.1
6576,"t,j%J%mJcHWx+xrKRtF2c!CVX~M7[mb_",32,alphanumericSymbols,201.1
6577,"4uC99sDx|b3vX)YLb~,ULQ+zq9qY*_C.",32,alphanumericSymbols,201.1
6578,WX^rie~-N~vUeDCmT+^^4/>zs*iqP:W2,32,alphanumericSymbols,201.1
6579,#n:uepC-U&-F|4;-(grAs-TnCd@@ssg?,32,alphanumericSymbols,201.1
6580,JZ|u;LYLL;3&sd4V~efpd[uK*#^W7+Xz,32,alphanumericSymbols,201.1
6581,"v,;Q?9Q=c$Kv.*j/VyAr_(CWv<{JixP%",32,alphanumericSymbols,201.1
6582,"_T^kxF&MHE,NL&$iZV=^Kr3|~$(TDKj3",32,alphanumericSymbols,201.1
6583,"fU;4E^C,3g;M=:hihCL<?Y<E[[<y}^u&",32,alphanumericSymbols,201.1
6584,YxZ2is+ct7)!mwAdT@/tujxhC9ze>D].,32,alphanumericSymbols,201.1
6585,"9~2y<P2</~qi=hZgy>eb^&,#@P?Wi^sJ",32,alphanumericSymbols,201.1
6586,"V2@=.;x:g?Y?,u#[(nH!4}cP2b-d@3b#",32,alphanumericSymbols,201.1
6587,LYLYe9@-vM:K|4-=VTdqQPUMc>.y4>9&,32,alphanumericSymbols,201.1
6588,zCp[qE3=k!Cx!DC2D;~b:bz:&%@)g<2a,32,alphanumericSymbols,201.1
6589,/%EPeM|sJfrE&nH*D.|%YugC$Z&M{ubs,32,alphanumericSymbols,201.1
6590,drvJN9J)RTTi7Y!^n>T->m&U%t!3M*/=,32,alphanumericSymbols,201.1
6591,%ZYVm<4tZ]/F<wJw$M~2TdQYaq<kQ<n),32,alphanumericSymbols,201.1
6592,|/RE^D{Pbf<Tqmxmxh7ND;T_wNhw|uPj,32,alphanumericSymbols,201.1
6593,Wi~;;(AzuZ#L.N%@?%ej7b{Q*4Vxt;Hv,32,alphanumericSymbols,201.1
6594,4^#.j.!r4FmUd29zDP;UD2<r&uj]:Cnw,32,alphanumericSymbols,201.1
6595,.@pvp7jPt|*4jTimVA/=WiP2wpg7}zEh,32,alphanumericSymbols,201.1
6596,"M|!X{TjJ|:,iW$xV@Hxs+b(*sadAPm)n",32,alphanumericSymbols,201.1
6597,"7%rEH%+}aJryL9,M~,ds~JmV]RgR{&L9",32,alphanumericSymbols,201.1
6598,t$Tm;Z/e(q}]#+Z<2DK49RE#c9#L<@;%,32,alphanumericSymbols,201.1
6599,]{DN7Dc{m>LW@H94yT*J9vH-[;Y:c?)4,32,alphanumericSymbols,201.1
6600,"KYT)vzjD/qKWHeHq#^H,$t$$>K4K}LNp",32,alphanumericSymbols,201.1
6601,ib|qEDj)$@|EQvvjU<h*t!;7&v?Fy9}e,32,alphanumericSymbols,201.1
6602,"uK9)[:vpnJQD@N*XVP]3,&ty)%Re|P*b",32,alphanumericSymbols,201.1
6603,"*ULJRv,v3kgR.(.^J?yXQ7?{m^H93&cC",32,alphanumericSymbols,201.1
6604,"h2*}(<:7,|.u__Y7)X(>d,3rvM>!7TXw",32,alphanumericSymbols,201.1
6605,[&gUQq@!/dr3|LEsJL<~R9{gW.X<=F~^,32,alphanumericSymbols,201.1
6606,g(!2hXkiM#Pj<{>z2}2)vwFYbbz]s*j+,32,alphanumericSymbols,201.1
6607,",AH3D%JE@V(/pim^&Q3_?K/A=.^Ra-tT",32,alphanumericSymbols,201.1
6608,"-]^N|]Fx[4,u#dzzU;]+hyMd^_9*|93.",32,alphanumericSymbols,201.1
6609,a_~r==UiEMd4ic?3j2fKH.YQ:w_hW(u&,32,alphanumericSymbols,201.1
6610,"4u=?[=?E>?T)[}Zc.iz&k/f,fuN/9u+M",32,alphanumericSymbols,201.1
6611,Q{*hbQ~DF;UxYnJ]}Wh@vYE-L*c;xx^g,32,alphanumericSymbols,201.1
6612,"T2Nzir?[>u3ff)#FstcE(X*Q:nyp_af,",32,alphanumericSymbols,201.1
6613,a>Xu<&Kk<}k4zY.c#?;cF}bZ+s=3zYjf,32,alphanumericSymbols,201.1
6614,};HyKvpv(Vj{-yX|*):-K-RJ}qg>%L/(,32,alphanumericSymbols,201.1
6615,;W](>dd_s#rFaUbZ;7FW]_r23KZ)Nc%a,32,alphanumericSymbols,201.1
6616,RmxxHyed!Qdh7*]PQV*RFJa/)g$R_((c,32,alphanumericSymbols,201.1
6617,;aMDdVVPP!{E:PK?2V@{D;_E+EHH){c9,32,alphanumericSymbols,201.1
6618,"Xzm(>ew+kv*]_XR?p+n)t,<(*w]>Y-$y",32,alphanumericSymbols,201.1
6619,Z9iYNaEzmwH^KVW;/3kyVieeQALTp;*j,32,alphanumericSymbols,201.1
6620,!xp#WF9vM3CCKen:(e.ny(N@|>K?>EL;,32,alphanumericSymbols,201.1
6621,LM_+tJ[.s;&i^^vaVirPUC+[X&j]jtPe,32,alphanumericSymbols,201.1
6622,"N@j:&a=*KhAw)3Uym^T}n,)mVXFsQ%)M",32,alphanumericSymbols,201.1
6623,VXT#<XjV^*d$yN:[+[@YH:Q9:*K=sJr},32,alphanumericSymbols,201.1
6624,"jgTrDC!L,V:.?uz2:^3Q[Qg|U#xLa&2A",32,alphanumericSymbols,201.1
6625,dTMjgR2TNp}y#xKL}j3{M*&LvD|*v?E^,32,alphanumericSymbols,201.1
6626,"F>vk:Y7Mxn?T.Rk%-,_HRcZ]]4/~jLvZ",32,alphanumericSymbols,201.1
6627,N3uerUm(7qz+qkLuPxrg&[Fh_PtsMR-L,32,alphanumericSymbols,201.1
6628,"z:Dj?z73;N$4?.-~k=fMaq(,%rsWheZ3",32,alphanumericSymbols,201.1
6629,LcT;j^KE#p~P}&{]a>*#&)*)i#c=R#ke,32,alphanumericSymbols,201.1
6630,"Tmf4;)-,A]YzWW{7dm^rTd!7;grt|Y9T",32,alphanumericSymbols,201.1
6631,"H)nqku,#{r(L@_^gTn=T)9V#zAQ[KUYM",32,alphanumericSymbols,201.1
6632,".^pUN-3zsT4$NC>.]&kL[+vNDKEV[ce,",32,alphanumericSymbols,201.1
6633,</w[m*d%d4)U:f-AkaU4CHYR)b}b4(*x,32,alphanumericSymbols,201.1
6634,F_Q{d7vQWNMtQ2:@R<?V+>X$M:?n*n_%,32,alphanumericSymbols,201.1
6635,",L7*wt;bNhE=X_~LT9MTyh2KcTgKsbKD",32,alphanumericSymbols,201.1
6636,vk4;-^:nX.|ytaTDx@t-7/cvsw?Xa74a,32,alphanumericSymbols,201.1
6637,{FxJ3[dEnDuNhK;~bbk}./XgFu$-(Jt7,32,alphanumericSymbols,201.1
6638,"<q%>ZN)F*zFh4Q2:&H%*|ey,9srAArq(",32,alphanumericSymbols,201.1
6639,V*K.=xM_Maa#@Ei]-q%i7@FVC.Y!+C;~,32,alphanumericSymbols,201.1
6640,2HMdK_*a#E9^f7*|txXg!i[(2bgpp%V+,32,alphanumericSymbols,201.1
6641,WiMX:dwnk3|Pv^-R+Ea;D?k.:rd}!XKb,32,alphanumericSymbols,201.1
6642,>^2N+k-7Tm*Wc]jktHvcEK|-2<]v%$i<,32,alphanumericSymbols,201.1
6643,[2-?X~{C]+7#av-KYWaf!WZwpa(F/MvH,32,alphanumericSymbols,201.1
6644,LDmt(EFsWEUu%rf3{9&N}[Tk~hT2tf!2,32,alphanumericSymbols,201.1
6645,mC{!PTdAPNh*TU9(v9$XE)cd{!2bZn#m,32,alphanumericSymbols,201.1
6646,.ct?|hE[X9?)..9(>&/iYqP$xesJ4N}},32,alphanumericSymbols,201.1
6647,";<_/zLiLpiR_qredHpf.]|,K.>cZCyQ}",32,alphanumericSymbols,201.1
6648,QX$p.Xht!-}RtE@ee}qyj}Ngh+TmHe-],32,alphanumericSymbols,201.1
6649,qYD^FV249RT49(hQK:DPTyH/Ji(?_YD+,32,alphanumericSymbols,201.1
6650,+&d#}/_A$?pW?z/.;{Yn!Tyz{Fg@L^.|,32,alphanumericSymbols,201.1
6651,TF+~KE)-Zfq<4iLL|QCyh!X_-{qUZnK7,32,alphanumericSymbols,201.1
6652,Nu]%${u_/MzwRgzCR&-b>vf-FE|k[M(J,32,alphanumericSymbols,201.1
6653,^h(D&zw~c)7c?*%[JXc~<~z>ns*4Em@P,32,alphanumericSymbols,201.1
6654,z>H9fZun(dJH};/{~.N*p9!hpRYH$RzW,32,alphanumericSymbols,201.1
6655,".TRE&L{HcZKjPj+*j,<zPr_v)7]Mq=y]",32,alphanumericSymbols,201.1
6656,?]HuvmJTxhR&V2R?DvKt!?U_]/D^ssmx,32,alphanumericSymbols,201.1
6657,"Hy3x:k~|R<e&UKvzejJ7J-AT,#ua@^zF",32,alphanumericSymbols,201.1
6658,"!;K~~>{&fi=|%X~,rsmvNrh}W!.Y$;Hb",32,alphanumericSymbols,201.1
6659,"Y)y|iDz.)^e^<a@?%.m%hW,y(TwC=avr",32,alphanumericSymbols,201.1
6660,U!N[.uM.3=t$tw#?QJw2{X3]2U3r*aQz,32,alphanumericSymbols,201.1
6661,Y!VFbPcRuxU3!7(QvxAAAm=d&b@Xr(W=,32,alphanumericSymbols,201.1
6662,"hz+(=]?$Y?QTYx@,(n#REnAs<r_^d)+H",32,alphanumericSymbols,201.1
6663,WQPyWdK)EVTXTvTi7{R9pq>F.)u7K!K=,32,alphanumericSymbols,201.1
6664,"n[7[g}}VZ^L|P%xu^;H>>zdm2W@F/r$,",32,alphanumericSymbols,201.1
6665,"^NwAp7A,uY2,@bM:i2WM<$%#$t)-HA>v",32,alphanumericSymbols,201.1
6666,"}n>UEq(42*D{r~2F,~Z4?UTtWZyQ7^VF",32,alphanumericSymbols,201.1
6667,9:J&kmgt2nJZH4.X*uV.z$9$XUTn]Y2Q,32,alphanumericSymbols,201.1
6668,Yg+<q<X)(zZ2?A<X7e)&c>Y3[>H.9<?x,32,alphanumericSymbols,201.1
6669,"}R,&x_]tD<)%:33wHx}@Cz=:mqaKfn.R",32,alphanumericSymbols,201.1
6670,?[N)t[;@4**x(Y+QX|(^|W^Nq>s}F/^>,32,alphanumericSymbols,201.1
6671,"$;daLq/z;;#N2h{FLKMzV(y,b(:H~k/g",32,alphanumericSymbols,201.1
6672,LehT%);777).PYP&#cMDa&RYA@+XF@rf,32,alphanumericSymbols,201.1
6673,"WbLma3iq^^DUY)KmT|2t<;zfsK,E&}t-",32,alphanumericSymbols,201.1
6674,;$2)(FUvLDs<sL_w(CW:JzE@c:$Z=Rf#,32,alphanumericSymbols,201.1
6675,"i>,$D*Nh{Y{]p+~Q4g]FzkiP<9/NsT=d",32,alphanumericSymbols,201.1
6676,"c*QL*_}fsigWyJRp)LC.iC92,kY)43s3",32,alphanumericSymbols,201.1
6677,hge~&{FU/py9p{x|n-:rsechJK&4!h$j,32,alphanumericSymbols,201.1
6678,"/=E3ZNT(Kk;E3<mRq,CWpRNHqDtJVe}p",32,alphanumericSymbols,201.1
6679,Y!3%hiK/:rXZiWaW<RLYXR9eX#daz*yv,32,alphanumericSymbols,201.1
6680,"U(bK?,U.zc/4WD:Mf!i#][Ft,y*kc=N;",32,alphanumericSymbols,201.1
6681,4;%?~hwiJeepe9ft!n+]a?LjVMb}ztj*,32,alphanumericSymbols,201.1
6682,TiK.|Y|Tt{K%seMZ.$NyQw*z<.u<hiq&,32,alphanumericSymbols,201.1
6683,ifxh9ymPqQ%YiqnN]Yy7^*&C|=ih[fwQ,32,alphanumericSymbols,201.1
6684,Y_zQ9w7[7p>-.@qh:i@[&+PY#=*4Lj[g,32,alphanumericSymbols,201.1
6685,"Ep<T{~ux-tzQ_-}L*,*hmQFCFQ*%tkiw",32,alphanumericSymbols,201.1
6686,F#z)f@s?yTQXLnzvU%{.DQ*ACMh>w_JY,32,alphanumericSymbols,201.1
6687,W$s+ku&nw^!mJh~44<(U7^(dEiAFQJV],32,alphanumericSymbols,201.1
6688,"(cP]zDVWA(Y,L/AApPvbrD7%j+|#c9e]",32,alphanumericSymbols,201.1
6689,W&bFC#ZZ!#~{gYC+v{?ru/J%9nv&2&Mk,32,alphanumericSymbols,201.1
6690,"jja;yb>yA:D!){]NqZ,Q:C~RNVLj>=[>",32,alphanumericSymbols,201.1
6691,^9*!7@>CMD?xAe/VD&*[(c3/P%Qwd/9D,32,alphanumericSymbols,201.1
6692,C/w@WE(];^|>jwmmr)mcVt*uPp92rLRK,32,alphanumericSymbols,201.1
6693,i2gdiD2ft@$UN+j~gvA:?nzD#n9?d3Me,32,alphanumericSymbols,201.1
6694,=E{g47|*/XujN>vx&qc._>#:-H/r.ugP,32,alphanumericSymbols,201.1
6695,|[w_gD*xcz/C[WkDma=LyFvfY2sveh#Z,32,alphanumericSymbols,201.1
6696,"vZQ%b)$M4L3%#Lz&9H,TyAH{94uwFu*K",32,alphanumericSymbols,201.1
6697,V~PRxqw7EDsjcH?yyh[Ahs%+a!%U])fe,32,alphanumericSymbols,201.1
6698,#Di$$$72{r2}x>J+$@>*PV7:.s2AdZ7K,32,alphanumericSymbols,201.1
6699,"FT-@7gmN@b;$~U}+9VeUF)$H(,,r%gut",32,alphanumericSymbols,201.1
6700,Yw#;e]W}2Lp9^VP@q_3U~*?Kz}i^;AW-,32,alphanumericSymbols,201.1
6701,aM{}n_D/3q!;ahxsW24$V.Kg^dmd*%!R,32,alphanumericSymbols,201.1
6702,+RNFe^AF.{&umgU;U~$w:c2T;Y^:c=<E,32,alphanumericSymbols,201.1
6703,"%fz@zFr-Ah,U-?mE&HxPHEMuHQ}z@aQ^",32,alphanumericSymbols,201.1
6704,gne^U7fup^NkJP#Y~NtYFmiN/Kkh4ANL,32,alphanumericSymbols,201.1
6705,"Aq=T2-k.,bD2ea.@:up9Q^2>aA4]K*>X",32,alphanumericSymbols,201.1
6706,_-|i%kKk!?a-[W|az={$gC@$bzFMZX_7,32,alphanumericSymbols,201.1
6707,?FfKUWDDd.p7JAp>a#fg%m%^[*sfY(iw,32,alphanumericSymbols,201.1
6708,x+vuZz;q|m!_LtNpf|a%R>pus{HRa};!,32,alphanumericSymbols,201.1
6709,%ft9.N24{g>@Vn@]-u+L>K|#zp{-2s;q,32,alphanumericSymbols,201.1
6710,#ZZs}#4y_-;3sr:x3+u/9-dQzD;=(<Q>,32,alphanumericSymbols,201.1
6711,?>C9TiCtPHA<nKJXsy3Kn(*UrdHNk=Yu,32,alphanumericSymbols,201.1
6712,"J;.n/%N&XrDUcZsEx2:>?w;9e|=!E94,",32,alphanumericSymbols,201.1
6713,.}uhMA(qKgDP/#q$Uxuk^+k2P]D_vsgF,32,alphanumericSymbols,201.1
6714,Vb4@uX~2:z>a#aNqrLhNYCgp/qx+>Jvn,32,alphanumericSymbols,201.1
6715,K+cD9dydmYnjf@mr;%(Tj<;Qt:<&_RWN,32,alphanumericSymbols,201.1
6716,J#jHKP|n{vE9i~dT&Hsrx(#~Fnc[WP!.,32,alphanumericSymbols,201.1
6717,".m&[jYNUgNyt,f2{D*R[uJM%A>3eVt9}",32,alphanumericSymbols,201.1
6718,C[mr72t@.LXf>x|ZvRzLh)]w4~U#U3uj,32,alphanumericSymbols,201.1
6719,y*K<(-Jrq!N47W;t*^s*&CskRm#~L7*v,32,alphanumericSymbols,201.1
6720,XaufT?wg}H7uy)4([}gyTiyTHN>9%:~?,32,alphanumericSymbols,201.1
6721,D.wkR9&|_t|j^v7HvYksu^q:v~$zFk|;,32,alphanumericSymbols,201.1
6722,|(g%+)QM+$vtR[Ld&<@cb=s@<u~_CW$|,32,alphanumericSymbols,201.1
6723,iTp|k?Yj$x7hZL2*:e%</%cNs|He&es7,32,alphanumericSymbols,201.1
6724,"9?kus.,Hk-k{9!+/C%Z.D!g7CkD#b&eE",32,alphanumericSymbols,201.1
6725,|zakJ</N4t!F<iyZ)(Vh_}>end3T~)aw,32,alphanumericSymbols,201.1
6726,K&yrdfTQ%^TUeL&rx<yMu!V~3n2&Drn),32,alphanumericSymbols,201.1
6727,#-d$Wtsn~Li-2Xpp(FEEr]!*T:t*n>DJ,32,alphanumericSymbols,201.1
6728,zV#4i*=+?7!gJqf~|r+!xWtdZsuFj);],32,alphanumericSymbols,201.1
6729,;@s4j!Rs3qmHjh$*V<K{X:k#+:guV!%w,32,alphanumericSymbols,201.1
6730,)!2T.aFM^C-;L&nm<fT<uQ7[Ub^(.PH-,32,alphanumericSymbols,201.1
6731,Ae*b(syNT!J-zLa3{EqmPWQNtTd;[)f?,32,alphanumericSymbols,201.1
6732,ue#qw&YAqvRjixqpvxZwvMzV7zvD3])n,32,alphanumericSymbols,201.1
6733,tn~CnQt$gFWuT?mf)E&Qe|u[FLhx;R$_,32,alphanumericSymbols,201.1
6734,m^-m4vA~R<r+%PV+Q~E{;h-X(TnpcZkr,32,alphanumericSymbols,201.1
6735,%~j&:ZY[qy|U72[ECX{hxu~!w+Hm(|c},32,alphanumericSymbols,201.1
6736,vT4]|gLhgFj_ZChJnQ.P;Jc=RK*z[+hf,32,alphanumericSymbols,201.1
6737,aJK-aAV{(az!2rP;!].H>r@eftmzH^:i,32,alphanumericSymbols,201.1
6738,y#/)~VskHZtNc+hpX(u4i})mjQ+r&{x7,32,alphanumericSymbols,201.1
6739,"[d;qZH}bEW!qd~f.FL]}@QW(t(JbPg:,",32,alphanumericSymbols,201.1
6740,ui:!U|b<NgApQk9qaaNQzi@!rWAKpiX7,32,alphanumericSymbols,201.1
6741,dXs;>}RMcD;x+4L<sq7>T@RCfgPr=]Dc,32,alphanumericSymbols,201.1
6742,Z}%2$p2.=]Jc=(2^$y(_(|pW$9j>3i)i,32,alphanumericSymbols,201.1
6743,"*A&QH9nmZZQ&JJsh=D,|En4]fCzANb=|",32,alphanumericSymbols,201.1
6744,{9KH{TpVpM)2QU}j<;Hb-xKM(&p2sJ(+,32,alphanumericSymbols,201.1
6745,"R*9L4hj~f3/@<F-a7[$r+Z.=}h(,F/_D",32,alphanumericSymbols,201.1
6746,ihg~gqf<KRqhj{syiV{*LY(97|[p>Mjr,32,alphanumericSymbols,201.1
6747,)g#d#wah!J/@:zbd}[ZXT$h$:>349w&[,32,alphanumericSymbols,201.1
6748,}kPCkm.7#D_PQLRuv<{ZD7+!L.=>C~[H,32,alphanumericSymbols,201.1
6749,]X3EM.:3@;3UdUU/@i@cEp4wk;EJPJyK,32,alphanumericSymbols,201.1
6750,"g=fLsrybFrZdq|2,d,Z:%Xy+~;J[cYe#",32,alphanumericSymbols,201.1
6751,:?_AY!W*@}[vw7dkj[s+w=k%Pfd-+2u>,32,alphanumericSymbols,201.1
6752,@k7#7^3{h:cij$2(|TfFk/.74cXkj3;m,32,alphanumericSymbols,201.1
6753,V3_m*QZA|T*u$g~d._~2#]J=ye|v9g]},32,alphanumericSymbols,201.1
6754,/:mi7!?Jpf)2[Vg$&@eYYb|p/@N=qR9L,32,alphanumericSymbols,201.1
6755,"bMy,wbjkazRAUQ|+X%Af/]ekW-]DrHqP",32,alphanumericSymbols,201.1
6756,AAP.rh{?]&|$=D=#_Cm{_P39/eY)?E&d,32,alphanumericSymbols,201.1
6757,PbWWYYK{W:)i+Z/}:yg&Wp_~^Hed.;A|,32,alphanumericSymbols,201.1
6758,+EhKTx>!LCm<Q)nu4aZC}*|xxqQ#s4~f,32,alphanumericSymbols,201.1
6759,2@kJiThi9:F[qp9hPqaDE2WHW%LM{hJP,32,alphanumericSymbols,201.1
6760,c2f^(j/+{fs>jenW2^2=C>{=XvyLr[cm,32,alphanumericSymbols,201.1
6761,"myhX.>2wqmy*ih;|N|@WEXqP=+bWni,?",32,alphanumericSymbols,201.1
6762,7prrP[XcQL!FHXJ{:iAQsW~Ad?#]?:Pu,32,alphanumericSymbols,201.1
6763,"sh2,x.=Z<>Ptd[Q]fEg4FA2VJ*Hr:M[t",32,alphanumericSymbols,201.1
6764,bg#{P<7m77KuY-CQ[rM<Vs{~u*h}A^wE,32,alphanumericSymbols,201.1
6765,$_;HapK3aWgtJnXe{Ly)92y=K}uNr2i.,32,alphanumericSymbols,201.1
6766,[[&jrVz#X}>=XUcYtPT!JEvce^wkwy*n,32,alphanumericSymbols,201.1
6767,"JD$J:mT&]L3b+&[iP{J4:U~=vf@w=,;u",32,alphanumericSymbols,201.1
6768,%2.AfCW?{)tz#=;E^Rmiy9W>P|x2ep#K,32,alphanumericSymbols,201.1
6769,ji)hv*iN>~QM%Nb(|PevjKuXhZ[W=7rW,32,alphanumericSymbols,201.1
6770,V=W*kN*e*i*|CQsjAbpc*L-(P)zj/P4<,32,alphanumericSymbols,201.1
6771,<2upD)Xr*zQQuAHh.&V:dbx@RnRz&_mP,32,alphanumericSymbols,201.1
6772,=Pj{@&us=Y()_}x;/4Dw~Q}U]9RX>)y{,32,alphanumericSymbols,201.1
6773,_|.)Pea#R]<Cw%m[p|?akxvdWb3i4byF,32,alphanumericSymbols,201.1
6774,stH:w=_u>r;T|if)/r(wi_qy.7Tt_(>9,32,alphanumericSymbols,201.1
6775,2<=A&7ciC/vE+3<pQ-7:WNV]CxuPTTVh,32,alphanumericSymbols,201.1
6776,"K%2Wz,!+Yf)QN&eRD,.KFc#s-JU4;{m)",32,alphanumericSymbols,201.1
6777,"JX>,]{HTgXwWL=k;)r]~$[j?7&L!xvT>",32,alphanumericSymbols,201.1
6778,"i|/e2i2_A}7<g;|)$zD-WZ*N]bJALWZ,",32,alphanumericSymbols,201.1
6779,bDxEK-_p{M2{T&E/$+|7)er]P#[7+C^C,32,alphanumericSymbols,201.1
6780,L2Pg7K7r&zkt@(v^PC[yUjLYWV#]y+fc,32,alphanumericSymbols,201.1
6781,u]<gw)K[J[ciR--K]~YQxT4Wc)4}7]_.,32,alphanumericSymbols,201.1
6782,"dX&a[!_z=^M,47>Y)~Qj9&k2PZyj,?p-",32,alphanumericSymbols,201.1
6783,"D#fr[jv?fdK%_J*e@-(u9*W<,&~XW$f,",32,alphanumericSymbols,201.1
6784,"s@b[mq2|9b$%^M);Vw@U}??7a,D2fRDd",32,alphanumericSymbols,201.1
6785,Lu!hmz_(T*;anJ7e><u+V|-)@im@jP[D,32,alphanumericSymbols,201.1
6786,_*V!}R7jh}k9#c72fxZXW>!jwwRm7]*=,32,alphanumericSymbols,201.1
6787,z-{cW$_>cwCiMV+w_XQDy<2<=V[AR%dK,32,alphanumericSymbols,201.1
6788,)pL(~ujy%(~>r>Dr4z.;tbRs}XNfLv7t,32,alphanumericSymbols,201.1
6789,2]a](n?yX[g{Pzp&$&#xUK=29HuwNh(^,32,alphanumericSymbols,201.1
6790,rE@FL$H%m=C7-^x@irs3aY*/~XKi-%d|,32,alphanumericSymbols,201.1
6791,Q[-%=qEtni~;|M!w~@E9]WwZ%UeUgscd,32,alphanumericSymbols,201.1
6792,NK>;x*_K$R><?^4Fk-=CXb:N/xEgc!b/,32,alphanumericSymbols,201.1
6793,Nrn?tD(V.<wvpt-4K~b^zynsH&pk#~nA,32,alphanumericSymbols,201.1
6794,cYmTs.Q~DLZyW|J#kCLCh~#w;9{isteE,32,alphanumericSymbols,201.1
6795,aRg#AxUyjrX#rhH_Zx%JwYkzKNT{=fpb,32,alphanumericSymbols,201.1
6796,JE{vQ]D]Rm%P<*|^Dze$pc]HgM+;f7#Y,32,alphanumericSymbols,201.1
6797,YA2!mi>Qpq7z|EyE$pHb=x/gvDFbQ|+@,32,alphanumericSymbols,201.1
6798,"_4^Ph(ab2*)&^F..dZ>nk/,|k97][yq*",32,alphanumericSymbols,201.1
6799,P-~2(t=yv)T=4KK^]<p+K3;=K3EgE4/},32,alphanumericSymbols,201.1
6800,kKP]RUAc:Yfq)k9kRFp@DUMid33ip&|f,32,alphanumericSymbols,201.1
6801,]~rA7>cJTP};cfx-._u/U@V.hL/L]3hg,32,alphanumericSymbols,201.1
6802,"rfg|~{.!]%dA/&L-HVem{%]Y*L,VsqeL",32,alphanumericSymbols,201.1
6803,"<CXDWs#Mu]T-%%HEDpE,}N$R4!7T~zs3",32,alphanumericSymbols,201.1
6804,&=Mp^p~w7FC-*{3$97K|hRWeE2yJ>C/x,32,alphanumericSymbols,201.1
6805,"*g>C?f-E,#Wb@7sh|sWEKs[%FXA|<^.]",32,alphanumericSymbols,201.1
6806,KWqCrH9Ta:/pc2Xu>=r-2_4nj^JZ~Z@n,32,alphanumericSymbols,201.1
6807,J^^yP_f^seY^vzuWx3;?zhs[p!n#{mR4,32,alphanumericSymbols,201.1
6808,^<fP%H_H#z]tdtciM>d?9C_mq_vEdfW<,32,alphanumericSymbols,201.1
6809,<7HJ?x.zY3bzti}k-Pd{C9bDWzMp^gJs,32,alphanumericSymbols,201.1
6810,sL)H#$$9V{E4jHXxKXy+~HqwWEy]}$ai,32,alphanumericSymbols,201.1
6811,jeVp3=@>/*e}=VrkjW_)NjqmvvQv!#jT,32,alphanumericSymbols,201.1
6812,"3APu=Ey^,+RrJT/.@|h/n!<@de&sc!3!",32,alphanumericSymbols,201.1
6813,"74nJLzM}(2kR:k++=p@r#+,Rf9UF;3dj",32,alphanumericSymbols,201.1
6814,-z=rsjvgi=z24Cat<rz!Wp^?-)YdW{jn,32,alphanumericSymbols,201.1
6815,M>Wh/ysFb!y>w@;3J/@W|4mtYjfRb&|r,32,alphanumericSymbols,201.1
6816,X?g(~W<_/kHECnNLZ/3XkNg)-C|Na2[+,32,alphanumericSymbols,201.1
6817,"m^dfh(nwj>4;3m}aMt,veY;ndtwzULEQ",32,alphanumericSymbols,201.1
6818,iE!7Kh3wHHR~pnTb]2]Z~&&/X@ZW)e?E,32,alphanumericSymbols,201.1
6819,"mhR!p}3u,.Pw)(mvF]Rg,2aWLiHU(HML",32,alphanumericSymbols,201.1
6820,RtkYZbm%Mf)Y/(.?+jKvp]m#CfFr)t.;,32,alphanumericSymbols,201.1
6821,NgsVwt&v}WZ_[Axyw+gX*$DT~}|X;jec,32,alphanumericSymbols,201.1
6822,MUa*:+D{b[xHe>MrF^WNPv7?m_Q@:dme,32,alphanumericSymbols,201.1
6823,*4)kF?)+mfEy$?vp=qq?xa]>at(Pc|ZZ,32,alphanumericSymbols,201.1
6824,@wUsXa4P#Z-d@V&7]RhE+hhz}bv^W-c_,32,alphanumericSymbols,201.1
6825,"R|=$zA#LYuq+:=nXvXe,.#Z%*D<W/2;=",32,alphanumericSymbols,201.1
6826,~C9L*az2*/(7L]k=sAm^F_g+@FT<;ep:,32,alphanumericSymbols,201.1
6827,qy.mYF_N2V$(7&9XZ?~qV^aAdV.isu7!,32,alphanumericSymbols,201.1
6828,9!bZ7*$m[Yx#QLWraHa]zj<NHL}[vEM.,32,alphanumericSymbols,201.1
6829,ti.kJhFC.@7L:hUK.pj!$4uy+2zqwf=4,32,alphanumericSymbols,201.1
6830,[-iqvgT7$JUWVTHdq9{xy{g|v}2zQw[i,32,alphanumericSymbols,201.1
6831,E4_|^yUJ~uV!&=FF}Y~^EU4Ej/$H|bL#,32,alphanumericSymbols,201.1
6832,@CuhZPi|[V?Zi*D.n^t:tAg?]3K*r>mM,32,alphanumericSymbols,201.1
6833,.eaM*KUcw2{)uY&#[>_r}zt|>pXj~iq_,32,alphanumericSymbols,201.1
6834,"{ZTWAdV&M~%uqMMs[,gZ[9@^X<EnJ#;J",32,alphanumericSymbols,201.1
6835,"*!7<q)-,J;.*E,i)ahDV[H=~$|JDz:a}",32,alphanumericSymbols,201.1
6836,"vr-rDk=Yqi%Pkv/7$bF[+U,A%{(c,K:q",32,alphanumericSymbols,201.1
6837,"+=U+3v)-?QreUgpwQ+=M+|D3WkX[[?N,",32,alphanumericSymbols,201.1
6838,"-Y2e~u7y]FR??,PFeNM9AfD4U24g>2Zv",32,alphanumericSymbols,201.1
6839,"Y(K,9ff_-M@?H&-EhXL~(d_R4L>YR+3;",32,alphanumericSymbols,201.1
6840,"AaZ:-~#q,>RW/9A]h<Zy}R>!zv_kp9D-",32,alphanumericSymbols,201.1
6841,^72[?ZUd3$4UU^aL[V$T;Km(P/3Jx~hM,32,alphanumericSymbols,201.1
6842,K}{g9)!r/J[}&npUt$s;U<NDeJ$fX!+z,32,alphanumericSymbols,201.1
6843,r%3q%&C!QscQ@m*A3bh(L3y>h$Qq;R7_,32,alphanumericSymbols,201.1
6844,Qx~?tdF-dN7dzE7(Fd]AWH(s/>X_K%rR,32,alphanumericSymbols,201.1
6845,"QCEy_{kRA~{V;9Ddbwa,h{XYiz^}ct[F",32,alphanumericSymbols,201.1
6846,";)|gCW*,LZH:xi*K)a=JDhcHkU<)NR!.",32,alphanumericSymbols,201.1
6847,"gK~{,WcbYYR3+C&gP2ApYn#Nx*shFb%h",32,alphanumericSymbols,201.1
6848,wHWH2^2c?3[;(LpX&Lz-MXahgf)QfvK?,32,alphanumericSymbols,201.1
6849,@P&@4)<:Q}L.k-?k9FN9Y?s+-ANh@_|k,32,alphanumericSymbols,201.1
6850,tTUmu?b_W;HYM#d*$dDUXFHNi[LPv!|@,32,alphanumericSymbols,201.1
6851,r%T@WQ$Hk!JfrHzxA}cR}d|_Z&2*jYbr,32,alphanumericSymbols,201.1
6852,"smFynqU_Q!@DVR<H=v^3&-,w2tE/saPx",32,alphanumericSymbols,201.1
6853,q&3*EDmg{uLfcQ+9/<F3:-L#XM.UJ)?t,32,alphanumericSymbols,201.1
6854,=@dL&+N|+@X43[eeRu7q/&h:Ky2Wcb=*,32,alphanumericSymbols,201.1
6855,|c]4cwe!:YvzuE;~!*DY([~*eZnjH+HA,32,alphanumericSymbols,201.1
6856,##HDffr|:]//QPYpqQze3<;EWXE(eC^K,32,alphanumericSymbols,201.1
6857,2KDe;eRcmL}Ja9#{y};+(:~.e4+XFdmU,32,alphanumericSymbols,201.1
6858,"Jg_-{pgy?r/cA!Tf/xM]X?bmDkWd,JbP",32,alphanumericSymbols,201.1
6859,awJCaW(]&|#v*~QJ)UY>XbPn|3F!zbd*,32,alphanumericSymbols,201.1
6860,(U;bmC)(&W})CL)-dyg.WRv>w<-pmNTW,32,alphanumericSymbols,201.1
6861,"Z+]F[rsJ.*dCy&EFZ,Qv&i$=KMv;MzU<",32,alphanumericSymbols,201.1
6862,^77Xj*3w~Q|iAiXr)[$AD?_X~X!jqLu%,32,alphanumericSymbols,201.1
6863,"v<,Kv|HV4tw;F_|Z!XrdNmtH/L?M{cr2",32,alphanumericSymbols,201.1
6864,@r{+&FCg2d(nD[eWW9xcfyF%*Y{yW799,32,alphanumericSymbols,201.1
6865,^!@UH#xP/Pw9>7/QyP-d.Nn*>n]gW%T%,32,alphanumericSymbols,201.1
6866,TP?k#ZfTKE~@$mp|nqM#tUw&39dnUCm^,32,alphanumericSymbols,201.1
6867,"rj[W3!?U]V,&]LkAmAi(v=w=Q}qsYDb%",32,alphanumericSymbols,201.1
6868,"D^TFs@|Qm!,uLRXZZL.Z7jMn@[<]#:Yj",32,alphanumericSymbols,201.1
6869,jqYxswamhC3hq?g[U|}[u*@M#ksieWvs,32,alphanumericSymbols,201.1
6870,c9-FqPbippNN~FJKL{;TFn3C3b*Vp[AW,32,alphanumericSymbols,201.1
6871,"^NAkuDrZU2Y.|@t:4i4UY|;K>x,Jv[a(",32,alphanumericSymbols,201.1
6872,"<|A2hbT|9RAHb]_v})R,;*a?EDTY/&nc",32,alphanumericSymbols,201.1
6873,TLVWpaxRp#;wH=/UaCs(d#u[T;[VX]nD,32,alphanumericSymbols,201.1
6874,hZnHA>Pgk=aT9=u(%KvU4y4a|:##t;wY,32,alphanumericSymbols,201.1
6875,"3NT%,$dtwVC|c$VTw9.W!??y#N/.2X%#",32,alphanumericSymbols,201.1
6876,"+~}k:@3$,y]UX&XMpM?.e^tkC<DPLQ,?",32,alphanumericSymbols,201.1
6877,e;H_4:>n7Wz-+|C)*d7:#tmMv3T*+RzW,32,alphanumericSymbols,201.1
6878,*3vk)yWKjtw33^7eMHi%$2:eTUb^(r>;,32,alphanumericSymbols,201.1
6879,y-mdz/AUTz{T/Qcv-vP-|N+3<;Xn+-}),32,alphanumericSymbols,201.1
6880,xr:]Y!VY(|^;<_>|3j$>@}@+a+vTd.+!,32,alphanumericSymbols,201.1
6881,",gd_Fkgq3>v4zM:i9Z;g/_K9tC@H~7(g",32,alphanumericSymbols,201.1
6882,pY;?Uq(xvEQ>W{9Cg$EM)#bnF*)/})Y?,32,alphanumericSymbols,201.1
6883,}x)(-D%^D]YHJia^AgkV>m=PN}zZpjnU,32,alphanumericSymbols,201.1
6884,<zZsLY;|zb7Q$vD(<<gM{(^>9C.Dii:m,32,alphanumericSymbols,201.1
6885,e[+~MK/fLmrd{^q*VLVQX.E@vnRw*3>_,32,alphanumericSymbols,201.1
6886,|XjTh*{n?(abv!sM;*sam.qXp*jdrX~},32,alphanumericSymbols,201.1
6887,"m}MVw/eCHutkE,[rD(]uwYY/H=^yu_/E",32,alphanumericSymbols,201.1
6888,{VnnRxYnc;q|rJm]VA+Xn~Z+h~@a?~NX,32,alphanumericSymbols,201.1
6889,YitZ+Y$cfxFgtv^c&w$;bed?A%P{^n$t,32,alphanumericSymbols,201.1
6890,/RDdwJmN-^QUyW23<R<Qym7=~vd;Ra2E,32,alphanumericSymbols,201.1
6891,^;^V[.CbCp2K*J@?kMF;qMmsiDNkw*La,32,alphanumericSymbols,201.1
6892,^ydH{D@-9c+]ht9FDt-|}-YAs/]Vkv;p,32,alphanumericSymbols,201.1
6893,"e=L^wz}kwsV]qq,CX[V[MJTUx**)@eK/",32,alphanumericSymbols,201.1
6894,"wjfC>rfH(cE~@E9X^3&pN)Nr,d@zs#T{",32,alphanumericSymbols,201.1
6895,:9A^Z<$u~Y;NgQL9(:|nJe|!%FfHc*Z3,32,alphanumericSymbols,201.1
6896,dw{yrJ7}{-g?c>N/{!kqPYJrjZC>duCz,32,alphanumericSymbols,201.1
6897,"s,h)vp%i:,sa|f9wUg4[r!{g[KD~fMUa",32,alphanumericSymbols,201.1
6898,wwQ<]xMErC@ZQ4QC}+DU[p2[F9P:J&PC,32,alphanumericSymbols,201.1
6899,izg}Wq&ZF):j)Dm!FvP73-u=Yp2~&aD*,32,alphanumericSymbols,201.1
6900,"aPDRJQhj:|,.~9yW-iZzTsWdvYg>:,pj",32,alphanumericSymbols,201.1
6901,74)i;;|n](-E/XAeiqsX.LKyn$&|(+cm,32,alphanumericSymbols,201.1
6902,v/~)3%qv<@(9}bkg@[p!j~b<]gyty]MZ,32,alphanumericSymbols,201.1
6903,j)D9&$Ma:@2c2p#&x2@rF%//We<.qy&z,32,alphanumericSymbols,201.1
6904,E{d^9H@caNU{~@M_s+@9nzL{u9@eR#ai,32,alphanumericSymbols,201.1
6905,X2Y~7w/nrF=ZyTs={>TJPJ-xmm~@pDR&,32,alphanumericSymbols,201.1
6906,F=3/&DA]|ji@E!mJnrLhb9~+/hYf$Hh{,32,alphanumericSymbols,201.1
6907,$bQu$ppw;2s=+k@2YJD4^|wyg>zHeW4N,32,alphanumericSymbols,201.1
6908,"ykpf-rcQ!f|4<$w+U!>ssFqr=^,!m?^M",32,alphanumericSymbols,201.1
6909,i|@prg@_A;z?#iCXV<:.c%k/Hswhw)k:,32,alphanumericSymbols,201.1
6910,#npenb$<M7hp|+^f):7dv4@-(bQ!nU%@,32,alphanumericSymbols,201.1
6911,)(@Q(Pm~Zx^(vs{Wn<gd-4dxH+ic_<?|,32,alphanumericSymbols,201.1
6912,k%]]w{=vJn#c&~7Yy7mEkuTnqAmtFW3^,32,alphanumericSymbols,201.1
6913,"MQd9M@:9,hWjH[h.d[D7/FRU=ys#VtxH",32,alphanumericSymbols,201.1
6914,p2QM%Zq<C~2Y<Xe=i{9*[4UV<.bhuTm@,32,alphanumericSymbols,201.1
6915,4Jye:d|EP3n^FT@mK?^DPx]wmwJiJ:fV,32,alphanumericSymbols,201.1
6916,=ycyphsx_b}L{>E^VvxzA[P|}@7b)pE-,32,alphanumericSymbols,201.1
6917,",Ee)]LsaUEU]r>|$t(,sz|=~UJCHdfV&",32,alphanumericSymbols,201.1
6918,PZLHF2qEqg^|Hr*xRwH+M$&#A(7fJ[t9,32,alphanumericSymbols,201.1
6919,Zg?gTD]EvAWp|Jm4jdfkVnmC;r-YH;@J,32,alphanumericSymbols,201.1
6920,p(_{F?//$r-Q(inKV;?/dCwh!>DkYYUj,32,alphanumericSymbols,201.1
6921,jZWZwjA?>RDcAM4Mq$At^&DZmzYEX7.P,32,alphanumericSymbols,201.1
6922,"fHPbu%;hg$[k3Lc@yvA3Fc[d,wAWr9Nu",32,alphanumericSymbols,201.1
6923,xu;vv:J>Z&r+M+Q}+.Jvx~k+=f!@t9Wf,32,alphanumericSymbols,201.1
6924,!ck&)Q<zU=~~Tt:;.KQkq;gj9)Qf3JgV,32,alphanumericSymbols,201.1
6925,z!a;#%.)zz<J.vMh!qXK9t$n;kVTL#;#,32,alphanumericSymbols,201.1
6926,"k.[DdC]>4@et%2~F%pA!&_|e++&J<^,?",32,alphanumericSymbols,201.1
6927,e3:s]Y_3AnmTZVmjTc:$N$#ZzP:u.Dqn,32,alphanumericSymbols,201.1
6928,PypPqrFFHtVp^VhVPU/XXnFLYC:!(ry@,32,alphanumericSymbols,201.1
6929,"W>$D9X+p<,YeQk#c3X<wt:cv@Cf~yE7d",32,alphanumericSymbols,201.1
6930,!H.#MYNjAdYzf-W:JW_fbFQP]2r=*ipY,32,alphanumericSymbols,201.1
6931,Ed]Pmv_y*wX;*xnqUKwzc/;(R>n4rYe!,32,alphanumericSymbols,201.1
6932,")E|U_Y7>UmV!tus,]7fqXn}MzsYYs^JD",32,alphanumericSymbols,201.1
6933,"_|k,}=)xuXxp2CMqN:.A>=wZ_N:Zr(C$",32,alphanumericSymbols,201.1
6934,f!:$NgsyDesvw./<;{3q3](q-Q~hZ3j_,32,alphanumericSymbols,201.1
6935,"*e=cC>VJ@M*uhF4xExHKgw]K(2chuE>,",32,alphanumericSymbols,201.1
6936,9wcMU9hTFNF}s:{buN%F[4KC*Ft>~<ir,32,alphanumericSymbols,201.1
6937,",?s+tW;U!%<sj&sc>k[#jCp}idK3^b<i",32,alphanumericSymbols,201.1
6938,"ThiEvraruqXUY~>ZZmuRX)q!D4,>Y:9|",32,alphanumericSymbols,201.1
6939,",?Xz;LY;grC.Pj$kDQPeN*YufeD<N<.R",32,alphanumericSymbols,201.1
6940,"7UwJv7JzXJP,b/&!2hTvPnQ^#-cvah7*",32,alphanumericSymbols,201.1
6941,",]c~[ju/7b2jAU/>CfR~TNjKm<xh?N{N",32,alphanumericSymbols,201.1
6942,"?s>JDt&*d34>m_,i-kkeu:v>czpi=cE4",32,alphanumericSymbols,201.1
6943,"Y?U<.,nsHkn#v-V@&m*$*iKTqkv$gVb,",32,alphanumericSymbols,201.1
6944,"f,tTtuV3ENuT(!jsxar=nj{(uK_N4s$<",32,alphanumericSymbols,201.1
6945,"(,cz/%:*@!bVm()cQvged:>}*|n{+>>a",32,alphanumericSymbols,201.1
6946,iL$NXY*!nC]vdg7CipLsnDcRzJy@Xe|D,32,alphanumericSymbols,201.1
6947,&NhnUE9qVcZa(KreYz)waLtW&Y;!~Qvk,32,alphanumericSymbols,201.1
6948,h^drDrDb{H2(?7UZPm!L#gbj#g![#Nv;,32,alphanumericSymbols,201.1
6949,"P)b,?DWsHQt2&w~UP_sp!fWnd9QFWN%X",32,alphanumericSymbols,201.1
6950,idr*(AHK:Q&>K3&v2Rf&@Z)!Yq@}#?;g,32,alphanumericSymbols,201.1
6951,=$m/Dn/Qhcx=NTDVmrZYH7h^<!9^_HK[,32,alphanumericSymbols,201.1
6952,qXP?fc3b>$Y%tu=vY@g@*^pMta/RKv>7,32,alphanumericSymbols,201.1
6953,>ws@A$_)^REf9qs|7dp!?zzfJq}PzpFu,32,alphanumericSymbols,201.1
6954,":_~#,yydmyFDbe3x?f<[T?QPD/+%7N%7",32,alphanumericSymbols,201.1
6955,g{^%7u]j+Y}K>Xw)huXH})-Dtf.!h|}z,32,alphanumericSymbols,201.1
6956,sa)jts}FJw}^-3eNw}#4(pw#|L9[P.rt,32,alphanumericSymbols,201.1
6957,"!)]s<&s&.)@TN!C:,2pFA)szfat+];RH",32,alphanumericSymbols,201.1
6958,^2{Cy-;pgm=AC9yke3QL4bL#kes?7v9>,32,alphanumericSymbols,201.1
6959,"nug>cNcmvj$xKU:,ka-p{Hrh^[Rh+?zz",32,alphanumericSymbols,201.1
6960,=E/-4hJPqy*CpKymVw!$J[skLF[Dt]MF,32,alphanumericSymbols,201.1
6961,ZL2F$yk__!n@Au?{NgX$qZ=i^-pEA2mr,32,alphanumericSymbols,201.1
6962,"+h;2<-Ym_FsfgynuKwbD99^Lwd3Y$qH,",32,alphanumericSymbols,201.1
6963,"p<|<y2wyz(Zfd73>zwE*||YE]y/-XD,*",32,alphanumericSymbols,201.1
6964,n~|b.CxxcECm^33$c=p~aEgKDjVHYd}Y,32,alphanumericSymbols,201.1
6965,WK<PP?]]DaD&h3HRL3]UR?<QW~j:Vkit,32,alphanumericSymbols,201.1
6966,tM^.|3rt]9;7VC.@TKhwf3ET3A3tiqN<,32,alphanumericSymbols,201.1
6967,<K]L;m@ECm_?n2<|&$a)*z_Q@+[$VUgV,32,alphanumericSymbols,201.1
6968,(e7U[uci3r(RK(!(*d=J!=A#HhWz%*H_,32,alphanumericSymbols,201.1
6969,T|ihnX^[WN?ptfA9q&>g-#9cK.!_@ZCa,32,alphanumericSymbols,201.1
6970,Asjv!Y}{!T|k>Rt(=qjh/~Jt-NW9L#Xf,32,alphanumericSymbols,201.1
6971,?zfXPwdX(4N@+3}T])>XQ~>)t({_7+t!,32,alphanumericSymbols,201.1
6972,wncyfyc]x*s[Ag@>Z$WsN+H=yxJU&g>_,32,alphanumericSymbols,201.1
6973,2WLyEDFnt{<4:@~|)Y>z{[yxQg@|iF2W,32,alphanumericSymbols,201.1
6974,+n9{M-Ujk#?kfR|kc_)|JQP[Ny2z&i:X,32,alphanumericSymbols,201.1
6975,L^^U_%:/>Ld<KPZh<Mnjhz:#+H^#q)vQ,32,alphanumericSymbols,201.1
6976,"=^xLmm-,dy>x<;)K-Z}*tQhE]79gCN_j",32,alphanumericSymbols,201.1
6977,Z$PF?fu!m_D}L%9%ZFyJ[wyxyi^Ky9cA,32,alphanumericSymbols,201.1
6978,Rd#9(WhQf/Hp*&?-pUm!q)H$]}3V*C+2,32,alphanumericSymbols,201.1
6979,T93Eq;qzxAT9*&P*!!Xup(/aiL+~uc%*,32,alphanumericSymbols,201.1
6980,"W*_,A]<7{{%MY/2K4Ekf&u;RVYhvyW[7",32,alphanumericSymbols,201.1
6981,"=-V{M-V-XZi,/z=c*jP.tv^EqPJv3qqW",32,alphanumericSymbols,201.1
6982,z=QC^M:3^r=vfd(d7yN+=CeTaJU3{x{^,32,alphanumericSymbols,201.1
6983,"?,TcnvUuT@aZWDu^aLY>*cT<U$NJk$d.",32,alphanumericSymbols,201.1
6984,qZrFh-3;4W-qKi>r@kjnL[n:dN{iZ}+*,32,alphanumericSymbols,201.1
6985,"MjiAeWQ!j?9q-*.d]#(:&&Q9AJjf,X<!",32,alphanumericSymbols,201.1
6986,"=cCbWt{y=uue-bhLM+:{kCZ|x.,4iHsj",32,alphanumericSymbols,201.1
6987,"%>9b]X4D!{&?PwZ?Mx#_+/,2?#ff(/uq",32,alphanumericSymbols,201.1
6988,"zd_tjPVgR7,.Cg,aU9$QH@;tivAv-){(",32,alphanumericSymbols,201.1
6989,rF^##)LL=]KW_cFFze-MDpz{C)c{9;[],32,alphanumericSymbols,201.1
6990,UgZJFRE_HkEzJPJ=%!k?ia3U*&m>R7[v,32,alphanumericSymbols,201.1
6991,W;:xTUQJ-h{WD|dKv:N_{=:}Q&a#|u^],32,alphanumericSymbols,201.1
6992,;A<bf7}Nt{ffDF=kai<==R!a::hX24{J,32,alphanumericSymbols,201.1
6993,MMK_tqwyQ9iZ+/p3xdc?b/tg&JQYKC=:,32,alphanumericSymbols,201.1
6994,72;Kt9:gdYY#}VtxWcXAAp-kKt/CehsM,32,alphanumericSymbols,201.1
6995,"=dwEAe]>ixr.:~C^K@;w!Ua-F,)kf_-T",32,alphanumericSymbols,201.1
6996,"[:.7Pg=]==}JbF,LL32yb<s#=pfFMUp|",32,alphanumericSymbols,201.1
6997,"9^p}mT||fP4h?fHv~Y<n/&WmM]{H,vWY",32,alphanumericSymbols,201.1
6998,vdDhq|g!~r_L9sFk$&Dh_]aEi|gzdcRd,32,alphanumericSymbols,201.1
6999,xmw~K|wW[n;@EK@WxiFf~fy<|v2]Z{4#,32,alphanumericSymbols,201.1
7000,"RnPi>}PuPY]gsWs/<,Ww>=(4/(Yy*z*&",32,alphanumericSymbols,201.1
7001,"7p!^,rW9sHJR>k/&Cb4~NuWZF$y%XU_7",32,alphanumericSymbols,201.1
7002,"]Hv{R}/Lynm:Zn]{=.,k&f<+_aW{23bY",32,alphanumericSymbols,201.1
7003,"Q*,Q,(#2bz-QYYfy@L)V7rbrU{zQrXJF",32,alphanumericSymbols,201.1
7004,Zv{4@|q)ku.$9E$2Wj.4tZvc:{;#v&<Q,32,alphanumericSymbols,201.1
7005,mmfe[T>xjX?gD>~eL|emTri[%.+$DwK>,32,alphanumericSymbols,201.1
7006,"779biY2X,,[uuDXHsE/k92V}RC9LdrL+",32,alphanumericSymbols,201.1
7007,3k*znA&!wtVW:;A(3RubyUy4Nc-QA2f{,32,alphanumericSymbols,201.1
7008,_)R.HR7bK/t/mgjH:#*L!c4b3krUUhsp,32,alphanumericSymbols,201.1
7009,J[@M&$CDva%;+x2gayDsr9:N:4Aqxkyj,32,alphanumericSymbols,201.1
7010,4Z:L;XR=!n~;P%)a+H#u]D-sCx$EH%%t,32,alphanumericSymbols,201.1
7011,FscKnx-Cdxsy2=y<>QJ?%F~y?tQh[M<K,32,alphanumericSymbols,201.1
7012,"Ltc%9F_TU9e@^m!DgF$@gtCE_+jj}Qd,",32,alphanumericSymbols,201.1
7013,"yW[h+9eF=FHK2K;KH:?]~et/H=N.+,Nu",32,alphanumericSymbols,201.1
7014,JNn4K2]9j_w4!uxZTp!@zP<N/X|cMmk$,32,alphanumericSymbols,201.1
7015,!cb)As}$^-Fp}fk3[VUZNW=]K?aP<4V$,32,alphanumericSymbols,201.1
7016,2tKpJu~pWess+E9|Us{cMt?H{c<%~]R#,32,alphanumericSymbols,201.1
7017,(DijDJ=FLLTqK&+%D@|ee:pCt[}#q~C;,32,alphanumericSymbols,201.1
7018,_(xtP+;dLWmhm&%zWxss94:79<rRaq2:,32,alphanumericSymbols,201.1
7019,@t%:];HA3i|bp4iX~Lq&Ypw{iHZ.&]s!,32,alphanumericSymbols,201.1
7020,"N7hr)a/Kp]Ws/jMFX4Yx^k&m,,Zu#=xg",32,alphanumericSymbols,201.1
7021,euqt/zYyR}h@yPx<9-H@^:PN&/:j?)fV,32,alphanumericSymbols,201.1
7022,Qtz:><-[mdj>D3[7Y_MEJXuT>>L]^xZa,32,alphanumericSymbols,201.1
7023,",dH-Q%+ZX)f#CN3}&?m-9Vx&&U[TQAD}",32,alphanumericSymbols,201.1
7024,7w}}s(xamLQqDEx~Vr$@DxX}*2Yxy4N7,32,alphanumericSymbols,201.1
7025,v&>z*q_%*$({(x^$t|Pi^(Kmp$e;hR+F,32,alphanumericSymbols,201.1
7026,"hrC&/[(^22*p@sx2>F2{,j<rP%u]];i[",32,alphanumericSymbols,201.1
7027,MKs~c)%Xr+H|-E!9U<Vjm72Y>E}/Fe{Z,32,alphanumericSymbols,201.1
7028,3HMA#MxET*?2N$c}$aAR2xU;]DM<Q4ZT,32,alphanumericSymbols,201.1
7029,r4j+u_r2NAZD+X.%<jtbQe|z!7nK7V.v,32,alphanumericSymbols,201.1
7030,"w7$y?gkp4wPkY_U,jT}zaa{+{f,g&#et",32,alphanumericSymbols,201.1
7031,k3T*;%y|]2w!<]]!uJAAvHggz.$DuF#b,32,alphanumericSymbols,201.1
7032,aAN*y4+(uw]=r@t{tET<:_F@N$dn**J2,32,alphanumericSymbols,201.1
7033,".y#EcR<}Q~!ZcQ[7c)z;P-+3nk,?pMvx",32,alphanumericSymbols,201.1
7034,g2Uy)h3yW!NhyCzC){H2CkvFx.fi4YKR,32,alphanumericSymbols,201.1
7035,@)3Rky<>pPCWY@/au|!D<kf2&]|9;?r_,32,alphanumericSymbols,201.1
7036,q>7(?2RDEhF#3n)=nX[T-sf|.Ze>hcUe,32,alphanumericSymbols,201.1
7037,Mv%XV|EX(.3T^c3bDkNbW./aA{aa]kqY,32,alphanumericSymbols,201.1
7038,k)#^_f@/:yNYER2;cqN|xXC3Yv?+#{?w,32,alphanumericSymbols,201.1
7039,4%C3g@>tWnaHEzM4(W:j<b?U/N3p9bcT,32,alphanumericSymbols,201.1
7040,"d|x,H@<gL:aD:__!?mDA?#;Ak_~bp[na",32,alphanumericSymbols,201.1
7041,"rVm~nwp>D)xkP[e{,VXYk(b{KNkKW(@b",32,alphanumericSymbols,201.1
7042,Q3X~%<We.wDWTiKEz{CPpLyd(j$FH(Fe,32,alphanumericSymbols,201.1
7043,[QR9;e]jtRxE%w%Qc~Em7VTy[U>EaQ/V,32,alphanumericSymbols,201.1
7044,a/ER2NK2.qQ^y.n^t[+cWnD^_%#!cU*},32,alphanumericSymbols,201.1
7045,whpXpkk((]&H7[c~m*w-XLAN]bvX!vhz,32,alphanumericSymbols,201.1
7046,Wc:P-~i=+$v9V2N+cE<Tczc(tF3=@TFp,32,alphanumericSymbols,201.1
7047,$&>UFY/u3)%A<~d)D[W>)a>D.3tgg;dH,32,alphanumericSymbols,201.1
7048,"f}^a2^tLh3~<py>%,zW!v+Vw~c.3zQTi",32,alphanumericSymbols,201.1
7049,"anFi,b^F^D&dErxE)W%7:JM~hr|JgsK[",32,alphanumericSymbols,201.1
7050,"H-7)~Z.uLn*qrxVvvfb?~Zw|(/,mVe({",32,alphanumericSymbols,201.1
7051,xEMwgf-h7+*/4kMA3=<igp??=]T:D{.j,32,alphanumericSymbols,201.1
7052,F4.ccvetyyT9fD<dayg=*}:p)TyZ3aXL,32,alphanumericSymbols,201.1
7053,P>?R7J2HMTuw4Q-wrb9+F2R34+qua{W;,32,alphanumericSymbols,201.1
7054,"FD>!=uPTz[!*:u,=ywP@^i}]caa%;vC,",32,alphanumericSymbols,201.1
7055,"<@:WJ;)$Qwh7Z_=#Q,AQ~X?-}/&9$^3>",32,alphanumericSymbols,201.1
7056,^@s4{ec:!&(^gX^kU/jqi.)4@CXb#DFu,32,alphanumericSymbols,201.1
7057,"<kU>/Mc?3R,nNnHDCfHe^ZgkZwn/]R3b",32,alphanumericSymbols,201.1
7058,sC+]z/#+c-ryWb>CCag_Xx7cp[;M<(Ak,32,alphanumericSymbols,201.1
7059,$gCRXVZ!~JuR?wp>_K[+.iP*p;^7]Td-,32,alphanumericSymbols,201.1
7060,>rV=/L4tKqefsxQw(zqjRY!y+*R:b)x@,32,alphanumericSymbols,201.1
7061,"*VME^x@z-[^Tj=K7hRq]bVDuV,=Y%X2J",32,alphanumericSymbols,201.1
7062,"}&2DtLe@|EUa-p[3c,j|>v9Ha&J.@kj=",32,alphanumericSymbols,201.1
7063,"dR9KYz+*$-tq,tc(XmR>/.7CpU3Q//v/",32,alphanumericSymbols,201.1
7064,"fXE3+n%K|(n.a_!+(,%qx,Q9>D2tm7^>",32,alphanumericSymbols,201.1
7065,*?34We_UEP-)^xx!ds@L}RnKJ:~2;VZ&,32,alphanumericSymbols,201.1
7066,"%[Ai~rFj,e]cUdE9nxn!iLX7UcEXe9&~",32,alphanumericSymbols,201.1
7067,"YK((Q,&kM2zKP;{#KH#M%AvWHrVkXj^.",32,alphanumericSymbols,201.1
7068,"TU>!>=L#RJ#|vf,Pj,>[/pgk^$E4-xFY",32,alphanumericSymbols,201.1
7069,}qi<Y%d*xP$xvR/rb-a9Ccf<3]Cn&FUu,32,alphanumericSymbols,201.1
7070,",qJ_ku=7=},A{tHw}WRf?M2UMa!)^Afj",32,alphanumericSymbols,201.1
7071,fU]:Ce_u9$2:![;K+g_Aapmh2(eip[dk,32,alphanumericSymbols,201.1
7072,{K$$tcmE=wDTepzv?>f#(i?7nrm^=i&^,32,alphanumericSymbols,201.1
7073,rFi!umke^iw&@$2P>!tXAccZ!cXA]rv#,32,alphanumericSymbols,201.1
7074,"YxYM,zgD(Vq_=:-YVPu</7yfV}4,-yVh",32,alphanumericSymbols,201.1
7075,"U4NpN>H%RTa34<z(|ja2yxn]R,N(ZtxQ",32,alphanumericSymbols,201.1
7076,fR?rcYdyr=d;Jz>qWH_me;x?=C(]Diw3,32,alphanumericSymbols,201.1
7077,",)](U=WU>LN>>tiW+g|4.s>nku-9z,!z",32,alphanumericSymbols,201.1
7078,{x{*nTyt7*xp^3QVjHsma9UEi3=>E$??,32,alphanumericSymbols,201.1
7079,"Cswxp-9v^7J_,Fvt[zJFF+=&&7}7k7-R",32,alphanumericSymbols,201.1
7080,"uyrmQ{d.(}jC.Vg:#KPs,=:a:Ry9s:@#",32,alphanumericSymbols,201.1
7081,4Ju)&^z~2NQ=+UL-;Kg=;&Vh]Mmt]wbU,32,alphanumericSymbols,201.1
7082,K+^iU/Aib{z;<29V!]kd_f?~}eaEM[*{,32,alphanumericSymbols,201.1
7083,C%ZNte;Zv_z~sj3/HLX+zVpk(wDdKF/y,32,alphanumericSymbols,201.1
7084,"&JV2sFbF37>R;u~QLd4dJED,jZ4qV+<}",32,alphanumericSymbols,201.1
7085,"kEDe(<cH;wQ,zMW#v{||Ee/J%=>]>}E]",32,alphanumericSymbols,201.1
7086,+w:;}a*}e..TQ|=jt;trd*:c{:2K.FTv,32,alphanumericSymbols,201.1
7087,"[RzZi()fY,-J%|hZyPxCygXrrz?H9^@i",32,alphanumericSymbols,201.1
7088,"7-~.mxu*a7My]Atmbhivz~Ubd|x,iKmQ",32,alphanumericSymbols,201.1
7089,"F:{h3Cd9K3*#[_JgW;2e]wjC{,^-maUm",32,alphanumericSymbols,201.1
7090,c#bUVHe&*>z9#MJ=n7nY.2>)XsnLFu(c,32,alphanumericSymbols,201.1
7091,"AQ%mP~)q)4LU/#Ja4DkCKEgK,3MF}+f2",32,alphanumericSymbols,201.1
7092,]gr(TncQe^@%_ZuZxtkjcrFY?b%*eU*b,32,alphanumericSymbols,201.1
7093,@zau#c;Ex;(![U*;s-{A}F_HArQfy#TM,32,alphanumericSymbols,201.1
7094,"+^A)7Ww}<hidN&+hne>~/4,3>abckqEU",32,alphanumericSymbols,201.1
7095,"xxatx,f$Ee4-E$4U>4QQ49p]yXd.DDb]",32,alphanumericSymbols,201.1
7096,4m^])Las;#Yq/UMVpiLyiU22mF/t=$dM,32,alphanumericSymbols,201.1
7097,;3&2Ykp-m~C4nn|L9;fn)x[?WM~W;bxT,32,alphanumericSymbols,201.1
7098,%N37R@a;Yh<.^j4Fz>-s.+)nvjz:x;{a,32,alphanumericSymbols,201.1
7099,@D=H(kzCNaru+C>-M}mP^:jk(aNF[jd-,32,alphanumericSymbols,201.1
7100,nE@T(*Md.@e7EW=]]dd(q]%x[TT.C3>Z,32,alphanumericSymbols,201.1
7101,@a9EzZw=Z/PL:~cd{Zhww$p%+Qs#kJWQ,32,alphanumericSymbols,201.1
7102,.nk#Ykm4:]WX!h/j.QF~@p[v>WjRzYU[,32,alphanumericSymbols,201.1
7103,"+,|DAshj>si=TEXb32J<{Z|Rx,FX&4Vb",32,alphanumericSymbols,201.1
7104,s_~s|=@~g(f^+H@$Yg/xsXdn}mYJTH<h,32,alphanumericSymbols,201.1
7105,"u:|yf+]mP=v$yM;UP@=d:.D*T4En}v4,",32,alphanumericSymbols,201.1
7106,"E,Tj%_[)L=x&]W?Q*!&u;<K3r]Uc>K{4",32,alphanumericSymbols,201.1
7107,d+PCq(zmt%7]!J@RY?qY$PVt*7RyJWpn,32,alphanumericSymbols,201.1
7108,"MNRE,UaW.mCf<-Cm[9;f/P2#W=#K-?zg",32,alphanumericSymbols,201.1
7109,ZAbw]3th}37%~ri2c{t|exn:aDsW)7Lq,32,alphanumericSymbols,201.1
7110,hNpW]~4>Z=3WfuVsfw]@RHC~.RP/-iFC,32,alphanumericSymbols,201.1
7111,n3Pnf{J2y<YZ(L)k%))R-)93ReR_#7Ny,32,alphanumericSymbols,201.1
7112,7^Q4VJEz<>t--h*LKF=$aan]f$VKH%ny,32,alphanumericSymbols,201.1
7113,"}a=Mk+ZP]bu?R9Vqwu73|:e|JU%,ykL=",32,alphanumericSymbols,201.1
7114,D$H-ktvXyWr<z3Fyf>xx;Dn]3UTxyUU3,32,alphanumericSymbols,201.1
7115,%f:%FF+ipE@q_w[$y({g7f$?z7(9!+$x,32,alphanumericSymbols,201.1
7116,i[tj!2]TPp$bbsa_AP~7d/%zLaUN-e(^,32,alphanumericSymbols,201.1
7117,[bKj;wVs[TTrJZDWz[z%X&q+F3:P=34i,32,alphanumericSymbols,201.1
7118,~A7~&_3Uh9PQE[NP;.->Y;c^Dh<TPMaU,32,alphanumericSymbols,201.1
7119,"7;dFmr,V%!b{j>c@-V>9Lvnri<epK[*x",32,alphanumericSymbols,201.1
7120,!*9%W9#kg}Vi:3y[e+>wJ((=A/#CsJ-m,32,alphanumericSymbols,201.1
7121,@M/f@4{eb(:NeuuYK^!eW=[[UWfe[|>Z,32,alphanumericSymbols,201.1
7122,"]m^)@eeVn:)9heFn:y{Y=m,^xQDQb&]w",32,alphanumericSymbols,201.1
7123,CT%r)Y=qkn#/XbW9W/Lnt~=Rgcc)ca-W,32,alphanumericSymbols,201.1
7124,vdgfZ}-x3:kgHnx-q2CQsx=:a#Y&cv3k,32,alphanumericSymbols,201.1
7125,|C[kA@!!a)MHRje-?y$vf};rrrrf;UbU,32,alphanumericSymbols,201.1
7126,Vc;9:EL7YC:spC-L;AT/f2}CU4gRe2ys,32,alphanumericSymbols,201.1
7127,"2ji)7}F97aJUL-3qm[d#-,_u#Tgw2am,",32,alphanumericSymbols,201.1
7128,"d%4kdTdNJ>,&}va)U~@E{qu;cwDFpi$4",32,alphanumericSymbols,201.1
7129,7(b<jAT^v!&MxmZQ!xihnj3sHCwVx4ah,32,alphanumericSymbols,201.1
7130,?L}U2L2t+.j|HD|#{eFxDcqy:]Ub]*$7,32,alphanumericSymbols,201.1
7131,P]kLV!F[Fp7(-P&bfirDgt(PP4-F-i24,32,alphanumericSymbols,201.1
7132,"e.E+,$nVUTVmrwyC~<R*xh$^&93#rcFT",32,alphanumericSymbols,201.1
7133,"~&,x>]#xbr(#qNhbr=g*b(Hi.%Wuha#;",32,alphanumericSymbols,201.1
7134,"K::)/Y]+9Mkwc!r*[x2+*:)}>{eK{,Ck",32,alphanumericSymbols,201.1
7135,DyQs=AA<)E_mqj?r/DP^eXTywtxM{^y#,32,alphanumericSymbols,201.1
7136,hQ+%Nr#!F-&]mnEEv&yn2d:dhy|uL|X&,32,alphanumericSymbols,201.1
7137,zjgVK*_zW%wEPm);<)Ui#w:VL^F(f[AA,32,alphanumericSymbols,201.1
7138,~=~^V&%-:vw&snFCFm+_Ab7;cXM=x:</,32,alphanumericSymbols,201.1
7139,3vJb}t:K:&Rd4w$K~#P~a)vYjgc_4]qf,32,alphanumericSymbols,201.1
7140,u&7<YyZWbx9?=HTz<X+A9XJ}#~[)bvWa,32,alphanumericSymbols,201.1
7141,n;r$|n(eZqH;~FM/]YsZXx|)[PP4uqdc,32,alphanumericSymbols,201.1
7142,4bT&dX=u]a~JL**$E9qQ)uE@}vX$WNXt,32,alphanumericSymbols,201.1
7143,Q.9-s$=4=(#<utq@zW/N2y7KgqH%pnZJ,32,alphanumericSymbols,201.1
7144,J*d]M($=hE4jHNW<%a(yrEu)s97T!eDL,32,alphanumericSymbols,201.1
7145,";^dW_mZAEE,se.]}~]!+c].J<(}?nU#}",32,alphanumericSymbols,201.1
7146,;|k{|%N#+H*F}{}*q|#$-?qqK_7awpH2,32,alphanumericSymbols,201.1
7147,;|F!D%&))vqH>{{#J[v<TAXCUEH9*P[;,32,alphanumericSymbols,201.1
7148,TiC73jpa9)(~]/P.?#M-A@p{c4c_@R&.,32,alphanumericSymbols,201.1
7149,!krF9Ci~Q;i(eP!3vPWVYT$%T>?dMNg{,32,alphanumericSymbols,201.1
7150,"?!NVyikn~bA4i<<t},UtV}7FwX{2w?D?",32,alphanumericSymbols,201.1
7151,%st4>[rCCP$M(<&h-|n(e7ALpKp(Kh&X,32,alphanumericSymbols,201.1
7152,"Wj+RhWs4nR=K<q-~Z,VNr*D:X~M|j}yK",32,alphanumericSymbols,201.1
7153,srT|#9qZwsL{s);xgC<^_;Y$dUzy;U|!,32,alphanumericSymbols,201.1
7154,XFaTX9Au;]2j&j4U3Yqymvk.CM)Ek)|),32,alphanumericSymbols,201.1
7155,77g~VW|tHvnyWddCCK@#:araEYF$-L2T,32,alphanumericSymbols,201.1
7156,"*Vn:~cwPa=,Nr2W.]$&*$%&fV<~?F&+)",32,alphanumericSymbols,201.1
7157,gQy$j2qyD(9#{P<FrE+u|3z[a@#KEZgK,32,alphanumericSymbols,201.1
7158,(vaH-JKm/;WFPf;L|9ge_YvqCLLcV-KH,32,alphanumericSymbols,201.1
7159,"[+f]Aa*a_!LC$(|>QCi4(bfiWY<s$>/,",32,alphanumericSymbols,201.1
7160,iQW=sJ>Y?dt%(^HkjUtX:4thg|(^]){n,32,alphanumericSymbols,201.1
7161,"&W>$agiz:z~,p3wjFR)].w!eU?*Ccmu|",32,alphanumericSymbols,201.1
7162,"3UPcnR!!;/e}rD/xCw$](PyDpP,m?JLW",32,alphanumericSymbols,201.1
7163,"-#*&AJ_AT&,CY+{;~jU;a%<n=PU]/!NC",32,alphanumericSymbols,201.1
7164,Zh|F~+MUTutjs3;NKtjCyDNZpVKuJLA7,32,alphanumericSymbols,201.1
7165,&b7$9H#wyv$^;!>xXAf&2>m@CwM:)F2^,32,alphanumericSymbols,201.1
7166,;NVz+>]NsYtw:^]9gU2hX{;2u^KL/.?;,32,alphanumericSymbols,201.1
7167,"L{JZ,jNPkN4g[{z.47ja2n&}N~4#eYZM",32,alphanumericSymbols,201.1
7168,#p3Z4Mavp}4wd!K&vggqY/C9s7|Fz9aW,32,alphanumericSymbols,201.1
7169,"rb][%yyXjz=9Jh>-,wU4Lh:&#iQ.(-K!",32,alphanumericSymbols,201.1
7170,?)kC$gH*sb<%Q#C.XyKQR>yyhR^;_[KZ,32,alphanumericSymbols,201.1
7171,W3EYq*%_;|*].Df(f43MJi^TxbsdLMvd,32,alphanumericSymbols,201.1
7172,MY7|D).7|M{7n($ehQ_/~.cXF>/y#N{T,32,alphanumericSymbols,201.1
7173,"UqvV44cFr>]s;F);WVPxR.(x{U/>L,,9",32,alphanumericSymbols,201.1
7174,"2|K-j|?2PftgYQQpD(,TCwEiQT*_iX~u",32,alphanumericSymbols,201.1
7175,p.!h_}n%p/.L~[aPFQb$|;-rRVRq/.bq,32,alphanumericSymbols,201.1
7176,"+j7nqVxQEKU3uy?n+EuMN)?reEq}c!,*",32,alphanumericSymbols,201.1
7177,b#^wgzdznibDe3[^L3u#3>H.(2JP{QY#,32,alphanumericSymbols,201.1
7178,"^|4Wj),tv>Eh2U7Wv99s*.@>XCNuYp9W",32,alphanumericSymbols,201.1
7179,]*/A(?n/q+7%(pwTY+ZR9K%:z*Qd^<^J,32,alphanumericSymbols,201.1
7180,CZYTJUkD3A@#ag[}j[$#U;HwEjvH~#k:,32,alphanumericSymbols,201.1
7181,"?*jYCMkX>?(cM!%c=WcU7Lx7>v-kR+,>",32,alphanumericSymbols,201.1
7182,@}7s>+r3)/)~4M#_PFE|]z99@(UK;.iQ,32,alphanumericSymbols,201.1
7183,"W<jpq@+De,&-$zT~VV~XHqLiM,Wfx$,d",32,alphanumericSymbols,201.1
7184,.Hw+37/h~bcb$ZVyc}V&at@fXvL^PXi/,32,alphanumericSymbols,201.1
7185,b&r{.]L>i3*rrwA-;}Mz*u&CedW}X+uZ,32,alphanumericSymbols,201.1
7186,?sWsU/~mM;}$)c]_&^x*sz#9Y<c>vAQ?,32,alphanumericSymbols,201.1
7187,-D2;=>#J]T3c/*+uH#X/gT%$fKrAQ<3u,32,alphanumericSymbols,201.1
7188,p7WyzQEXyr[ibd:_T~;-N&[:u;g|X{-:,32,alphanumericSymbols,201.1
7189,")si?/N2.>W,cp|zy?nvj/cvg(u4.e#Vy",32,alphanumericSymbols,201.1
7190,"s$+D3me][!,|;cb}KY[T+a*Rv4%}q~7c",32,alphanumericSymbols,201.1
7191,:a2W%g+~J.ALPcZ]~/Yx#^^/b:n_TXd:,32,alphanumericSymbols,201.1
7192,-:ip7;nv-wXkbmcb(Q~wtq)/&&~^*443,32,alphanumericSymbols,201.1
7193,"J/a^&mvZpL}Un)Qk<{ZhzNVYq(K,j.wW",32,alphanumericSymbols,201.1
7194,"zpFRp<&@Z*E<<[XL<knf:Ysnpp~<cd|,",32,alphanumericSymbols,201.1
7195,rum4fjEMm2!k4QX%74rP-4q}m^qen$;T,32,alphanumericSymbols,201.1
7196,7n:Jc/#x_$aMVRXNF*aC4cJRm]~n;Z3s,32,alphanumericSymbols,201.1
7197,",!?]7kccY.hasp,4]jK^^b,T_<CqCyw<",32,alphanumericSymbols,201.1
7198,%)-=+JbU&FU>Nw(DN2;hEVzLrw}<?ud/,32,alphanumericSymbols,201.1
7199,")u=&tR,je;_tM2jFv*bDm~-)Umy{3??>",32,alphanumericSymbols,201.1
7200,"#]qs2aT<U~j<LH3r?,=JC9u)]:wR_.u>",32,alphanumericSymbols,201.1
7201,k^x+.Jb|CVsVZ^f-h{-]V+uR~VtY{yFV,32,alphanumericSymbols,201.1
7202,KQ^sQf@eJz|Jpc&7.(m$me[u:MjWn3+<,32,alphanumericSymbols,201.1
7203,7M?PtekKY#_F&e7NaXJ^T/U;;LcRp2?A,32,alphanumericSymbols,201.1
7204,M]w>d{JPWKV[H&(n{>nD.P4E4ve^}Nmv,32,alphanumericSymbols,201.1
7205,"3W!<t[%trYq#ttY+f.=_s_&,?:~&#R3N",32,alphanumericSymbols,201.1
7206,7nUjM@|&Nj~{r:w[bp2_NLZ(;<}|Tn;^,32,alphanumericSymbols,201.1
7207,"[*7}|4nT|Ped(XXskV,PMuf%q23}X::C",32,alphanumericSymbols,201.1
7208,"&3fR3>g(:]Z<#&hpz]9{#iD?fWkA,7N4",32,alphanumericSymbols,201.1
7209,Zu4U|fT$?WgVDq+:dst/_uj_n.c-$^Rt,32,alphanumericSymbols,201.1
7210,"CY#Qz-@b>K#zpjrR,XaeF2+Xyyts92RV",32,alphanumericSymbols,201.1
7211,v^M|DPtFv>*hsTy?_gF^7-|;FRQU#D~3,32,alphanumericSymbols,201.1
7212,"*4*wa=7RH,jpt*bx?4+;ERq&?2^ra3JZ",32,alphanumericSymbols,201.1
7213,"W9>!,xYMWb+(!)/a$sPnF2F)kD4qY{9r",32,alphanumericSymbols,201.1
7214,_f=2Yf(9L}J9/_4*~#k[Q}2Xj&!<piV>,32,alphanumericSymbols,201.1
7215,"b^#mAc-eAt+eUAmM=,U*+WJM(?_V&9qD",32,alphanumericSymbols,201.1
7216,4Aqbk7wA~>L~v7|LJa_@n+sZr:A}#y_C,32,alphanumericSymbols,201.1
7217,3aR4|VseupLak~x-=q^H|}[]bT92zH9#,32,alphanumericSymbols,201.1
7218,^}t&K:vVx_4puL]K(32~;Vk(:@*AZTYz,32,alphanumericSymbols,201.1
7219,|Dh{|a$p:U{U!-YwVT@%&PdV<T;n%h~_,32,alphanumericSymbols,201.1
7220,>{$j.)[p//#pceHC4&sk]~ZJ@eLss[&W,32,alphanumericSymbols,201.1
7221,"_7y<j@D?U]^Mk|.+h(fMPT-(9,7j[ztm",32,alphanumericSymbols,201.1
7222,)%^=N&^]A|N>2Yi<Q:7tH^K3JM))CXtk,32,alphanumericSymbols,201.1
7223,~eY.HkW#h]2!NUqqqTvug[](nx>e4(dx,32,alphanumericSymbols,201.1
7224,E*dNpcjRu-NC+{WVsRMUqF=n$<b&EiRk,32,alphanumericSymbols,201.1
7225,j}TaM<)=M9iL3h3UUg9NVXv2(*.v@F]7,32,alphanumericSymbols,201.1
7226,knFiV9}i&{!^}W<Uru.r%UHAzRUXAUhZ,32,alphanumericSymbols,201.1
7227,vv|pLky%mt>27<wy*rHDAK/m[DD(^&Me,32,alphanumericSymbols,201.1
7228,"=qa#2|PE,MzF)%a)7x>yWi=YE_/D:x_]",32,alphanumericSymbols,201.1
7229,hULYhZ2Fu{Js~^b]RhPyXwvw{[bMbW}*,32,alphanumericSymbols,201.1
7230,_;QMiJ=/<eJ!-a=a%3EV&Z3!A{TgE#yH,32,alphanumericSymbols,201.1
7231,"]]K.C/t7;U&VuY,;uy&V*>eW}&a]cqVi",32,alphanumericSymbols,201.1
7232,Q|3kpn<xFJ/He_?4)Ku|U[^Y#Uw#Lk;7,32,alphanumericSymbols,201.1
7233,"yk*%<LTJy]Cw[*t:~L9k@r{D[C,%kA$.",32,alphanumericSymbols,201.1
7234,7a(j7-P@TUX(ZC(?=kd=[#EE@WZW?U=E,32,alphanumericSymbols,201.1
7235,w(v[DEvt!T_%EW^*u+n7fzg_*VTE!K#&,32,alphanumericSymbols,201.1
7236,Q|nC4$zM/Wu(&M4XK|Ve2nJ{MP](#JH),32,alphanumericSymbols,201.1
7237,"|yP)~nx:~[f:KF-kemhN}q-A,j/?r#vD",32,alphanumericSymbols,201.1
7238,"]Z=C,A}^Z4QKsz_r*WjT_[/cY(U%uzYj",32,alphanumericSymbols,201.1
7239,"3.wi|k3w,iYrku_x{RbPK[TeRJ@k]&r[",32,alphanumericSymbols,201.1
7240,V_#W_jkbUs9Ng%24kR<uP{$f4T3c@$_7,32,alphanumericSymbols,201.1
7241,Tk>txWQr)AbcY$}rEh.]>b/hc&y[zA|q,32,alphanumericSymbols,201.1
7242,!|_iV.=?%naE;CiL<RAbegpNnMsgbRzw,32,alphanumericSymbols,201.1
7243,ub!^L^nFPd(yK?CjvTiWa/3uxYQ)<q_s,32,alphanumericSymbols,201.1
7244,#)jtnH:]W^>Een&Zsa|s&D@!2#Aga--4,32,alphanumericSymbols,201.1
7245,&MzH(*k--)K}MxNm>/HAHa/:Y+mjy9Jb,32,alphanumericSymbols,201.1
7246,"FYnC,j%K<(i!eA-A;Yu4xk?,v*V;7r),",32,alphanumericSymbols,201.1
7247,e~*)3}fXjC2Na]cVL|C#FLTm7(@ukAA},32,alphanumericSymbols,201.1
7248,<uLg4V/4]){(?|f?Je;+Jw@7qt=J~[;[,32,alphanumericSymbols,201.1
7249,D/[a$2&4$]pjF3e9[Vhqg;Ciqz&fY|fW,32,alphanumericSymbols,201.1
7250,"m7q_:!,T;ZsAgCygUmE+#3<+-bA]**RZ",32,alphanumericSymbols,201.1
7251,")4,P<>A7mP&9*>9JX)wC&Wp7%cJ^VV:n",32,alphanumericSymbols,201.1
7252,"#$^MtbjW<,.%{yAPkg_{z?9/n:wA{vD@",32,alphanumericSymbols,201.1
7253,")wpquN%cd*KeVJA,@Vw7@4^R|YPvpK2c",32,alphanumericSymbols,201.1
7254,"W{N$Ypj<(ipm^N,F[~rZ<9(aFqC(sik>",32,alphanumericSymbols,201.1
7255,|faFrLYP}WHF*NJNx~XV(3Qsc!mN:qP2,32,alphanumericSymbols,201.1
7256,zdMZEcFPPk!qt]{=!?wMNw7=c;Qm(rF.,32,alphanumericSymbols,201.1
7257,fk4*|-peTmQU#%;XZ#:*ZU{H%EZ/[~Q@,32,alphanumericSymbols,201.1
7258,E{~k[HJ]{P9[<YP^:F?CPD{%p!??<QjD,32,alphanumericSymbols,201.1
7259,"}9}+HrLj!emqw%w)*C!-|xm]K;}+x,<,",32,alphanumericSymbols,201.1
7260,pgMh324WEFQzkD?Y($!2-{wxktdpp)9H,32,alphanumericSymbols,201.1
7261,.wgA]4U<a3_4*CET#]R}[=X9:}/tt2)9,32,alphanumericSymbols,201.1
7262,sHA%[RERVVNZTen)@-Q|@WrfJcf/4*tp,32,alphanumericSymbols,201.1
7263,;ucup^bzEV%<Eq*]q?y!RWq+nf$Ej<kb,32,alphanumericSymbols,201.1
7264,KazY~?Kc2wNKDcu^+f$j>7>gyxC#hkw},32,alphanumericSymbols,201.1
7265,".9N,sqbdr{M%r!%^ZRU4!_9b(,rxvFiN",32,alphanumericSymbols,201.1
7266,b>h;M%~_TztLE{NdfM*N3Hh~jq--e~W|,32,alphanumericSymbols,201.1
7267,"XttVH!,:pb*]!R2Qr&Zm_mDQWP{v7ey&",32,alphanumericSymbols,201.1
7268,DXa:vU}k$t-#HMw<jv:@TH/D#?<u-m%C,32,alphanumericSymbols,201.1
7269,vm=L&m#CYsVpkp^Q|xD3juur/Lw/*^<A,32,alphanumericSymbols,201.1
7270,nKeT2qVs[92czM*dL%?]U-EMWqmTJD#R,32,alphanumericSymbols,201.1
7271,$uMrJ%UZqrz7[^YFaLAKvfwRwjYTN+q],32,alphanumericSymbols,201.1
7272,7Xiv]kvh@7:ibF/Vwn>((H}?92?.]}{(,32,alphanumericSymbols,201.1
7273,frfN<9L]ET/W-3u/MLVJ-_CZhdbV?J3_,32,alphanumericSymbols,201.1
7274,:vdpu#iM]>E@)xHp[Jqr{t?xMy@]sf[-,32,alphanumericSymbols,201.1
7275,"KhwtFj|!3X^v=&g<YFzD*|Qr|3b,~*%*",32,alphanumericSymbols,201.1
7276,n?iaER#rm7e>A}t#X@Y?xer!(mk[C*RT,32,alphanumericSymbols,201.1
7277,$9k&=F(e*KApYd!Wj@Q/*wWYifVi3c#$,32,alphanumericSymbols,201.1
7278,",xQi:N(/yKd)E3j<9>#:ysLx9bWxju]z",32,alphanumericSymbols,201.1
7279,bwqJH7H$h:)NL^C.KrHeZiEev4t2/K|u,32,alphanumericSymbols,201.1
7280,"-+kVk^-Rn&*U,)nktw#%/7)]?:2xw{rb",32,alphanumericSymbols,201.1
7281,"E}^gNw/Y(zq@}@[pR,c:QtfW_Dn{iZ2n",32,alphanumericSymbols,201.1
7282,NU[nrHzVJ>7U=LuR=rQ{R#!hZ[WaC=w{,32,alphanumericSymbols,201.1
7283,j7C>wC]Qzwz#YVk-c3W|$u[v$R7$&j.Q,32,alphanumericSymbols,201.1
7284,"q]:Y)n/{N=,rWv(j(w&)xq~MYutAHb%2",32,alphanumericSymbols,201.1
7285,"4(|{-PK/]XH}FEbL^-x3qbH%,|&NyMJ$",32,alphanumericSymbols,201.1
7286,M@sRrhXxV{~L3MX]/Dq~vJu~{L3?FHU&,32,alphanumericSymbols,201.1
7287,k_r|u-A(3Q3iML@WE?M;Y[DPf(qp7Dh),32,alphanumericSymbols,201.1
7288,N;Nmy^dwP-%h%(sXyN(CiV%4@hvfQ_43,32,alphanumericSymbols,201.1
7289,W]RLR=:iK#jUY{F&[*;W3Ay&4FUk$Fr[,32,alphanumericSymbols,201.1
7290,"}F^hh!/X.9[&wE@eh,<M/Etx2dPJLn.U",32,alphanumericSymbols,201.1
7291,t*yF/2{3*gauMr_.g9eTR[9g@[VLpq?Q,32,alphanumericSymbols,201.1
7292,hPa?RHPy@H^p~^!%|93/{T|Pej{h@z)y,32,alphanumericSymbols,201.1
7293,w%+W*2e9J^NA&sXk=^enurkLdb%-KY+%,32,alphanumericSymbols,201.1
7294,]Kd{wbqgQgcuN?urz/tA-E(zmkV;(RpN,32,alphanumericSymbols,201.1
7295,XuJfpE+YR2RwCTes>$%dDxrAv7#XYia4,32,alphanumericSymbols,201.1
7296,F-d@WmD>^-;L*!YcDQh#e7cg>+?*3ZA/,32,alphanumericSymbols,201.1
7297,JP^j/^nx/P)4(Q-g<WP4~X%YQJ(]$c.f,32,alphanumericSymbols,201.1
7298,"U?,yJFV<HM,{en9dqVe}^fa{kcVe99=)",32,alphanumericSymbols,201.1
7299,&Tkkpbf9Tn~AqN-DFjwe%?cs[E:?sFFn,32,alphanumericSymbols,201.1
7300,"!9cxg$#<7>$=uR>vc,sz^.?D>NK^nnV}",32,alphanumericSymbols,201.1
7301,"24~<t&+/gq,4_}7i~#,[/Wpu/bqwQw$>",32,alphanumericSymbols,201.1
7302,2v$KLd>{a!#Mn3P>v~%-keJ*9|Z:hJ$~,32,alphanumericSymbols,201.1
7303,"Uabbfe<_D&aL|wNL2Qu:vA:X|DP,xQsZ",32,alphanumericSymbols,201.1
7304,"%,!$zWJ/Ua.e$a;W7]u.XLTe<V9L]cke",32,alphanumericSymbols,201.1
7305,}>.)f&X#Cdg[)drdjU#.As9|cC@(M]QH,32,alphanumericSymbols,201.1
7306,nH{a]mRYqht_x[L~aP~][;bQprtPYNf{,32,alphanumericSymbols,201.1
7307,)b7><rwqE!DW(Zr[)z^QA(jW9mu-&z@x,32,alphanumericSymbols,201.1
7308,"{~-VFh};2i$Hx*e!|uA>U<vVbmu=^,P@",32,alphanumericSymbols,201.1
7309,QC{;*Qhk&[xFWdCWm}_!>aN.>;cd]zyv,32,alphanumericSymbols,201.1
7310,*3Cv2+i}szf:9&AKd23]}xwuRniXR#{d,32,alphanumericSymbols,201.1
7311,ng9~2+pZdJa7<+g&iat:;[R&kV&pxEcy,32,alphanumericSymbols,201.1
7312,"_hQC#<2&xM/gUsY.R*V,c@*>yb,uL<pZ",32,alphanumericSymbols,201.1
7313,JHTMV=2hMMZ?_?{Q~#vVe2z_L{/hZe<y,32,alphanumericSymbols,201.1
7314,DR^D#f&)CN>7/&(:sj9d*=@Ykr;nUFn>,32,alphanumericSymbols,201.1
7315,}u}>Mu[KiU%P$;xTZP(Enga)Ur[ZkxVJ,32,alphanumericSymbols,201.1
7316,N)f])4D3!PWAqr}/J/fY%4>bnK.D^n7t,32,alphanumericSymbols,201.1
7317,"23$nr[)pJs@aF,:}${rHYt{(&R^YR!%[",32,alphanumericSymbols,201.1
7318,{2RFUh7]$Wk-zT&MkM7N?crrFUN<.<2@,32,alphanumericSymbols,201.1
7319,k}/{7L>yYqp-xab%9pL(i;%qU?X/9_9w,32,alphanumericSymbols,201.1
7320,~$a9wt/]j?y?>Lz>xC*^={$2Kq7DmcaX,32,alphanumericSymbols,201.1
7321,"/;.3%Vm|i4,w]2[cu4t2h:sLq:f=<bcV",32,alphanumericSymbols,201.1
7322,"N,&cH/RTCALK<ruCN[@tU}AvXJ(s+p#?",32,alphanumericSymbols,201.1
7323,"+t!,C_4.Y!h?4Cbef/,F)WD=|(EzNUk:",32,alphanumericSymbols,201.1
7324,/dZnAE|F|b=x+$4%:+>Fc>2Qxc@{_TH(,32,alphanumericSymbols,201.1
7325,"di}#qQzK=Hr|_)Vb-qZ]~D+V=_g,3=-A",32,alphanumericSymbols,201.1
7326,"]j=V<uU+rvcZas^9:@,h]L,;&ZqPE<..",32,alphanumericSymbols,201.1
7327,Qa-}Ja>xCRM:&Ne7Lm;-VthgDH$9gVX@,32,alphanumericSymbols,201.1
7328,hc%gMgj<]}r).4D!#Cu&AmLF+{+sYC@D,32,alphanumericSymbols,201.1
7329,"P]+j,*,*EWR$f(vf%-7-Cp}?u2][+rc&",32,alphanumericSymbols,201.1
7330,.U@s4@f)*[siWCfC)E+b;mg2&NhzTK|<,32,alphanumericSymbols,201.1
7331,miVJ34x]m4r3z=*h+9jH4^e4[nWmq4Rz,32,alphanumericSymbols,201.1
7332,jy-Q4DeYt.~FQ*jK&./Y()aRFu@]#):w,32,alphanumericSymbols,201.1
7333,.zm]%;*9KKyF[M*QPfPA_.NakC$4m3r[,32,alphanumericSymbols,201.1
7334,"DE|7{m!i.9iM,#VrhzM.X,9hbU3W~HQ~",32,alphanumericSymbols,201.1
7335,"?!tr,P-hui*{=UN@n%aJTNF^2}W3$mp3",32,alphanumericSymbols,201.1
7336,Z-|=9NJ(=Pz.J/?*iZs(qa&.jtV49..{,32,alphanumericSymbols,201.1
7337,">e+vZH.!CuyLd$K|b4KEr4XmM,>HbguJ",32,alphanumericSymbols,201.1
7338,PmMeyR(([u7q:krTk#]jv&vjd*e4hE(d,32,alphanumericSymbols,201.1
7339,|Ts_rEu*psCF(pHmab(MYXdC7%XTP~Yd,32,alphanumericSymbols,201.1
7340,HKz=<a)uc]TRqrK}@E)|Fbc-mevsP=[j,32,alphanumericSymbols,201.1
7341,"}Lcf+b?]93)*b~(2p,&?VsMb)!f[ZCRw",32,alphanumericSymbols,201.1
7342,"~AJi,T/77RK.d<ZV~azTKVXP|Vf-[JuJ",32,alphanumericSymbols,201.1
7343,NWQFA{YJ[VUHC^x&dZ.:uFrcQZ.uM&&r,32,alphanumericSymbols,201.1
7344,"-H+DRN.]y}JVxYiwx{[/X,Ha=>2[4q}t",32,alphanumericSymbols,201.1
7345,?M(p+_?3>*j}aZtVxC@iAvWK/wxJ}pLF,32,alphanumericSymbols,201.1
7346,bJ;$(PL7Xhc+Z^&R=R}NAn3csn^ahra4,32,alphanumericSymbols,201.1
7347,dK.KZ+7%qNDCd$jQjU[4y{Fc!z%d=N%>,32,alphanumericSymbols,201.1
7348,uf{x)e%]]/~@D^2)HCq&qy>:mtuU<W2#,32,alphanumericSymbols,201.1
7349,"g-;E%U!v!Q-R7DUcE}P&jp.Y,3!-gF,_",32,alphanumericSymbols,201.1
7350,".9eY;K(Kne3/&=?]A2)(M&L{=m+9[,iV",32,alphanumericSymbols,201.1
7351,T?%?Eg;^K?9|^~X3wx{??T;!]K!g*wPK,32,alphanumericSymbols,201.1
7352,RqKpFy>ph/<D7?N>y??)UqE:s;U@Ar2R,32,alphanumericSymbols,201.1
7353,>+WY:{Z?NhL*d*z}fsjW!HE?~gZ<TLq$,32,alphanumericSymbols,201.1
7354,QYC+ZPF*/y]nEZL2T-4i]{k]YJFFH#hL,32,alphanumericSymbols,201.1
7355,N[b33y[c&DRN;EZhMMHY<dzX!fe^C)X&,32,alphanumericSymbols,201.1
7356,p^y2vY/^<2gUyf};~~Cau.ky|r^NTpQ),32,alphanumericSymbols,201.1
7357,NfXz_Dg@JTLbb{V?:wc^V+t_:H]MbCks,32,alphanumericSymbols,201.1
7358,^dHrDpCCPfp#wn~s}D.s^mjPNk<gw?.U,32,alphanumericSymbols,201.1
7359,"s$~E]K%2bx_P:[ae[E,]szm$/)Ub|;4%",32,alphanumericSymbols,201.1
7360,"iqU,?*Z~@T=WYTrc}X#h!FKr>dtFai39",32,alphanumericSymbols,201.1
7361,YuqK=JL4_Y%g#t$P..+|sb*3#$%}[rzY,32,alphanumericSymbols,201.1
7362,4j{:3Yru<gH)QauN@X*x/@zEL*@TY_{Z,32,alphanumericSymbols,201.1
7363,]zHR~4hCrvkr}cZfN^U7c+*>:bnhE<R~,32,alphanumericSymbols,201.1
7364,[Ps|h.$TAE=^?fymAgL<e}9tYnUAT+]_,32,alphanumericSymbols,201.1
7365,"qXt=-ciZz^C}vi#xnEeT+/s%,+RK>pf2",32,alphanumericSymbols,201.1
7366,D|!Uvm!aTm:+]QZ&#s}](ChqZ$N#R{V^,32,alphanumericSymbols,201.1
7367,hJ[+xT;kz7b@Rfz:a??tv$L*_9WVXXp2,32,alphanumericSymbols,201.1
7368,P|V37]/)4JU}]HKuX>XcuKVvfs%NWU+x,32,alphanumericSymbols,201.1
7369,yY:rdgnrg/f4Z+^WR#g@sp#vbTCx%qJQ,32,alphanumericSymbols,201.1
7370,<_3J[!x&-(aRz?E>.3);JF^*Lb<N/gYt,32,alphanumericSymbols,201.1
7371,"#@Jx$zm%e~NHT4awuAa~,^wf;Ctjs}%k",32,alphanumericSymbols,201.1
7372,"ZgyaX,[i(|^_|Jijd)RQ]CH/}A+Y?3J9",32,alphanumericSymbols,201.1
7373,3jeivD[c2PmWq)x2iU+J{W#WAWqRsbis,32,alphanumericSymbols,201.1
7374,=YaPW;Yw+Vs@Ey+|&3TJu-q}MC{>/{[=,32,alphanumericSymbols,201.1
7375,EZ=|9.*Yn;@zzk4/ww&2Q2[V/vt.L%_e,32,alphanumericSymbols,201.1
7376,"#yQuaA#M,=m/DvPp}T>y#=4)Dhw_+zVf",32,alphanumericSymbols,201.1
7377,"uyL4R7]WWhab*xyJr=.QL,Z^t-3f2h.C",32,alphanumericSymbols,201.1
7378,DD[NPh!ceVm|Eku=.bA_|i4JU|fdp{4L,32,alphanumericSymbols,201.1
7379,WY;D9A)#@N(9+x{#@gjN%ListP&))|y*,32,alphanumericSymbols,201.1
7380,MFJ3^VQX-Ui]}zQZA_LFMyAqi^c_ra:(,32,alphanumericSymbols,201.1
7381,aFD7uyyK+m2|3K;J])<>h9[rx*n[iTui,32,alphanumericSymbols,201.1
7382,eWhwz$grW).>tWr)d3W{eb>3}%tEu7_3,32,alphanumericSymbols,201.1
7383,~#Vw77&Q*!;XdL_:h$!EJdV*L%?!g>><,32,alphanumericSymbols,201.1
7384,w2wT>FdaV>-V&Q)%sZXC:.a@R>W+c~7k,32,alphanumericSymbols,201.1
7385,+.{4Q>^ic3Za@qJ4pufsKxTPwE.x@h#W,32,alphanumericSymbols,201.1
7386,w{)(xaW&VXEZyQPY}<T^%t97!N}cd@)F,32,alphanumericSymbols,201.1
7387,"?3,>g^NkUvN,fM*n:2r%#Mcz/~/LVZVf",32,alphanumericSymbols,201.1
7388,"$*g,bv?,v@q-2R/p{)u)Z^}t(D*(|yy7",32,alphanumericSymbols,201.1
7389,n@<;XghEaLbfHz4>E=j>#)M2EKEeW&UK,32,alphanumericSymbols,201.1
7390,"RxT3xY,?9qZg]>Lt]daX[KqH}w4<T7n#",32,alphanumericSymbols,201.1
7391,%&k)KWu@T(#!qN#M)+usFcP]#[N)XDtL,32,alphanumericSymbols,201.1
7392,-{ji~{TgKFdpD|M<&Jat)y+J{;M#(b)},32,alphanumericSymbols,201.1
7393,Q~YRH-FytLT[9|QZMA<<vJtJVbJ!<U)M,32,alphanumericSymbols,201.1
7394,"wgYRKck*?w(AuW]YZE#_v,#R@Z/Ke=>!",32,alphanumericSymbols,201.1
7395,fp{mM4vK{m:;Z>=#3)4q:@hruN]|}uEZ,32,alphanumericSymbols,201.1
7396,-2J|4/zd/h[E*Vkg;3|prA#HP4LJj9+3,32,alphanumericSymbols,201.1
7397,_g!+sADaKWeqbYq~nZ&-*7gKuKfm>b3V,32,alphanumericSymbols,201.1
7398,"-s~M/Wze,j3xLwK,LnQ*%)tvW+qHQcL#",32,alphanumericSymbols,201.1
7399,XPL$#|!YR$mW:p{iHVj$]KpbC[uw3+m!,32,alphanumericSymbols,201.1
7400,".C2$Ce$7jNz=_u_3d,?3&~(Zw<|@H^r&",32,alphanumericSymbols,201.1
7401,"UV2,VLe)]F#jHuqRgr(LqW*FP{C_<jDs",32,alphanumericSymbols,201.1
7402,A4u9Tr2{ksmwX|&N#!L%^<9P3y.Uykj+,32,alphanumericSymbols,201.1
7403,.2_feaA_Z?k+vx]_x-W3f$EDv+dbNy;K,32,alphanumericSymbols,201.1
7404,"[Mr3/iNd,T#DdZ4$)7{<^-YmL}$skz9.",32,alphanumericSymbols,201.1
7405,"RydPQ7UdZqC/4D$-gx,r&q3<~D|}wV>]",32,alphanumericSymbols,201.1
7406,Zd@-?(PUf*tNJw?WX?yWXz}q%2+w;Dx3,32,alphanumericSymbols,201.1
7407,+Jv&fyj/E|j+NMp=yJ?.sK]/CQgKnvJC,32,alphanumericSymbols,201.1
7408,"Z;Ua[;d9&#bumwFVDeDPxW,WA!_W3:p2",32,alphanumericSymbols,201.1
7409,"UnhUsi~b%(rf2gAx4!$EiibR,aAq_DnC",32,alphanumericSymbols,201.1
7410,=nZRAb|iRRnhd|_|xH*hPq)+~db~/#?~,32,alphanumericSymbols,201.1
7411,:fNuxFEVJ=WsE:fWk)$#eNU4xq{fL_gq,32,alphanumericSymbols,201.1
7412,ZZJ{DAqhH<A~:YizLM%LAE2)v#h!kR)C,32,alphanumericSymbols,201.1
7413,|K]RzyryK>HZL2aLN~s]jwzpivUnZ9e-,32,alphanumericSymbols,201.1
7414,RZ;huy$A#x&/CEguCku$/7&b=YPa:nf&,32,alphanumericSymbols,201.1
7415,f[w$j3ENYk}XQ4-gy$e@fA|DDWNtb^k<,32,alphanumericSymbols,201.1
7416,rqzfiJ}Q<-J:)Tx.F<stA2RW>t(L?Ka!,32,alphanumericSymbols,201.1
7417,tJd)*g:Y&ND@gF<!/e>zV:F>]#aU.=CF,32,alphanumericSymbols,201.1
7418,ibR{ap)y?e!9x!a42{pk)abZvCihnteM,32,alphanumericSymbols,201.1
7419,"E%AnfxzdP4CD.VVjxTi-{V*,7(a2[N#@",32,alphanumericSymbols,201.1
7420,@4k|x|=Z<{?QMst!dRUe;zq#P*c4&M-],32,alphanumericSymbols,201.1
7421,;Vb|qnDhnu-t{4/g;J9YF?-h&@(/+4-P,32,alphanumericSymbols,201.1
7422,#Ja*]($Xu%[wYUi~!]v_qr@sQ(_rhH{L,32,alphanumericSymbols,201.1
7423,",+d:Z(*]Th]Unm!=jXrV3AJKari3=m/j",32,alphanumericSymbols,201.1
7424,9<7D)3J+LsF({Nr<NiZ@ki$7E<T4Y2?H,32,alphanumericSymbols,201.1
7425,Y/J7cPf}Zz^e&.&DV&a;.=EciD$gWxJ},32,alphanumericSymbols,201.1
7426,"CWM)t2?4&AcwJiJ(pR][Mu!iJ&iK4ha,",32,alphanumericSymbols,201.1
7427,x/Xr%Y*zFs.nhUR/d(KTFf--VWVR#YqF,32,alphanumericSymbols,201.1
7428,T^=E(3DLA)!UmWDf3n>AVkx<LC=M_VCh,32,alphanumericSymbols,201.1
7429,iHZ.hT72Ttq3tYz*MtbH^a&td;7$D<m-,32,alphanumericSymbols,201.1
7430,")(U+yZVPQYE;3$4-k$HKj,Z7eCrsy{eA",32,alphanumericSymbols,201.1
7431,">@U!TDuWpcrkk*r!RWQ3:)K4VUJv]g,z",32,alphanumericSymbols,201.1
7432,d*([zQmYw#|/{qCe:=NA=@M>+:2]$7F-,32,alphanumericSymbols,201.1
7433,_<Z[@FdENLgxXmn{vp;~gc|&VV(u73K>,32,alphanumericSymbols,201.1
7434,mZa7:JW.VFqQ*Nj)-&RREHv[A?JbRi@2,32,alphanumericSymbols,201.1
7435,cf].{T!_thpX>hccR)Q}rW_$UWFU?t7A,32,alphanumericSymbols,201.1
7436,(2$dd4a+q[nMyfpmCXpC4(c^b!Wr+TU^,32,alphanumericSymbols,201.1
7437,]b-nA>EK;X$Y9;(/V|FHiyN+DX{vfazM,32,alphanumericSymbols,201.1
7438,"!|+y.j%vr{fZx]+;]-@HMT/,)4|JV4Un",32,alphanumericSymbols,201.1
7439,[i?~<[vAH~4CPVz>Cu@%X{;|*WP)bX;&,32,alphanumericSymbols,201.1
7440,"c{t7~Jt,.!3(kzQH@L~n;)?W2zZ4K^Qa",32,alphanumericSymbols,201.1
7441,"qf^c^TPMRAnFdYnXc=VrM4#a%Z,W#LhN",32,alphanumericSymbols,201.1
7442,"ap<}w2R[$g[r,hY4C$d@j%9+7Rs<@iux",32,alphanumericSymbols,201.1
7443,/Mb%^)i&dQR(}ML+)|EtDKue?ZJ<Cp+m,32,alphanumericSymbols,201.1
7444,pC^VRy3dsL+7m@e?uFYQbcA{)jz~D&*<,32,alphanumericSymbols,201.1
7445,"g,yDZehZ7!|s!@g+xHZM;}Hj.P$xa(we",32,alphanumericSymbols,201.1
7446,"w!Hv$wd)mkQ),R/72{yV.CYu|rhC-3P.",32,alphanumericSymbols,201.1
7447,"|)(-sa}-qwJxJE*9f(Qe;>Nr[,=^_k?+",32,alphanumericSymbols,201.1
7448,cYz);@ZdAT+EK?Py&7d*fcjsDzqbXT3V,32,alphanumericSymbols,201.1
7449,"ed%}wiXL_C]M=E_^WA?9,:d2K,-[>?RQ",32,alphanumericSymbols,201.1
7450,NgT~sF&KE#QP-(zxn9a!E%@*h%Z{k<H4,32,alphanumericSymbols,201.1
7451,"^~REtEE9LtrfN^nh+7D_ckUgVaLf],;w",32,alphanumericSymbols,201.1
7452,|k$LF$wi^}QJ2q?i-P%3@>Ki{WpH:/v-,32,alphanumericSymbols,201.1
7453,>i]E)a;r*_H+yV4a%_4r%.*4(ddfh2Pr,32,alphanumericSymbols,201.1
7454,"|!4actu9_Mjpbm,z?ce&Ae!PdaMdU>|u",32,alphanumericSymbols,201.1
7455,E^<Zs{}|j7#Uk$P<F~)a&x@wN=vudg<V,32,alphanumericSymbols,201.1
7456,)e{nU=>a9zx)>@Zc+x+&]mFuXPtW}y~2,32,alphanumericSymbols,201.1
7457,$z42PJ$7s7)#J@Fvci_<;idEfZxnbsb-,32,alphanumericSymbols,201.1
7458,"@DidcwPhH!f4u2!|.LQv@Z!dVP;wg#^,",32,alphanumericSymbols,201.1
7459,!/F-v$vi*?QdHLHmhgf+NYLfH(efx7Wp,32,alphanumericSymbols,201.1
7460,m;/)P#W.DA;s[k#ebfE$.g4QKLmTX&4A,32,alphanumericSymbols,201.1
7461,.&v)tA;*<v#vwq?;|Xu@N:9*<3v4F9]<,32,alphanumericSymbols,201.1
7462,ZJ2Kny/+u3b%7;A;s4E9p^)MnD2qNYnJ,32,alphanumericSymbols,201.1
7463,"JD=(Z>[|auzn&&XA,vs^q@wHLn4,a&:>",32,alphanumericSymbols,201.1
7464,"*>k=4C^Y#ba.QT{CXkgL,/HL#:??pDrY",32,alphanumericSymbols,201.1
7465,^w;k7X$?nMF/XqqmX^#?[b>z2_D_X:#&,32,alphanumericSymbols,201.1
7466,E>!P7T)bQE-&2|!+H9.}A%}Wfus9yP_y,32,alphanumericSymbols,201.1
7467,t}h{Y9Adw.F@A;K@ngz!@->)kEg+NqwF,32,alphanumericSymbols,201.1
7468,yM#jU<[ZgP[}{:EdQ<iqPYjp^j%tbzun,32,alphanumericSymbols,201.1
7469,7.PH)asNn-LFxm]bQZXx<[JC}7|DyE3n,32,alphanumericSymbols,201.1
7470,"#bQP#v.%/*33h/fsk_W|erP)A},|F;3R",32,alphanumericSymbols,201.1
7471,";_YeM2)[b^.ufu(=+Q/>XutQjRF>tn,m",32,alphanumericSymbols,201.1
7472,Mw(~ihbZL+}ZK!N$X4bZU*]&g.ruahA:,32,alphanumericSymbols,201.1
7473,h/t7C-/*y~;|?_|.9nr7ip-QY+uexNAW,32,alphanumericSymbols,201.1
7474,Jr#=nuCQfz3/3=vcf[rv(?~Hq?{^Zv%A,32,alphanumericSymbols,201.1
7475,k{7=-XwEin7NX_mcCx=93C[Y]NP*Lq4Y,32,alphanumericSymbols,201.1
7476,(29rM;<L:r2mcWwxk>g4%fJRCUtVT;2q,32,alphanumericSymbols,201.1
7477,HpfF+vm^H|vfTD7j][L]U.mC]emMe@pW,32,alphanumericSymbols,201.1
7478,"yFhfqVExZn#i$nX;tK%fe,aH{<yf;j~p",32,alphanumericSymbols,201.1
7479,"?kF~;>MA{q3@&b?}JX?ua,@W,-e+uPP9",32,alphanumericSymbols,201.1
7480,QatJ=^V:UE)|&.7Vg/__wYt^<ic}{iw!,32,alphanumericSymbols,201.1
7481,">,[yynX>HXt>^*@%yk,[9D)VJpq3-YCw",32,alphanumericSymbols,201.1
7482,*DxW9y:UYQaKT@he:~qQT+E2DRnyyE4#,32,alphanumericSymbols,201.1
7483,R~MijNtcyq$qFM)PcgjfgMj^n::r(wQT,32,alphanumericSymbols,201.1
7484,zUdnWhrNdQig*b-#NXz_z9%cP<=*Dx]T,32,alphanumericSymbols,201.1
7485,"erV=A=,U+Uyn$k4XV<j2,Qw~,P,HYunE",32,alphanumericSymbols,201.1
7486,R==4/{-FevLQHd^j=[qQ)P*jW.&fWh{M,32,alphanumericSymbols,201.1
7487,k=V4}W}=Q|x9^<ia2Nj{EzQDV|fNWa<e,32,alphanumericSymbols,201.1
7488,%<>.?%|A}$z%AWAH?s_Qjr!V{u@cZ/CN,32,alphanumericSymbols,201.1
7489,"[tP#gK?3nNL:$D#,v:[Q(~2HJ?@:{R^^",32,alphanumericSymbols,201.1
7490,"xj>],_Kzcu7^X*ndU}%]tc?Kw|/*pM4h",32,alphanumericSymbols,201.1
7491,HfJ-{K^YAUK].!cTv{Q&W$)T7@:tCxnY,32,alphanumericSymbols,201.1
7492,"XRv3pN+b;uV@f+MUqFL~>Cr2gdW$,-P~",32,alphanumericSymbols,201.1
7493,"|c-@x$v{V}_h:/fL!eTNzZ|@=g@,~/Pg",32,alphanumericSymbols,201.1
7494,"2Wra3PpRvg[{,#!:MMT2T_H+pcrsLJ@e",32,alphanumericSymbols,201.1
7495,epcn7-YQ&=:R/(tFEm<{nY+[}t&AcA.x,32,alphanumericSymbols,201.1
7496,-@$;%yP:.wE+#b![WE*JWNNY_/hfDFpW,32,alphanumericSymbols,201.1
7497,=:hZ~bw>VbmTM>rRp:4f{QPY<#ywq[<W,32,alphanumericSymbols,201.1
7498,;;ny@=nciL|R%{y{H!fqk$7g[j4rKCL!,32,alphanumericSymbols,201.1
7499,"E,Mc#nMqH#H}Zp/D*.|i~Mix7cvDY,~z",32,alphanumericSymbols,201.1
7500,D~dR$+qe@+!k>g[q|)=P#=hZm>Xwp4W],32,alphanumericSymbols,201.1
7501,",J/pn*~K[e9]YX)a@NAW<+9/,gmemv}E",32,alphanumericSymbols,201.1
7502,E<~Q-(>r:=4Up?f^kfuU#iQXA2}$tTuK,32,alphanumericSymbols,201.1
7503,Dz4(HeH.c~mLP}-/@<!KCe9{iM*.}EET,32,alphanumericSymbols,201.1
7504,dXTCy$CJ<4J;L^+}v/=M(@H@Kxn+^Myt,32,alphanumericSymbols,201.1
7505,WYqC4V{M:_=L~NjkA/(;W#nc/q3<MEXR,32,alphanumericSymbols,201.1
7506,9XYP:pR!)[@.HdDx9}<?:iui_h[a{kta,32,alphanumericSymbols,201.1
7507,",u%92$Maci-k|j;?NZEtf{(2Faxr[Fu7",32,alphanumericSymbols,201.1
7508,&m@AmEf?T*yUV%>g&sUX2$P]~a;=VQg[,32,alphanumericSymbols,201.1
7509,E-Mg=Q$D|7g&?Ys>f.r!4>UqRn;w}mFC,32,alphanumericSymbols,201.1
7510,"[[H_Q-=:A?q@jPrHcT~HwrvYb@<{v,%]",32,alphanumericSymbols,201.1
7511,3/3*w>-}-{;NQs3NZiLU?^(43P*vk@4_,32,alphanumericSymbols,201.1
7512,"4$4w<m[b,tH*TN[Y]V*2EWV%/MVs^/*_",32,alphanumericSymbols,201.1
7513,psVK%~bnX3t+x/[U~$um*=bZ^@}n&&tx,32,alphanumericSymbols,201.1
7514,iVHMx^bHsRi~P;k[<^c{:cQHfe$(g!VH,32,alphanumericSymbols,201.1
7515,#TnRZL7gmf2=iK=VuJ_#=E9.y#tnmQ~c,32,alphanumericSymbols,201.1
7516,"Nc#?2+M@|ua%,M&u|kw@vt+qPsps}HZ[",32,alphanumericSymbols,201.1
7517,"%U,gmW7ss;,VJ?y<^KHY;?sjD{J3Pwe^",32,alphanumericSymbols,201.1
7518,Y}^*;r|ag?.&:EX.ahu)9c}*TRpLX/U;,32,alphanumericSymbols,201.1
7519,D(a+q;s<zF]]w>rpWm:c_Z>ZTW~2*hj$,32,alphanumericSymbols,201.1
7520,"]HzJwRry_x^;:;c=uQt;R[jn,Mr&Cg-;",32,alphanumericSymbols,201.1
7521,Qy3u*W<Ty+#m2~ne]>*<.x$rTTea%|P.,32,alphanumericSymbols,201.1
7522,"FsdH9d,cdsZY~v:<NyX_4v2-ApK/dDbb",32,alphanumericSymbols,201.1
7523,"g7,+(J*U}|!;|f{bE#V@vE|YZ(qx+PdD",32,alphanumericSymbols,201.1
7524,"7p+{NxF9WX]m:9!-Y,xA>y|2s~R[QH^t",32,alphanumericSymbols,201.1
7525,"{FRmYq=tW,TPjncfYhCf)CM2F^jFcz.}",32,alphanumericSymbols,201.1
7526,?}Y*FY#[@T$9.qMg}=hPXN9tMV[hepYq,32,alphanumericSymbols,201.1
7527,bW.|=%7|MwzyxEzTp4^^JaEM^;A|&2zV,32,alphanumericSymbols,201.1
7528,9Kr}N(^]9*3&[Tp_bD+u]TXi|4h]~g(^,32,alphanumericSymbols,201.1
7529,"Qu*,eLn<Rf[XjJh,C=YJr#jU!|;Z:FQ%",32,alphanumericSymbols,201.1
7530,[_MgPQV3w_M9d^z;NLwug2R;WL<9jW$&,32,alphanumericSymbols,201.1
7531,LxjN^>4g{H^;];Az9>nJcN}/}jP{}fKX,32,alphanumericSymbols,201.1
7532,])i[c*yb&;WiF[ntteAx:@<=Pnf7y%LK,32,alphanumericSymbols,201.1
7533,f9[Z>_V!V{.(Z)A;xkDpr.||xYzhtzHJ,32,alphanumericSymbols,201.1
7534,"&-_A,j7,y{yfqEH-~C2YVmE~!Y,~g?d>",32,alphanumericSymbols,201.1
7535,YxF<(FTVZu{nwjTK)pVAU&y)!mDzc!T=,32,alphanumericSymbols,201.1
7536,gwn>rCy(;!C!EWzyZv}E~%xn-^>TmwcJ,32,alphanumericSymbols,201.1
7537,:7U:t&r<sv.srDeq;?dv_:d&]uKfJm3N,32,alphanumericSymbols,201.1
7538,vaUXJs<ze|j#z{KK7t}#c-d#X}!wby2#,32,alphanumericSymbols,201.1
7539,./huCr.igATvaXHE-4p-r:/<*Y!m;mk<,32,alphanumericSymbols,201.1
7540,VY[p&}aUEF(W|:Nvi|:^KX~#27a(.:#b,32,alphanumericSymbols,201.1
7541,uut}W+pv7X<EMr9}R=P>%FR&WXxh@n?F,32,alphanumericSymbols,201.1
7542,VKJXd{HXH7<4*[&9[nJ{/+D;X3-qE+zE,32,alphanumericSymbols,201.1
7543,Zu$m]mM@M~YhA)MkU-+$v+*!^[wP[C.=,32,alphanumericSymbols,201.1
7544,Dyue&XiLR|4JawYnJEqQ&nr_w&Y|={z/,32,alphanumericSymbols,201.1
7545,%V{:Ky%vhs#2&UaneJgg@Zdi_#say>~#,32,alphanumericSymbols,201.1
7546,"FAvT,/pUA@a_wUgTMUDbm*Lzrx^=EK<!",32,alphanumericSymbols,201.1
7547,"iC;RY<K,{E-L/nd;<nhL&{Rc*-:vCfdy",32,alphanumericSymbols,201.1
7548,Dg~_xZwb+gbqD/ePXEs+n}s4H^~#k3Xt,32,alphanumericSymbols,201.1
7549,4@/U?:cQ44HRVV!wwN@_~-i|T}3F4UMz,32,alphanumericSymbols,201.1
7550,FdR2A/m|CLU.w&kTqAyb+w+=x2*%:jmm,32,alphanumericSymbols,201.1
7551,"#sgwL_P%WicEAAMLu^,H{r)-|(Q[?hea",32,alphanumericSymbols,201.1
7552,vE;yg#3Y4CkmP-_U%4s($wzC/;L+{j]|,32,alphanumericSymbols,201.1
7553,ePVz;YhXh<4t)ggYgLv-uV(&U):Z-JYv,32,alphanumericSymbols,201.1
7554,vwrF|%bW>R]VL?cR#hA@=z:3b4rdfU{[,32,alphanumericSymbols,201.1
7555,L:Y9~a4q?y>{fY(Tg:Qwy>HV9-3{=WLe,32,alphanumericSymbols,201.1
7556,VAn:;&paUWEFfxR<FXiULK!~.w+cYK<U,32,alphanumericSymbols,201.1
7557,?qkhmyc!)L}R[ep|k4[{m(ZFxTJsFWfQ,32,alphanumericSymbols,201.1
7558,"#K;RmZCdcq,$]vFWWujwa[uX+,!:JgE<",32,alphanumericSymbols,201.1
7559,c)(RQ}eW-9LYz-7p]/rZk.v%FN7]{)]!,32,alphanumericSymbols,201.1
7560,=RP^nyq)M{{(zU{@{+]3fV<$^q]d-n9M,32,alphanumericSymbols,201.1
7561,"gLisN&.wWwQahyH9i#2$YY?@C^d<Ck,:",32,alphanumericSymbols,201.1
7562,nZK>a.Vn%L^X.)b;*X$)]s)s{iq+>;Z>,32,alphanumericSymbols,201.1
7563,f{.n_ykXY@ZqA;7HY#D4r@U:n]@:R&.Q,32,alphanumericSymbols,201.1
7564,"gDeDe,.Higw###n=:=*iFHcg[-]/WiKn",32,alphanumericSymbols,201.1
7565,V+j#xf:K:4ak&cKVpMC.Z+|n(bCxMcrQ,32,alphanumericSymbols,201.1
7566,y2h2hzWxM~d~)(~Zuw~P.+3+bzY)X:Zn,32,alphanumericSymbols,201.1
7567,CdE@x2_yfV}%mRkmq+RqW<#wCVwUt?+^,32,alphanumericSymbols,201.1
7568,J~9NPQEgDR|/*7Y+JsN;xQnp@T!U|<Ty,32,alphanumericSymbols,201.1
7569,"@29*~bn:>D*_L?H,iPy~|cuh$hC<d4r+",32,alphanumericSymbols,201.1
7570,C%KDy{AMei{y3_&i*RXb]t]*E>7djNsw,32,alphanumericSymbols,201.1
7571,qZ;mE~;!bx&uWx{pp(@_;^@/#+Y/b!p%,32,alphanumericSymbols,201.1
7572,#NkzKU%}n-[%&M.-=|N~v((4Zm-iYLyt,32,alphanumericSymbols,201.1
7573,;ZmhaZ>V9A&%AMDTAb+z]QW-@W-|r-XU,32,alphanumericSymbols,201.1
7574,9eUM;_>R3?x@mNL2jNP}V?FhLeghFU?.,32,alphanumericSymbols,201.1
7575,V:7xV<w/dC9K$hux&Mis=@*4R24b<Z^f,32,alphanumericSymbols,201.1
7576,"YF$W<@v<LxgPiKTM)b,c$g:J._t(wk/q",32,alphanumericSymbols,201.1
7577,(Mcdbx;2*TR+]f/JFrEt~~WH^f%mYK$Y,32,alphanumericSymbols,201.1
7578,kAX|b_k%Eg3kA7dgX&-Z7>M/K}$]L4[A,32,alphanumericSymbols,201.1
7579,"&XKR]}VdwM7H?n:#r3N}iJ%/e-,dx.Fy",32,alphanumericSymbols,201.1
7580,Ey!2}mTtz+nC>-=n%yTE/~utNcf-2_yr,32,alphanumericSymbols,201.1
7581,z@_puCM)_iuZ~Uf~7bKdvi?M^>g*w9P{,32,alphanumericSymbols,201.1
7582,"x:rgk*Ncj}J&a(j:e/;q]Tv*7#J,X3yL",32,alphanumericSymbols,201.1
7583,DMm!!wV-{%ah7QWz4$F*;ekVdm&([AXd,32,alphanumericSymbols,201.1
7584,p?M2^:d$7}bvqR{<~(}9cW~xc}f9{=kp,32,alphanumericSymbols,201.1
7585,"i%uw(.);&jaX+:D$FL*$Pnr_h%}vc,CH",32,alphanumericSymbols,201.1
7586,Ds]&|a]Z2?Dks;e[Wh*NDZ3_D~;.~^>=,32,alphanumericSymbols,201.1
7587,4qV:aMq@h[)n]WA~}=Jx.x2D}RVu{(4(,32,alphanumericSymbols,201.1
7588,"?g%,(@X^+R,e[kZa)y$!u9*@>Y};Z722",32,alphanumericSymbols,201.1
7589,"_A_+rDx,TJv=M}**AtY>%qUM-wikQr|p",32,alphanumericSymbols,201.1
7590,Q%2A{fzT/vH<nA*wCa{H/9d+fxwkWKx~,32,alphanumericSymbols,201.1
7591,"aEv}+jLkR[#taqFpLFxuy@eqMq+,9b]M",32,alphanumericSymbols,201.1
7592,"&wF[j4K9J(Vf+K]!k@R9&q7|&XjV,TU}",32,alphanumericSymbols,201.1
7593,mDV^9R;YEe)wCuVm^L-i^xzF<9{>ue3D,32,alphanumericSymbols,201.1
7594,YRz3Dna}d:Z[!{X;3-7jw4sq32T/#+X=,32,alphanumericSymbols,201.1
7595,z>^&Upy$7T|E*)$HE)%F[e%@)wi!9bPJ,32,alphanumericSymbols,201.1
7596,"(&im,)|FysR+Ny@QPeVhwD2}CAx(@-[<",32,alphanumericSymbols,201.1
7597,"AM+#v]+.XDZ=jJ>&/Yi-cg,cbF~PZ/R*",32,alphanumericSymbols,201.1
7598,X]-)N~Dv;&Ks)vW.c|~wYq%yq!y?T7}M,32,alphanumericSymbols,201.1
7599,"<f+ds7Z9/<|Uja)[Xcg#]cKabZqtC,4/",32,alphanumericSymbols,201.1
7600,"4cyqPZiu::MAVVc.+Z/EPrMn,@pPH)KW",32,alphanumericSymbols,201.1
7601,!g*_%ww@zf=(.Q-P:CE&-F9:et^W_J9T,32,alphanumericSymbols,201.1
7602,"2gQ;zP,>sR~Yb_}Jb^C:+NjtCUThukHi",32,alphanumericSymbols,201.1
7603,&e!RQ#mCNHUbscQ}Q7Y[~Yk->_?+i:R<,32,alphanumericSymbols,201.1
7604,Y*ud|mnEWyHiY*a*C.}@*cqQ*fDMJ9-P,32,alphanumericSymbols,201.1
7605,~t^ChJwbn}H)27Y@7qd&w<C;)2CVzr%X,32,alphanumericSymbols,201.1
7606,"+,]]hrv%$^/jK;^,;$dt3L.ubAb7%;+A",32,alphanumericSymbols,201.1
7607,"jx~#cVN)|#Kuw,CNAb(UkfTX^Ax(D=eE",32,alphanumericSymbols,201.1
7608,))#=gM<LztL<FM.<(TYrvFDbjE-~sJsv,32,alphanumericSymbols,201.1
7609,;hQ|s<xcR_hkm4)sP7Q7@/~Y4NeKcr];,32,alphanumericSymbols,201.1
7610,"2,g[_@LZ~J+;jC:uE)L;e^sTH_9|%9@R",32,alphanumericSymbols,201.1
7611,"skTVFk7g,$a(<.7r2DKD_K7np>_7w(27",32,alphanumericSymbols,201.1
7612,HUWdR#9Md4P%J.peb?FFTE9xzM?k[Z@Q,32,alphanumericSymbols,201.1
7613,YDf=C@kv{yZy|czdn2nyDky:%!(cji(e,32,alphanumericSymbols,201.1
7614,FQL3FgW)wv4(Hw[bFYFh&|hRpER9DZ^K,32,alphanumericSymbols,201.1
7615,"|)7eK%>EnC>=7zW9vdj)$C,nDZ.izTH_",32,alphanumericSymbols,201.1
7616,c%7kEQDF9+esCb$HmPJfvtPk?v7aVJ>h,32,alphanumericSymbols,201.1
7617,>TH#Wmtmk%m2}Pm/J}:q+t~Ee7|VEDF],32,alphanumericSymbols,201.1
7618,Ax@vWMNQdTj[?=r/UPeL~#.#RERr}hx!,32,alphanumericSymbols,201.1
7619,"?NfmaNf4:TL,]v/&(K.>RF4v2Ff!F*Kv",32,alphanumericSymbols,201.1
7620,"Yw*zKm2*C*qz{h>Hie~TT[hKzQr,Aasm",32,alphanumericSymbols,201.1
7621,}%Dxx=zbzY/:e?}|i??sW:(>Y(f//4U~,32,alphanumericSymbols,201.1
7622,P;&P2@=zqjR!RsQ^_}*EgdLL!2H>EXsz,32,alphanumericSymbols,201.1
7623,v)Dbf/NnWXNk>WmFiFh_iMK9<.^2mRUJ,32,alphanumericSymbols,201.1
7624,[7XvmiZv/@gWbz~.!MLF9(~CVJU:2P@_,32,alphanumericSymbols,201.1
7625,",[$&V,9$(WpWd)J%rh:*Rykc{u[QT|,*",32,alphanumericSymbols,201.1
7626,+Wtt#[NEQ:[?kT&ih==3FAj=<gt-W=JT,32,alphanumericSymbols,201.1
7627,*bRmbWvhe!HUcc{Wb2?@NebvL~4JY2!F,32,alphanumericSymbols,201.1
7628,:kXT(7piK>geVYX;k/De-b+_u@4]ujNk,32,alphanumericSymbols,201.1
7629,tp3mTc{u47JTr;:qQ}%M}$.kAs)F[j}D,32,alphanumericSymbols,201.1
7630,"!(tcj<>$Ykp]r)AQfq|?X<|!D|x$,^!Z",32,alphanumericSymbols,201.1
7631,meUUtup&7yXMht;C~mq{q4Tp?rH#HyR_,32,alphanumericSymbols,201.1
7632,"t-Hv_QD(dWZCVf.*{=b{C_P{,FC:,;,s",32,alphanumericSymbols,201.1
7633,"Yx9DQQcru,a)#(>hTQtX{ej:g*w>TK->",32,alphanumericSymbols,201.1
7634,WAD:W]L#N(7f:wAKeYzs:7t~yxiPJ|i#,32,alphanumericSymbols,201.1
7635,J9WQ]<hEA!:MaDq!U_=?N|Mk9T_y:;{~,32,alphanumericSymbols,201.1
7636,"37_Eh2iAY[g(z|XTTci=ep,+^pWRs<%F",32,alphanumericSymbols,201.1
7637,"_Fn=%#L$_v,s~}.rZg#qzynM/Xsx27u]",32,alphanumericSymbols,201.1
7638,.vhAFq|L.&/[j!]C{wbWvCi[-9F*)Lf9,32,alphanumericSymbols,201.1
7639,PTkLmc2m>=-=ep<Vy3uh/jYsV#2z[P.K,32,alphanumericSymbols,201.1
7640,|jr9~7gb}M7w4q4uq7_^.Y3NPy7]?$bj,32,alphanumericSymbols,201.1
7641,s9QY7;[*:T?hLPWr*%Te2*~PL.qQ*$W.,32,alphanumericSymbols,201.1
7642,T|CJ^rf:i+?[43#Jys]A$s}>x#)CgXJ*,32,alphanumericSymbols,201.1
7643,yd|mFvT~7>(ypA@94/f=[4VCrt&2LjvZ,32,alphanumericSymbols,201.1
7644,*R3>=!zjyD?-vvHj.YQgHwRkN]xFjir+,32,alphanumericSymbols,201.1
7645,W?)|4%yYP+UctA4_V{M(%-i?[xR^ey^d,32,alphanumericSymbols,201.1
7646,J]Uc[*:i|^Ls+j*gZYK(h>%^t>sje*9@,32,alphanumericSymbols,201.1
7647,"/UUDM2V:A@r$iJzfe*Qyh}Jti,d*@yVQ",32,alphanumericSymbols,201.1
7648,"nAi9,]-!&,;HEKx!DXC7vJiLMUj.4~fn",32,alphanumericSymbols,201.1
7649,"X&,7xVk2#^,{r;}?LN3^@%P&mqf.]-T^",32,alphanumericSymbols,201.1
7650,Ce3z}YUEy%(kqZZ9e>q*9z$@wE$Q_:r},32,alphanumericSymbols,201.1
7651,yU$!)VYz&$MXRzCrivhq:>xP9J$+MP:u,32,alphanumericSymbols,201.1
7652,97cvQxKef?DzZdkTQ=K|uxL3Xm;L@n/>,32,alphanumericSymbols,201.1
7653,Va2QF|jW#+FFwYQ9P2M)Tu*:3/h-_gkA,32,alphanumericSymbols,201.1
7654,"c>L{,Z,]9hqf&W7JRx7+F4&eJ$Xy%/Mz",32,alphanumericSymbols,201.1
7655,"w$rp-Reeg4|PNJR,:9^a~)%]QE,nXuLQ",32,alphanumericSymbols,201.1
7656,"$;DWw%iF&$c%WJF?X7vh;%,rn)iHbRy?",32,alphanumericSymbols,201.1
7657,%>=X:E|#CLbi7#A+&X$gQU*D|r(dkV:c,32,alphanumericSymbols,201.1
7658,"MCK$m,x_Mdc>:9X%%w:7VK?JVR(dW,F9",32,alphanumericSymbols,201.1
7659,"hAY&uxQzuXAC@-?H#+F,|n.7@+z%-Fda",32,alphanumericSymbols,201.1
7660,"=YxWb/a3>#NLd%rg3-{#.,DbV/>:7{^p",32,alphanumericSymbols,201.1
7661,"+EE{C,Ekd[Lg(EPr[|<*T#Dpy#?C&Eyw",32,alphanumericSymbols,201.1
7662,"d^y<9Hv7>,Tr3VP[=#qkhD|gxEF7$Za2",32,alphanumericSymbols,201.1
7663,TMNseJwJfb<)t]Vx/K<WC<jz##/Xt~.a,32,alphanumericSymbols,201.1
7664,g:uww[Pi)RkJWt-Ud|P~eHxu7^tVZvHZ,32,alphanumericSymbols,201.1
7665,"4a!,x-u*a,+g%,d(M,{#7N@H&}@_hcfs",32,alphanumericSymbols,201.1
7666,_p?|a4cLs;&dyv7PTrz##@v.jjEAzPsg,32,alphanumericSymbols,201.1
7667,{+}Yj%Mt3a&j.x4pcMX=Cit%NmEv?[Uf,32,alphanumericSymbols,201.1
7668,"Vb{Hy^FNT|,LUpfgwc*q#;(3!!Y)W<)+",32,alphanumericSymbols,201.1
7669,"b[q[Fum,U2ts=:#3~;NqFz)miFC>#q&K",32,alphanumericSymbols,201.1
7670,|Nnm]ka3rn[u.C+9t[mhe+&Ut-2a3buU,32,alphanumericSymbols,201.1
7671,"{xkFk{]h7(@mn7u(cbD4gy9,=~2k/w/Y",32,alphanumericSymbols,201.1
7672,pX3L&U&h_mi)>Z@~r]J;{U7U2-usRsKy,32,alphanumericSymbols,201.1
7673,*bfFHw{sf}[|g4dAi_D?P&)L&*.9n=||,32,alphanumericSymbols,201.1
7674,{LZ:nW~4<@%(T<.F@ELt*C^/[YhTj:F~,32,alphanumericSymbols,201.1
7675,"9sm7ZLsMEnvq_QbJ9ebs:c?=bm,xW|%Z",32,alphanumericSymbols,201.1
7676,YWc*~)+<#gJ}3Pt>/D$z||<_((dm!nt3,32,alphanumericSymbols,201.1
7677,"4#^TcDL2~cJcV?/hj>//yPfXDik+VE!,",32,alphanumericSymbols,201.1
7678,~E.u]AsC[kf*Dq{3&J?hb.V7X^(u#Tbu,32,alphanumericSymbols,201.1
7679,"b~;,D?J[qewa>PhV%+f&_!*Tqh<=U)9,",32,alphanumericSymbols,201.1
7680,Wb&$Q%/Cdn+#tM[dvu=C:7EMjr[VMiz^,32,alphanumericSymbols,201.1
7681,"3tyip*(Y,kWDQ~,sb#^]E3W/!9vRZjZp",32,alphanumericSymbols,201.1
7682,[Xf^V%pM$#Pmf*Vb]TrX?[93#Wz_KQeW,32,alphanumericSymbols,201.1
7683,"bPm-Y|hvC=.d<~=a2pyMXz~$A.?b<,+s",32,alphanumericSymbols,201.1
7684,"[ECPQM?rkbyjPT&;-y?[CyH$pn,A+kk$",32,alphanumericSymbols,201.1
7685,s=ZL?i[bNjY;)+yx<xJE@uq-hvEKR:>e,32,alphanumericSymbols,201.1
7686,(]=N?RUwy[F>-qeU!7;[|^brg-:d@q$*,32,alphanumericSymbols,201.1
7687,"4,+{v],3VxbDP#nk)st_^=cC?[CE=Jz,",32,alphanumericSymbols,201.1
7688,vkmJhc%9cnW.TsMf$$=b{_*mTLLLJw/L,32,alphanumericSymbols,201.1
7689,:}R=X.hzP|(+dRnC&M:@>h:AFUaX)2Wp,32,alphanumericSymbols,201.1
7690,"=M&!]Nk79a(UncsYyduYwjRFj#h-,mqL",32,alphanumericSymbols,201.1
7691,z[]WJ+Np#i=7v_ZgH9?WDyU/)#n{zfm-,32,alphanumericSymbols,201.1
7692,"vkn]cm+3K*,eXctfzn4A_7>!2Tgb>[_K",32,alphanumericSymbols,201.1
7693,W2-]|-&UPQHx#T7Z#KF~R(bx.h%P+NXW,32,alphanumericSymbols,201.1
7694,(h.;F.KHk(JE{cM<Mz{dfxn&]n.HX^TM,32,alphanumericSymbols,201.1
7695,".$un/3eh,:d~:hHFRLv%,g^3$>.JAz*{",32,alphanumericSymbols,201.1
7696,&u[*Fx;D}JT<%|uh9mmNpW%@$$M)rKb<,32,alphanumericSymbols,201.1
7697,q?iY$~aPD$(J=tq3$euK[eL#$y_Qb>eX,32,alphanumericSymbols,201.1
7698,N)R2+uVD_!u*Y~THcRrMRV<P$>Jn#3?z,32,alphanumericSymbols,201.1
7699,v[j4v/e^~b[Cb4qhw:M[{pW+a:D?dKbL,32,alphanumericSymbols,201.1
7700,fqrgXPNe&UEp$eH}DR#qQ?:Ngv$spVrY,32,alphanumericSymbols,201.1
7701,P]YPp@HPdh2RwZ(E):&&H{^rf]tHz_<r,32,alphanumericSymbols,201.1
7702,4(]QaRNF]L=/(-iHFnW;YJ}CQRU}yj[K,32,alphanumericSymbols,201.1
7703,iUc=xrP9dc$(tzRFfEaLQLbAkCiAk(#w,32,alphanumericSymbols,201.1
7704,]R:yZc=ch!#M/^7qfr{7;JMxk/@J23).,32,alphanumericSymbols,201.1
7705,7>c4UWu;*T-NXH#y>X=&2!K7]PcDh@c@,32,alphanumericSymbols,201.1
7706,[H>a*@c%ML7U(7qy7)gvD[@Z>DF*JWce,32,alphanumericSymbols,201.1
7707,[#r)VfiTpQD~cpuE|(nwX7Pj(C}cMCZ3,32,alphanumericSymbols,201.1
7708,".Z&AhuEA~_qnuj3]V/m:$?C,k|LL^V+~",32,alphanumericSymbols,201.1
7709,"N|*kxnu^~FiqH%b:9~&fL,]LN9?/4Hhc",32,alphanumericSymbols,201.1
7710,;2]r*%3CvJ_X_T)rbF|3//%sMir9s^uK,32,alphanumericSymbols,201.1
7711,-QwjRaZ{QNFzx.:h>T?/R%qFm%!|zM7<,32,alphanumericSymbols,201.1
7712,"iKrDR.3U^RgK=a,R$:,XA=2msd}EkLbq",32,alphanumericSymbols,201.1
7713,";|![dY,{+[J_PRi]Pr<tRr>]%:h<UVh!",32,alphanumericSymbols,201.1
7714,"4$j~>&N;ARFz_%s~hz.ET+QEM>,AyPk^",32,alphanumericSymbols,201.1
7715,RE7?XjF%@+rg]_[Zgye:A4}][JeCENmR,32,alphanumericSymbols,201.1
7716,"~+%x@$7pvk#ev4(bbUP.qu{xmFy.hf,$",32,alphanumericSymbols,201.1
7717,#Nc$=}mAg^?_$=|WiA*2*rhV$ms{Ncz-,32,alphanumericSymbols,201.1
7718,<%_?X]|T+m]fc{yDgYAV!$2^WK*Z+X3],32,alphanumericSymbols,201.1
7719,h3]w}nVrRXU=W>~JyP[X&TM@^{ZX({vT,32,alphanumericSymbols,201.1
7720,"vux;%]rM/3_V7><@,>iiU&R}divVy!@n",32,alphanumericSymbols,201.1
7721,EV<W;hbUd^9UKD$2dz$!j:y73D^C)mWd,32,alphanumericSymbols,201.1
7722,"nx{NDV!%9RyA|q,e29/~xj?Q#9J%Y%]D",32,alphanumericSymbols,201.1
7723,gHLEXuw#fn-*Y2Pp3qEreQRD9~#JqHhh,32,alphanumericSymbols,201.1
7724,K@yNh|KRkxcK:[|[~~~Kq9pwd>Q4DF4&,32,alphanumericSymbols,201.1
7725,9X[K:gp/~%H2si2F(AVPa->XyU(2v9j>,32,alphanumericSymbols,201.1
7726,"z)R^.%92-+U/.g$n,M[R>,>2z=J23C>s",32,alphanumericSymbols,201.1
7727,"ubb,s-AM^^)h+a)e_za>Zg-afEH-idZ,",32,alphanumericSymbols,201.1
7728,",|]syW!m}mvX2<|%p&a,;Fjvp4rj;!;L",32,alphanumericSymbols,201.1
7729,su}yrz;/Eg_a*va?q*$[YA3;D*r9[?H.,32,alphanumericSymbols,201.1
7730,WM;DbpXT++cqUh/)_4tc)=w-~&3>aNT~,32,alphanumericSymbols,201.1
7731,"KsVJ/$-,Y*4Zt*jx~q+hh7v49:*RsA$(",32,alphanumericSymbols,201.1
7732,z3*@$t$Qia(@apyPY:qwEvmX<n9iQRLN,32,alphanumericSymbols,201.1
7733,gh_f[w]4+}ea4iiqApQ_><jC_dM~d!Am,32,alphanumericSymbols,201.1
7734,7N<h73?|d&{!e/2zW]Q>K;?XRJdNM!qg,32,alphanumericSymbols,201.1
7735,Y?v:}JqajL.sd}n:]D*!}[Nz!Pq2yC[Q,32,alphanumericSymbols,201.1
7736,"eegJnV~s,P$tbyReY%+?sg&X.WX=LgTZ",32,alphanumericSymbols,201.1
7737,?+yK#kaePZhTF{rY=F:#:h;]qj#$~e?#,32,alphanumericSymbols,201.1
7738,"s_ii.,F$tNCcf_-!|j)xWP^.R.m|q{dR",32,alphanumericSymbols,201.1
7739,xt^EUQU<~a4au*X-fR*9[*%!zj{~mwvr,32,alphanumericSymbols,201.1
7740,T/R#_=pZ4xWt|#X&UhA|}$DVH.csM9>),32,alphanumericSymbols,201.1
7741,"t24*bWd|3e{f&+2x,v]:i3]&+K#{sY72",32,alphanumericSymbols,201.1
7742,"Ud=k@Y{@UYVXX:R,Q@XZd)gb)i&^]2Uy",32,alphanumericSymbols,201.1
7743,]~!v=i#)4AV).$FN_Ka~!}g:|~yHuf_N,32,alphanumericSymbols,201.1
7744,aVifDE+LQh9dpT]<TeL}n?N3eY:*E^#i,32,alphanumericSymbols,201.1
7745,"|rg|hj%~a!.7a?La2HZ,Ua|Lfsrdu@k/",32,alphanumericSymbols,201.1
7746,V-t&#<Y(n:w-NRz4%(-QV3Y4M_@gL-kw,32,alphanumericSymbols,201.1
7747,"m[u,Jw[iTD7[M+b=#Ks%UXMs/bCrux[*",32,alphanumericSymbols,201.1
7748,>f9_7j|C!irxN@EdqJyiK{>chQTc*F_b,32,alphanumericSymbols,201.1
7749,"t%&wY.g@en4.N,N)r:4,[&R._N+TV,by",32,alphanumericSymbols,201.1
7750,mP$y.k|Wjqa=/WCX(EcQX9-vmU*F~ih/,32,alphanumericSymbols,201.1
7751,).e*J%^g]K3Zz:f-:@4vZ[W~M;nc{Jpz,32,alphanumericSymbols,201.1
7752,E*|{H:%YPcMMtiAjLbP?Uv%UkjNmQ[%D,32,alphanumericSymbols,201.1
7753,qMNYXqe93r!i7_p@.+y&/%?aaW3k;yh[,32,alphanumericSymbols,201.1
7754,C92s}=E!<Umd2ssXXE}saHfEX./@>2_(,32,alphanumericSymbols,201.1
7755,cCdX;ttq93}=k][^d;Ep%V7E2-AQ?e+7,32,alphanumericSymbols,201.1
7756,"gPL3M4u+M-(@2V$nkk<,-DEE^Upa<:-)",32,alphanumericSymbols,201.1
7757,"D7FR]FnvMHQPQQa!M,[}-itg@3R!KW.u",32,alphanumericSymbols,201.1
7758,"si,WNn.As}nz3yiEK>K2w4;uz{Kp4Cd.",32,alphanumericSymbols,201.1
7759,Y3~J+=DgC{-Qy&-]DMEay9v2F4]x(:F+,32,alphanumericSymbols,201.1
7760,-K9Td^uM:sY%rbL=[Zxc<*%<]>iwyd;R,32,alphanumericSymbols,201.1
7761,Lh2!_:Q9L4!a*MCPf!E|Nyp+Dk:[J]jE,32,alphanumericSymbols,201.1
7762,Ye4!=Re2J>bpNk2}_JF4RR?V4kq/!?EJ,32,alphanumericSymbols,201.1
7763,?93=HJhT+~sQ|R7P/n[!MW)wkw{kA@~%,32,alphanumericSymbols,201.1
7764,;uCHj=}+Rv%.r+fgHek><FpVNYC^(PP[,32,alphanumericSymbols,201.1
7765,!$]J*Ma7nw+(cg!d=-$2&EDRAqgP-tgw,32,alphanumericSymbols,201.1
7766,m{3g_}}f.]b2Hcsz}3(xs[u:L4h|YK^Y,32,alphanumericSymbols,201.1
7767,$2zEH~s2e(}=|E)zZ&&]f+&tu)p>c(fw,32,alphanumericSymbols,201.1
7768,"d9h_&p4&#wYiF(Ffpkm$dez+fYd,PW?@",32,alphanumericSymbols,201.1
7769,"?x;NA,#=i#Wa:@:[++$AcdaQj!mqb>ue",32,alphanumericSymbols,201.1
7770,FD/_4Ly^F!MH<W~A=MpxHv<x-.Q4PPd#,32,alphanumericSymbols,201.1
7771,"v!ew$,^zcmc=|DjX>YxYDCu^Ax[DD>Rm",32,alphanumericSymbols,201.1
7772,3nPR.U]].]v*.M{){+DrU3mYVi_7w2/;,32,alphanumericSymbols,201.1
7773,"[%Uf9N4P^[RN9tpx-Ty#(DFpj,@3Aayw",32,alphanumericSymbols,201.1
7774,">@(QnR,(EEVW+E}Ln7~*/TECqTE$RXPM",32,alphanumericSymbols,201.1
7775,ffjFdu>)Dp]Q2%be_9h=eJ{4um[qW}D@,32,alphanumericSymbols,201.1
7776,">+xmutD~YKdLzm$rJ~A{@:)CF3V,+CP.",32,alphanumericSymbols,201.1
7777,@^3TCEw~~3cU}Zj=i__Jn(D_FF+|<}a.,32,alphanumericSymbols,201.1
7778,wq<*Z]ut4KH]({UM7A#Wke{&[zgp).qn,32,alphanumericSymbols,201.1
7779,sCx7X[T..23fHTXW{e3&tKX.yA}>|@wm,32,alphanumericSymbols,201.1
7780,U!WYr)Wc~FpMe?#VJu9NUj(iH{wW*?ph,32,alphanumericSymbols,201.1
7781,4kZ?}#XjML.up(@~z~.n*|]HRfF.@pU~,32,alphanumericSymbols,201.1
7782,v#p9Rk>@q~@+%2MaH%3q_!mXw)FV7_:2,32,alphanumericSymbols,201.1
7783,-!+}?2KAtAHgq_ZPfH9dbMN93x:/ZDa:,32,alphanumericSymbols,201.1
7784,"ATq(,NNUZsZL{|N<K$VV@w)i/~QRK<H&",32,alphanumericSymbols,201.1
7785,FN->ZN@3//<$Q&*:kdFt!|>C:nyMbWrV,32,alphanumericSymbols,201.1
7786,)9ZTEWxqLE{zXmzm|->j#z%%m:|i*=QK,32,alphanumericSymbols,201.1
7787,N^bY;{iHaT[VZ|W~KjM(j4Q7*y~pPhUt,32,alphanumericSymbols,201.1
7788,"z|U}$@/.7n?Jj,3<2X_PWspuxw[{N^AF",32,alphanumericSymbols,201.1
7789,[|3teY+j-$R}_RyXF{%#<f-iURb2_/3k,32,alphanumericSymbols,201.1
7790,"Hv;[L~?_F$)fcQ}9eTwL*7@$h%w)w,ai",32,alphanumericSymbols,201.1
7791,"k#,d&L#Pk@/N9iFhf$A$W!DHR|Uh/d%D",32,alphanumericSymbols,201.1
7792,J>?HWZtFK7F@bC9jYaxhe&RK<]Q*-+a3,32,alphanumericSymbols,201.1
7793,$M]>?xxU=zW>z^bb<&p>?}/E2cR{gda7,32,alphanumericSymbols,201.1
7794,PK&@+LMRf[VV(ekehDQAq4?VVw3E]@n$,32,alphanumericSymbols,201.1
7795,">[@T-,D%)_bYifT=q*:H)gMuz3^DN>>W",32,alphanumericSymbols,201.1
7796,"+7_t#2uV?f!H,NFk}~|ipm7P,+)Z;xwN",32,alphanumericSymbols,201.1
7797,"nv,[gv:!f^.[}XkTd-F&.ZsseUnyz|3*",32,alphanumericSymbols,201.1
7798,WYs(9<>v):%@JDkbT@!ed|C}K#{/w>2+,32,alphanumericSymbols,201.1
7799,.wP;<u~|_q_@+?fP#DD;c[vQ(ndpFQp-,32,alphanumericSymbols,201.1
7800,"2chZ$4$p?[uw%^>jPw,taf>q${ANiPaN",32,alphanumericSymbols,201.1
7801,wMs>tbmt@+VW::eAKTF&K#dnd{iW{k{#,32,alphanumericSymbols,201.1
7802,"?$JzFE+&ycyA,R{#uR(/eY[m4~|+@4jr",32,alphanumericSymbols,201.1
7803,Ftu3WzDp+:|wKtgU(R)ehT_;w/9>r<@/,32,alphanumericSymbols,201.1
7804,DKDx/ybF9Hhdzg!Y<fCzqNRP*dLLpEc$,32,alphanumericSymbols,201.1
7805,vg?@@C2Ne/pgEDh&_%$zny?&X|qAjq*n,32,alphanumericSymbols,201.1
7806,"fs?@Fy%ih/]q=mE,,>PDRv(L|U[9:m:(",32,alphanumericSymbols,201.1
7807,h)/%EC$F&@L>Wp.x|4y)Wr:hj4+LMMvR,32,alphanumericSymbols,201.1
7808,>|d9)h//)mh=zbfA37QHd;X:NVnL[jy3,32,alphanumericSymbols,201.1
7809,QFD$X}vMqFgD%fDH}^J}3?3xm:qU]PQQ,32,alphanumericSymbols,201.1
7810,LMDJ{}{&ZfVW3];WF$#g%<gZZg)EhXbR,32,alphanumericSymbols,201.1
7811,>r:*2?wmt3@f$=9e^{FTd<f$qHyfk*am,32,alphanumericSymbols,201.1
7812,h$K+%P3*K4F/m>(wd;Y;-=LcvW-kmJ(|,32,alphanumericSymbols,201.1
7813,QKRP)XY;<c$(U{tWLeMbUyZkPcX+z9AP,32,alphanumericSymbols,201.1
7814,{dz>T[PErf-U/)(r$24sCr{Q;NRw]KNs,32,alphanumericSymbols,201.1
7815,"X(4x_XE]_KM~P.D+xgv)#h3,{%(V-,jN",32,alphanumericSymbols,201.1
7816,"!ZhrH,e#_!@u@t[,*kW{q,v~>kCdY,j,",32,alphanumericSymbols,201.1
7817,"Jh#L,Wi%ckNzA7}%s|rq%xu4Kr[QP&&#",32,alphanumericSymbols,201.1
7818,"M@&a4A|[Q2id,Q}][zk9_sDJ;&zX:=NZ",32,alphanumericSymbols,201.1
7819,"WbUWExs{dw$iJX-V.^Xbz-i,f!Jr#xC?",32,alphanumericSymbols,201.1
7820,"},-]WuckvdWWu3ZwF$i/&q)VZV2wvrD?",32,alphanumericSymbols,201.1
7821,"cMjwac;bR!!FmT)PkK#3$Knt,zA%eWDY",32,alphanumericSymbols,201.1
7822,s(;ZHTm4#$hHYsALpH_>rXv!v[wYhU:&,32,alphanumericSymbols,201.1
7823,"MUmq?./p2e+XrZ*te{:,gCt4;FFr>%Tq",32,alphanumericSymbols,201.1
7824,b*KWDeWL$^R3Utw]#b/k3peYWz?<e2J(,32,alphanumericSymbols,201.1
7825,/=aypNW9JP9!]xVcva2F~q7x@u4Y;k[w,32,alphanumericSymbols,201.1
7826,WYj/t/Ez<jjNF7?R7#xE}Q-=-DAM<V!P,32,alphanumericSymbols,201.1
7827,LcU[f[!:z+DPgFFtaTD#q##.]3kWFWt[,32,alphanumericSymbols,201.1
7828,Y&)RynZ];.4my$:y|@HYk4T)9QKVetxC,32,alphanumericSymbols,201.1
7829,"C&DmU7b#_yip+}ui<,s(qCw]:X;=aQy^",32,alphanumericSymbols,201.1
7830,hrVKizvDJey^yr|r3T{$~WVsk/R]De_@,32,alphanumericSymbols,201.1
7831,)kA~2Ta2NJs>H)n/vg=MRL3VKj$X<dkw,32,alphanumericSymbols,201.1
7832,"^.TyJ~kKkT/{^K]J;ekL,%{JP%3NeMC~",32,alphanumericSymbols,201.1
7833,t!!yEZm>C=mvWU^/=vmC/:-!!g}Ww3pU,32,alphanumericSymbols,201.1
7834,FQu]L?h=Y.sNygqMTE%HbM&x!wHj_:s3,32,alphanumericSymbols,201.1
7835,"y<,wrwfR|4csjc%WgVTP7,|mRQ]j%Dbj",32,alphanumericSymbols,201.1
7836,%^x>+*bWx=a[^$4WYM^kuRe#v=g!?)PE,32,alphanumericSymbols,201.1
7837,};*t&Q^:fsq-i}2k*#&$%!hw]EP7-p%<,32,alphanumericSymbols,201.1
7838,"fcxcN(vZLA?E.yaq7h<Tu%Ntkwk!,wD4",32,alphanumericSymbols,201.1
7839,yK>%X=.ZXa<)7nXp:gaT$~g&:@|(wy+R,32,alphanumericSymbols,201.1
7840,"/Ef~,y$Yt7?r)^,~~w_|W|_?yPDces|#",32,alphanumericSymbols,201.1
7841,"!t/<m~A/p>k~>+Nx,YY:Y.s>i.F.Yr$Y",32,alphanumericSymbols,201.1
7842,f~;ePYvMXV&4(xM;=m${(w]4E>;J$>+},32,alphanumericSymbols,201.1
7843,Xx>ZD3n2.AQkHwt-MQe3t.=$]U2%URA2,32,alphanumericSymbols,201.1
7844,H~DTv)cJs7s;L]+mcyes+)MZEYz9Uix%,32,alphanumericSymbols,201.1
7845,"FKttTMP)t4PP?MzQ&$u)+dt2i3p,^E&(",32,alphanumericSymbols,201.1
7846,]KtwbZfqVufC[a)9inN2{7Dt_E|Nkn^Q,32,alphanumericSymbols,201.1
7847,"QH,fR4Z+/Dqn;2!;}:CVMDn!4C^)-{tU",32,alphanumericSymbols,201.1
7848,Dcu|Kp?ay4~.3/ji#;;K3gPzd%V9mw;p,32,alphanumericSymbols,201.1
7849,:w3dM]/)P}]hQZvU}>CQ+ZcMLK]fL>Tw,32,alphanumericSymbols,201.1
7850,")A,}W-sj#t:iNr=VuTsbDhY/Kbq-DW^|",32,alphanumericSymbols,201.1
7851,"PUnnmjXa=Xt9kPH,U>(^7am;V:g)[=4e",32,alphanumericSymbols,201.1
7852,wDWV<LCgT<}JY)aQy:F>%t]K+9!Ti~F/,32,alphanumericSymbols,201.1
7853,_+wqae(/_)(AniN|f+p;n2hwx>?$m?C&,32,alphanumericSymbols,201.1
7854,"NDU&uYLvhMa?,_9RkeLUV*bNPX:gpgR%",32,alphanumericSymbols,201.1
7855,_XYwutc{J*FE)Np7tp3YRzehC]u-X$<f,32,alphanumericSymbols,201.1
7856,"jRX*;CX:a_A,aiwDKL]C:q)|&,Kwy+>$",32,alphanumericSymbols,201.1
7857,"=}>:waf>~,>2CiCgsCwteMc.]VN~,-|,",32,alphanumericSymbols,201.1
7858,VDt$H}zjie2&3|m(kq39rb3KKHf$-|YN,32,alphanumericSymbols,201.1
7859,#agiA&hu/y[Cg{!/C{trdDR*)X!x;!ah,32,alphanumericSymbols,201.1
7860,EKe7v?9/+fs&{L=JZmDp*]hT=AC(mmwM,32,alphanumericSymbols,201.1
7861,"s/&hMY?dYDMyg_Ndx3(Rdu,JcH[{>D[Q",32,alphanumericSymbols,201.1
7862,g~@YVFac=w(e^|7udU7wK7vEV4g@)@Wy,32,alphanumericSymbols,201.1
7863,2=E=*e:V~w*&(Fc+k%>R!p]q;+:YDs~g,32,alphanumericSymbols,201.1
7864,DwT{?-Uz37~FeU%g)L]VWJat%AUZKku=,32,alphanumericSymbols,201.1
7865,ww~|CXwEddfedbh;;J2w#3a:y|R2Piu|,32,alphanumericSymbols,201.1
7866,xm&pM7!K[wHY))q>fwZYDUi<fm(:uACm,32,alphanumericSymbols,201.1
7867,}%7s!f2^a;%h_{/+v=9>HYcRNL4/Fw#V,32,alphanumericSymbols,201.1
7868,v*)]+z%E(z)[V9PVHC[{m}2KHLp!_etD,32,alphanumericSymbols,201.1
7869,:^2yH;FFdmFm;+tz%e*jgz2yc#dbU$_w,32,alphanumericSymbols,201.1
7870,JV%J>*~k27#a!AJ$UDM;h{%4nmy7}s}Y,32,alphanumericSymbols,201.1
7871,_D/dtQ-R/EdUHbRL).}nxaj|**NLg3J(,32,alphanumericSymbols,201.1
7872,KQ])+c|wtar:*Pk:De|fiZUffRKLJ}W:,32,alphanumericSymbols,201.1
7873,dWUb;={zEtpF#{Q+$@p=uj~H/eL++)4k,32,alphanumericSymbols,201.1
7874,xnDq&+[T!?JZ_t>^xh-{fLX(;:yq#_3q,32,alphanumericSymbols,201.1
7875,>FyjC+c}.s]qA@$|Jv/xVEX^(3sa<F}F,32,alphanumericSymbols,201.1
7876,"?Hn@7/2<>2ThW&viY@,7f@k&h;wmxH|w",32,alphanumericSymbols,201.1
7877,%>tDR&LL>$N{:Zfm@itM=P#3dH#bZEJv,32,alphanumericSymbols,201.1
7878,tax)HCA<kh)qe{Cn(*_J<M)+<trf&pPd,32,alphanumericSymbols,201.1
7879,"{fsN>WTkYUE,dM2b_9{@$a4U}V9{i__d",32,alphanumericSymbols,201.1
7880,s::h?jXMh}ikDg9)aWUNU?.$9h(|(ZQE,32,alphanumericSymbols,201.1
7881,&{cdY]&2{.Rtuf-wQA}A)a].#<Jbm&2#,32,alphanumericSymbols,201.1
7882,x:%$PvR%xz;;^Hr29*qqDC%pavCebjrj,32,alphanumericSymbols,201.1
7883,"A_zVwQmeW=L24Xi%,Fn{|ZLVL_-Tv=J?",32,alphanumericSymbols,201.1
7884,:>?cPMKm2Xz}(bRt]ZvdJYp.HNWzgWN~,32,alphanumericSymbols,201.1
7885,4R2u<E|e%^&E+]%3L_Pp?RZ.]HQnXT@n,32,alphanumericSymbols,201.1
7886,"&Z$VHd?@?#xzmR2vF,EdiUY]u^ua_J?s",32,alphanumericSymbols,201.1
7887,JD+3DZ^n])|PaHFfrh^jxK^R@C(h/<4s,32,alphanumericSymbols,201.1
7888,)%N>/a{@jk{9%3)pZHQ|}E?Q(9zV*aeV,32,alphanumericSymbols,201.1
7889,bUq_|UfTT[d_Z^?#Q-(vjX.(+^7YU=-_,32,alphanumericSymbols,201.1
7890,"!a[|}<n@aDm%k{%Ft,e[bWf^C2CMQpL:",32,alphanumericSymbols,201.1
7891,"kt:2*9U*b4kVj9=emv$X,^Hu$t-&Xux:",32,alphanumericSymbols,201.1
7892,m^a^v3LknhPTnw.u[.k^YQkHx<kV]9=s,32,alphanumericSymbols,201.1
7893,^|:>2FYe<RyJ4p39{FP(gzFuT)*JFRQm,32,alphanumericSymbols,201.1
7894,K]&FeX]ce|dqa.]AKb+DqZ/4kaa^afKR,32,alphanumericSymbols,201.1
7895,"@CQ=UDsL3?_@f--$d7kP9fT^dL,sv7=n",32,alphanumericSymbols,201.1
7896,h{_E+wRn9tK.c[}:FP2nC[e[bq.iTiKg,32,alphanumericSymbols,201.1
7897,RNpwuWp%urUqg=C=J-M!Fn.EDANKa_)),32,alphanumericSymbols,201.1
7898,XYNW{C&vxj2CjqnM+uAheQ)JFbJt[)%*,32,alphanumericSymbols,201.1
7899,"F!YKK3a/YE:L_Jcm&&cwH|yXw3&:,R2;",32,alphanumericSymbols,201.1
7900,",mD(&hrP%Xrja<3p]_XU#hVRVcT,-}_x",32,alphanumericSymbols,201.1
7901,CqW:?jYTxbm99+$~|wJ%h$hsmDu>bFJN,32,alphanumericSymbols,201.1
7902,RmX<{WpKH?}V}_]yR4)r~#Ngbt*!f@f.,32,alphanumericSymbols,201.1
7903,z7ePjyXE:m@EU4kMP_tNFpCbnv_-Au.|,32,alphanumericSymbols,201.1
7904,uq)~:R$iJQ@#r{&|y%$tN*CX9;Ku*uZ:,32,alphanumericSymbols,201.1
7905,"*-v7c>3rP)A?dfyY,7HJ~cN3p9r?}*gn",32,alphanumericSymbols,201.1
7906,JX/Y=qw^]7kdAru}}i97<WL{JVV?XX3(,32,alphanumericSymbols,201.1
7907,"Y!<NWTt[Tuy.+#Ut7+(mM-z?y,bEaT.P",32,alphanumericSymbols,201.1
7908,pzcJ)sw_FzN4r<T&%d$=+2+Pn*RK%9jV,32,alphanumericSymbols,201.1
7909,f#fpA$4LNw.|eJ2ckupC34E(P|D#H}e_,32,alphanumericSymbols,201.1
7910,:KDmT2A4cxrTj&ZNCW3nh^~.hu/Fkw*R,32,alphanumericSymbols,201.1
7911,+;#cqrfH~JM(Tc!He$JHgRR~9]YA$)*@,32,alphanumericSymbols,201.1
7912,u(ac4akDVrVhm{>.*j2q;uRVWJY}#a/3,32,alphanumericSymbols,201.1
7913,YdZCy4?}arr+=}?=iq(qEQ-e;haev|a?,32,alphanumericSymbols,201.1
7914,c;!&W@Q4J[vj;LT&@qz<tYpqzfpccck?,32,alphanumericSymbols,201.1
7915,Wd#m+d=(ydri*M_<yih?-fAVcHVK~bt$,32,alphanumericSymbols,201.1
7916,H$]zUE}hX%=V4{x7#/dJ7J!Y<JZy3Eyf,32,alphanumericSymbols,201.1
7917,k2LYXVn!cXPyzn|($._R}[j/V;<fKE[!,32,alphanumericSymbols,201.1
7918,u:$Wn}z*jFy9-*9DNm&&gX^)L+Lq]t{C,32,alphanumericSymbols,201.1
7919,"9<=Jkq[{<#yq3Ur?C,;><<_?y&&A?$JU",32,alphanumericSymbols,201.1
7920,";pqQi~Fc-J_q};K2TX!EE,Us.&+J@~Qf",32,alphanumericSymbols,201.1
7921,"xy2xgVwcx4(2bMA7E_MiFL{X,|.YEr)g",32,alphanumericSymbols,201.1
7922,7Dr^Qn~@K:37_.%Y[*4H3.uZ%?m&h+nq,32,alphanumericSymbols,201.1
7923,"?_Vt,}EY-3{xe&mUk!u+wtpuJp%.&A/V",32,alphanumericSymbols,201.1
7924,V:/.@RNMFDy_*?jN/w[sQfst#(&-sTw_,32,alphanumericSymbols,201.1
7925,3*U>&NiQCCM?z(}QabXp~#@pk9P-i}Rx,32,alphanumericSymbols,201.1
7926,Nf-{.CpD2AaX]VF~+?%AqfF&Wna*$YM(,32,alphanumericSymbols,201.1
7927,"Ej$>HgD=cDRzk,_Dn[Ms;..P!7fe4LMD",32,alphanumericSymbols,201.1
7928,d!M(2~=W;].eY9F3F_99U^#|zs;}Em=k,32,alphanumericSymbols,201.1
7929,"P_iq?FX7U,)q!+J@_=xWs[CjXerz-QFk",32,alphanumericSymbols,201.1
7930,|rfQ:Jx^PdzN]W}d_vKz9F{4wms&^F&3,32,alphanumericSymbols,201.1
7931,4/mkh[/<n(dJM_tmpvxff/}v$kW{y?Pr,32,alphanumericSymbols,201.1
7932,~z9b)cZDyhUwH$g};:?|Z^;C2vb{^;gc,32,alphanumericSymbols,201.1
7933,"#U*kpCv<wQsbK,.czp4?&axk@L2f&3n|",32,alphanumericSymbols,201.1
7934,"?Z=zVwTLJ,kMrWkek^%CZCpafZ>Am_Ma",32,alphanumericSymbols,201.1
7935,nXr)C_AH$7HsH>z>H*4%49:T9Fp]h|N<,32,alphanumericSymbols,201.1
7936,c:pw<wHZLckm27vd*yw.d$LMFT9_L>Ft,32,alphanumericSymbols,201.1
7937,"fE.3%+D%[,XYYfT~#)m+An[-.|9+!%sT",32,alphanumericSymbols,201.1
7938,"=XqH?X,.(yCmNP##3$K$C%Ci&+>_>xYg",32,alphanumericSymbols,201.1
7939,LqM~-y_dv@P_}{PRpAKF>T={zE_q4hz9,32,alphanumericSymbols,201.1
7940,qi~2V2-JT$2ApqJaK2Ju*n;Y[{NZ}nui,32,alphanumericSymbols,201.1
7941,qkbRejJz{NDWi.7KF4fyy(7TL]a*~2X4,32,alphanumericSymbols,201.1
7942,"z,af|z_$d*VHWpNXsd$)h~f~]fmswAKv",32,alphanumericSymbols,201.1
7943,>(>7z:m3{J7R@P.kqiiv#x2->p4XH~h&,32,alphanumericSymbols,201.1
7944,KY*bstTTYqg4D!R@FvkNNnWhiCKsRTrp,32,alphanumericSymbols,201.1
7945,9]|q2*k^?-AJf]c[Y%4<:-JR%vdL!@Fu,32,alphanumericSymbols,201.1
7946,zW-UD7AJ&c{tw(hx*_&j-A){m*@J-!~},32,alphanumericSymbols,201.1
7947,"Qv9pt(?H_ibUQ$[;:=FM@ZJZN{!R]=,Q",32,alphanumericSymbols,201.1
7948,"V,PJD7]Nuv+a<f|H-j}zW:_!7KKg>a+v",32,alphanumericSymbols,201.1
7949,w3YjTWy})9qYukpN<y[NsZ@/eK9k{Qr;,32,alphanumericSymbols,201.1
7950,i@={ZW)HdevYRqzTg~iuPXW}+-9w#}aK,32,alphanumericSymbols,201.1
7951,%KQ3:wW~[3Df}Di.FXs?<k/HJc&<.;ze,32,alphanumericSymbols,201.1
7952,"MX:<iHC=m#~$EyYQPQen~L&e,p]37|L!",32,alphanumericSymbols,201.1
7953,"DPNYijY^R=?Wq;rucEAX[:@,~u>]y@u!",32,alphanumericSymbols,201.1
7954,"pVfsK>=H#yc<NTaCC,}V|nN%FH|_sfR!",32,alphanumericSymbols,201.1
7955,+@X;w?UHiJ%fhUNdNf]ZKVe*&zky*FX#,32,alphanumericSymbols,201.1
7956,wx/*94~RRNZJ@F(LA3%KP~bp3[7<.HMs,32,alphanumericSymbols,201.1
7957,Z3}7=se:(QzYL3P=]:@ff(%w-:L&D(+w,32,alphanumericSymbols,201.1
7958,Eny)>?b;r*[%Mb&QgqNvEY!;Dr<^Z2_z,32,alphanumericSymbols,201.1
7959,_Z+DzEf!P&D/&HMQx%f{nfHW~dCh>Tf7,32,alphanumericSymbols,201.1
7960,{^F}~z=9/th7cT%.<t!(<YV4LbJQMAdg,32,alphanumericSymbols,201.1
7961,!P^!t>4:sesW:2P92R|%q-|q[+Zq%{2M,32,alphanumericSymbols,201.1
7962,]bj|3~kaKK}[)e9gPmY/<Jt#r9(.X%iP,32,alphanumericSymbols,201.1
7963,|NquTzjZ!twaCpA%uk%R.}yZ<KJ$njbb,32,alphanumericSymbols,201.1
7964,%X-?2]WdmD/L[er3bY:|xCr!?H3(Dy]p,32,alphanumericSymbols,201.1
7965,"jK~cbEexd@9,T#K$zr-RT;ZiF(mRwd}?",32,alphanumericSymbols,201.1
7966,"NzDA#,N&i[A4zpWT>/iF2<+gf&e$Q#aA",32,alphanumericSymbols,201.1
7967,3c];}#77WR!)xfL^^q%TF;+_*mZEE&j9,32,alphanumericSymbols,201.1
7968,kp>]qzz;vfms_4paMC~.b$^-CCX+]K:W,32,alphanumericSymbols,201.1
7969,Ka<a&7AiRNt%#kxj:L}3Ed=+accPpjHR,32,alphanumericSymbols,201.1
7970,hKU$iu}7EEi44^-@zTK*>%xjgn_R];s!,32,alphanumericSymbols,201.1
7971,&F|>*(b{.st.W#NE}:b-f]T9d=%V!kRP,32,alphanumericSymbols,201.1
7972,"$[uFmaTK=!V{)[zz2c4ap,UJTRCMRUpH",32,alphanumericSymbols,201.1
7973,"Lt,|rA@K&{zN[]P(^n^)F*^2uxj3UbC7",32,alphanumericSymbols,201.1
7974,{~?2hpE{Ti@(qkm}s>&9+wZjj3#P%-N3,32,alphanumericSymbols,201.1
7975,|{hj(!&#t4b?*e+RyJt-ueDj^cUp|mq{,32,alphanumericSymbols,201.1
7976,we:?ft7zD(+Z%%3^i@R<]%frKKL3tJF!,32,alphanumericSymbols,201.1
7977,$kaM%;vQ<%Yy/Q2^x-<f+{Z*j3h^tm!&,32,alphanumericSymbols,201.1
7978,x~xvkXW=@b()@C{RpP|K?_hq2(.f!.=t,32,alphanumericSymbols,201.1
7979,ae#(Yb_;FmU%w)tgksUK$iye#Vg3&UZ#,32,alphanumericSymbols,201.1
7980,"H-]T?}z{Tw_f(?th,}?]&Li,/d;;]Wi<",32,alphanumericSymbols,201.1
7981,4_rcXQiV!)X[~zL/Fd%3%@xJ%:Vd>t?W,32,alphanumericSymbols,201.1
7982,bP{p?!CLv$c;ZRnADmFZJE|nVi=@}[z^,32,alphanumericSymbols,201.1
7983,"(<D^XZ]?hN;vd@bm_<-wf[*R#2b)E,sP",32,alphanumericSymbols,201.1
7984,"i_9U~,?KED#sH=.@~z>Eb=+jmk=#F{}<",32,alphanumericSymbols,201.1
7985,j@)QTdT.~yzU}|t<R93r;+cc>4hyZ2Ns,32,alphanumericSymbols,201.1
7986,xmcLjM;)C>#jjEVdAymX)2#).rzLKyLL,32,alphanumericSymbols,201.1
7987,C2f$T4Kh<>H3iy(cY(WkYCx~(-iZp*%<,32,alphanumericSymbols,201.1
7988,u|bb_p4a!gLj43YLEPP+gbQepcpY|:Lj,32,alphanumericSymbols,201.1
7989,HC^k~v<rt$3K*[=(NPFyWP<ia2m==aix,32,alphanumericSymbols,201.1
7990,C]kVQbZw>Ku|rszM!q7X_WT#RrLTp#<%,32,alphanumericSymbols,201.1
7991,wXJbfdiJC&CF&X!7sNE]p$n~{2|HCckA,32,alphanumericSymbols,201.1
7992,ED>9-=.U]mMv*)q77)Rvxbejftz[-72[,32,alphanumericSymbols,201.1
7993,)~TX~!9V_VZ|p~~gZf7&iWcj)a4WvPhk,32,alphanumericSymbols,201.1
7994,"n(Pu>:&kv>ua!,q^R?#{EmbhtVc~}EMT",32,alphanumericSymbols,201.1
7995,",+#wgQr^FzY2C-.]XVwi}%q?g[^NEZc9",32,alphanumericSymbols,201.1
7996,"=mapn^vi>|x}b,in9W/3UVy2FeUcb$Qv",32,alphanumericSymbols,201.1
7997,"s?,$g$XEh]Ckx~F/a%VtQ?L/V.M:/D)d",32,alphanumericSymbols,201.1
7998,"4+x{~L/x,;t3@hnz]>cPtxV}EdJ~LPj_",32,alphanumericSymbols,201.1
7999,*hmp.Wn>K%M}V)i{P]Ek3;*h=+QMXRY%,32,alphanumericSymbols,201.1
8000,UEaJ7E~N=MUP23g;KA]p}kxn=MkC(Tfi,32,alphanumericSymbols,201.1
8001,D/XeFvcJgdy([?$|y@zgDnsunp+Wt3]r,32,alphanumericSymbols,201.1
8002,}]4<j_M~}+Aqc%h+7@Mg/h.~2dNLPRuy,32,alphanumericSymbols,201.1
8003,bP{auEbZchM-Ex<}y*Zwn;wqz/t}$]RF,32,alphanumericSymbols,201.1
8004,(~_<WWHYn|E!T#AbHd)Q!_+nyM{>x9>(,32,alphanumericSymbols,201.1
8005,%A|hH;(c<mN*7%K=>X%)Rx-qz}MV7>H;,32,alphanumericSymbols,201.1
8006,"?V7J,#;q-LYARpFtutQyz^f-*JHv>R!N",32,alphanumericSymbols,201.1
8007,*xFpu9VQ%;Q7xNEvnctA-Q&.zwR&&mt+,32,alphanumericSymbols,201.1
8008,"%KTL!]Cj}{9uNaJZ_jJ>g,Ubw;ucA.J@",32,alphanumericSymbols,201.1
8009,{?$dMX/7__y:4R>:LCM;9-]qqdZWMqv+,32,alphanumericSymbols,201.1
8010,"a#&w=b<Y)=UtN_Dh7F7,pCM+.LuXvrTe",32,alphanumericSymbols,201.1
8011,Lj#.!gt:};<PmF){vC-YWL]@gCLiyhW?,32,alphanumericSymbols,201.1
8012,;b)AkK9z[%<jC*]^r7/YVDcXHDNV[T*u,32,alphanumericSymbols,201.1
8013,}fpLD|qK[~@/Qi$X?]sX@^wshKA^]#*%,32,alphanumericSymbols,201.1
8014,"uTv@z]._aEn{ur2,%#AbH%NHe-FfaUW%",32,alphanumericSymbols,201.1
8015,vFq]><b*(CTs|d9YRz*(wNp-%b&qpD|},32,alphanumericSymbols,201.1
8016,9ZV!ps9=Y^+ubc<H_;2z2!#hZNwQWXN:,32,alphanumericSymbols,201.1
8017,$.2DR*=~*}9T=?pC%&t&/.FjgFh9WcxV,32,alphanumericSymbols,201.1
8018,",2_{2QsEW9$?gMdEq*#fX,XpC/hH.FCj",32,alphanumericSymbols,201.1
8019,C;T[3/Fk)>q+Zv>YnUnM$QyCfgV/<L7/,32,alphanumericSymbols,201.1
8020,fyUcTaqTANadMT4Y+7%^@t7ibnRe@MHQ,32,alphanumericSymbols,201.1
8021,"U-7p,+U_phb$[=:>L2Qe[w:X-3{._Qyq",32,alphanumericSymbols,201.1
8022,ji3h7*-LWVKAm;q^rxx[kCY%9gT?PCR4,32,alphanumericSymbols,201.1
8023,"kt}*#xrN[d;*#J,3uTjf),Jj@[PbEd>m",32,alphanumericSymbols,201.1
8024,^(Lq=qmLD.(E<KTu)zhU@Q9;V@]-+q>q,32,alphanumericSymbols,201.1
8025,"%V7Ezwn3d4MvvJX4ZU,uZ:~egs#EV~F_",32,alphanumericSymbols,201.1
8026,apw]+U>+nNyn^K%yAbP7r@pZ/_=E-#aJ,32,alphanumericSymbols,201.1
8027,23mD~eag:Pq3~++yZ;?hDxh/VPrvr_fQ,32,alphanumericSymbols,201.1
8028,QU%N)$Z}MgtNqs^U=i&DcmLfnHyHJE9~,32,alphanumericSymbols,201.1
8029,>J_xsZy!U3rVFN(LyMv;z~irJj<RHa!y,32,alphanumericSymbols,201.1
8030,"]yH&]|P&)cwTMx}X>V@MVNU<yapK,=$j",32,alphanumericSymbols,201.1
8031,QaTDQww*v@D-Rh*])E{b!~C^!DeZ%LNN,32,alphanumericSymbols,201.1
8032,*b9>b-FXu.yua&/c>(Ct.U=!^hyaW;/_,32,alphanumericSymbols,201.1
8033,TrhDrHmkK@gig>dFLnzya%TF9Z)d]_q},32,alphanumericSymbols,201.1
8034,uZ{=YT:<K4thPHf7!Y.%MiLAF.m(U3gb,32,alphanumericSymbols,201.1
8035,)sT4HJWi!F;cVi/.u_L!v[i?aDLC((4U,32,alphanumericSymbols,201.1
8036,L>}9#(L>.v7L}zLxHY~@PkX<~#Kg$q[N,32,alphanumericSymbols,201.1
8037,7]XHTf24;jkM$$vAY^Qh]Dch~tPEmvMN,32,alphanumericSymbols,201.1
8038,YxdKbz+t-^?&Hx#e*Thc=P*J]&A%W&!C,32,alphanumericSymbols,201.1
8039,"rk4;kER@DM_>4>D2rE[{[2!jT,R?{sV4",32,alphanumericSymbols,201.1
8040,"q$i~Ya)#+[UQy{=VN,eymD7W/cvK7+y|",32,alphanumericSymbols,201.1
8041,"zj=@M?t;;,)Q&EX+j)Y2$;pf?+rV%i/&",32,alphanumericSymbols,201.1
8042,$%K4*F-LQyb-m~g;Vhg[Drbt|^/K}{K@,32,alphanumericSymbols,201.1
8043,9-&QdmLcJ!fq$z.RMw3R-PxPWka!!qKM,32,alphanumericSymbols,201.1
8044,"H9Yp{fV=[.rh]FNd/dZLUPC,Mqz,_<Cs",32,alphanumericSymbols,201.1
8045,Rf<Y(MFZ$g.9FaqA4&+~|T!7/T}-L)!r,32,alphanumericSymbols,201.1
8046,")a*n+4!*9,=:gchr_?txUUFi~VcVdLpk",32,alphanumericSymbols,201.1
8047,uaQm9TeFMT.>=TyuuV+|&~)2njUW/#qz,32,alphanumericSymbols,201.1
8048,KAWcYVTDPb2kFr*W=g:j#J7!(cR%rgM/,32,alphanumericSymbols,201.1
8049,wM(r;Z?uaYnw;!2bJ^[7yC);trK?jr]W,32,alphanumericSymbols,201.1
8050,9bT4gAJ{W)sHKM^E%xVxbfriNuin/DsQ,32,alphanumericSymbols,201.1
8051,WsK?Jhq?E?-]ZuTaNa?h3Ffi(XuwQg[>,32,alphanumericSymbols,201.1
8052,v2k_njujz(Zd@]9uWYNAVa)ZvM?viCK=,32,alphanumericSymbols,201.1
8053,"#[ZmPU,]~@KrN~(}.zpU$AWZ/c:|z:Af",32,alphanumericSymbols,201.1
8054,Ym$~nn}ZZvWs>jWeEKbc/4M>s|2YLYuU,32,alphanumericSymbols,201.1
8055,w;d-N$Mwj{.Q+W_<?VV9_<T$DwApc%dm,32,alphanumericSymbols,201.1
8056,UqN4c/~v^M@FUYZy<gc;r_N<AH<$j#4N,32,alphanumericSymbols,201.1
8057,|)VynjFyv#EJVFi{bJ7cHHA&/$p};=Hk,32,alphanumericSymbols,201.1
8058,ZRD_-&bwf4/Dnu4iXQ!*F<d#:|J>_sR:,32,alphanumericSymbols,201.1
8059,"xdvZq|Ffuh:vqD;C&jF,VrV2uaFpYq/N",32,alphanumericSymbols,201.1
8060,";M;epf4Tr@^hmycppjTDiiQ-bbA,Y+]|",32,alphanumericSymbols,201.1
8061,qtjvHa-%mH}u.kwizYda]^Px*|-9c;+N,32,alphanumericSymbols,201.1
8062,zAi~:j(fgHw;#)]w@fw|<NxkZn~]__X},32,alphanumericSymbols,201.1
8063,9EE4;)MqgUd9_un&Mi(x~rQC4{4%|rc~,32,alphanumericSymbols,201.1
8064,"V>>bp@~,NQD*=7s=>X@Cd/Q)%<4M-4M;",32,alphanumericSymbols,201.1
8065,XJ|~MMJH.^#a+;v^D/-f||$_M(u=q-;#,32,alphanumericSymbols,201.1
8066,><-Vp|z29{?D>Xm$*xCV{g=P%JAQWKv;,32,alphanumericSymbols,201.1
8067,;>C&v=+txcu^m?@Y[4~gafJx}2yp3[=<,32,alphanumericSymbols,201.1
8068,"WdtxW4p272jjxx?m<rbTcapwhX,RM-Qc",32,alphanumericSymbols,201.1
8069,]jNX;L&f-.Cw:+rnER}tycgn+rw7}LeC,32,alphanumericSymbols,201.1
8070,"4|A]}4*!r_T,hr!<)$%^a]]:=NQDm|[K",32,alphanumericSymbols,201.1
8071,U^7Y+s(k-RU.X@Cr-$>R*#;{7?LYsvpx,32,alphanumericSymbols,201.1
8072,etmR.ztsvNKgj!v_<%TkU&a#jKNe._P{,32,alphanumericSymbols,201.1
8073,"/+,zyfNdAPPDhkRn{)*RUh:#rwtf<*R{",32,alphanumericSymbols,201.1
8074,{%m~+>KemvbxPK)jT^)yU-Xactt.U.4f,32,alphanumericSymbols,201.1
8075,U3*^^?qKW-Aauyrg(;34[7z|Q<]#dxjE,32,alphanumericSymbols,201.1
8076,Fm77>%XzZd*C.Ft++gqc+2LzD@9+x@j^,32,alphanumericSymbols,201.1
8077,.!R?t=$qeKhwHjavWTz3[Y<|J<[Qir-{,32,alphanumericSymbols,201.1
8078,s.~R-gP}uNV;qhu;]Ptz@M:jmPva~ET~,32,alphanumericSymbols,201.1
8079,"k(;@Vawrd!;qR|bQK^jLsYVm7.mL<,]3",32,alphanumericSymbols,201.1
8080,-TJ_gdUQdYC!dicJ})/VZE;g]+7n<3{v,32,alphanumericSymbols,201.1
8081,+4c(WPFk4@yrqN?U_=t*Q7|)uW{bjDv},32,alphanumericSymbols,201.1
8082,}/|/y+$H>vjFMCsP{;g4J+=Pv<!#><Vk,32,alphanumericSymbols,201.1
8083,"xNw{^)}C?Hj@U){vk}H*3@iE4,c=%g!_",32,alphanumericSymbols,201.1
8084,]RU<2zZ%+vq2fMw@9CZ%X$!X$?mFt2;?,32,alphanumericSymbols,201.1
8085,"vTDeC!;,Y%n>,4?M{3W:|KJc/<H&MN&T",32,alphanumericSymbols,201.1
8086,PZLnDY-<|/[:?7mN<c)JmZ*g}%Vp+vfa,32,alphanumericSymbols,201.1
8087,"f,q[^e47]x3sv_%~<NtgN/QqRwug%sqR",32,alphanumericSymbols,201.1
8088,rp>s/9/!N<u!pf#Hnzf[T{&t(M@+4&DY,32,alphanumericSymbols,201.1
8089,"hEh?s3W,{PKss~7y<}~*#u4EwT>##PJm",32,alphanumericSymbols,201.1
8090,"KtQc~A$~,H>D<*@!Wxpg]qa:j)uL;Z.J",32,alphanumericSymbols,201.1
8091,A9T#gyTs;DV4$n7]EDF<R:p!M2T}PM##,32,alphanumericSymbols,201.1
8092,u7&4V~^nmYb(i<.].Rk:P4EqH*e}VXAP,32,alphanumericSymbols,201.1
8093,"^V{%}FRN,J=2&9P*yyJzzat;~}szEF!!",32,alphanumericSymbols,201.1
8094,uCwg!AE=b(ak|gK>4(yF~&<_[{m?@m|f,32,alphanumericSymbols,201.1
8095,wi[r9{NzZwsaejk!MficqsJ3#UqrZb>P,32,alphanumericSymbols,201.1
8096,wkL$rYcEQ]NcT|(iKRL$qL^;fa{XLcc=,32,alphanumericSymbols,201.1
8097,kVhTyuKy?e/A9vv;J]&TrTWAVEmK2fg3,32,alphanumericSymbols,201.1
8098,"k*w}+T&N,a?F@vN-[s4C|;XHQ/MPfiFd",32,alphanumericSymbols,201.1
8099,".n!*UgQq(_}q3qm[KHk:NWW|x$*&*d@,",32,alphanumericSymbols,201.1
8100,XqJ?^*d?2k?we<f+43r<Rd%^W&L9DtUP,32,alphanumericSymbols,201.1
8101,)T(*CkW%VsUr-+t~@j%HpAFDF)Fd%.=u,32,alphanumericSymbols,201.1
8102,",gNq/t)PKrHHL@YDyZ,T$=^]*}~aLib,",32,alphanumericSymbols,201.1
8103,@Lv>7tXec=x?3ca/cxH2[k.AzxFmAECh,32,alphanumericSymbols,201.1
8104,mC?zyz4%n^vHUz?b{3[YT;H-UL}evW)@,32,alphanumericSymbols,201.1
8105,d9LWs[!#wW)Tkf__3evuX!}::(P]xsb_,32,alphanumericSymbols,201.1
8106,]p]3FdY_Rk|#XW7rn?wq._}*L{T3N{&-,32,alphanumericSymbols,201.1
8107,k%=LL=U&&[VUuye:q[;|[V-TU/j>HWHw,32,alphanumericSymbols,201.1
8108,"s.ZEy*eR_<,WfL{#~A.y;Xm@Pxwexv,b",32,alphanumericSymbols,201.1
8109,"[H3i+4M^3!_z)Y9WV~.:,Hw@|E,?QR[(",32,alphanumericSymbols,201.1
8110,"k#W,HK3{FMX.pcEKzbw<uPLC2=}}wWh]",32,alphanumericSymbols,201.1
8111,"Y{zL3z{2,jNYn$d!<Z+tVH2q^Vu:Vpvn",32,alphanumericSymbols,201.1
8112,"?w#$XfqFw*Tx[,v7<?!W$mpWT*#$j,Kh",32,alphanumericSymbols,201.1
8113,xrM&~pv}!+>NLV4*f7P?cZb*gH7:zL&7,32,alphanumericSymbols,201.1
8114,EZ*Pb)<[p:nsiDr?%KJ%?ELr(3:nQ$Zj,32,alphanumericSymbols,201.1
8115,"^[D3|#:7KD,viiPp(z<n9stz]F.##q<_",32,alphanumericSymbols,201.1
8116,"-L4h9Vz[#H,-@.N!]}/V~m,tt7bm%]@b",32,alphanumericSymbols,201.1
8117,2Ds&R^{[Uw$Zki[pAzUt;jEgtwQHQKP],32,alphanumericSymbols,201.1
8118,"7_!>i(M[>?*sCa):#bn?YsE>c]=Af/7,",32,alphanumericSymbols,201.1
8119,"DfRNJ}p:,4|:x@|n$MK9D7{xJ|P]aF&^",32,alphanumericSymbols,201.1
8120,usg>)y/a]MY$pc}m/C@uziJD=}i:}j;w,32,alphanumericSymbols,201.1
8121,"&@R:*z,%Mgu,%cep&>:<.Zhw)E<)Ti]r",32,alphanumericSymbols,201.1
8122,",KuKF+?!7.ymWLrtPs**{dV$?Xg.#L;_",32,alphanumericSymbols,201.1
8123,gH_qC9J7;vz?>gc:UJh>|&QVn|)aKLxU,32,alphanumericSymbols,201.1
8124,xTCnrkE$vV}W:?Z7WA+tRLF_7FQ)(QV2,32,alphanumericSymbols,201.1
8125,"!eR=j,ULwr[V7@ANXgniCaFa>yT^>jVm",32,alphanumericSymbols,201.1
8126,T#9}iR%_.@P]ZgJAxgLP=ET~u4fPw_nf,32,alphanumericSymbols,201.1
8127,"=DF,eH(%9!i=Kc$/u%]U3APsjETsmYTr",32,alphanumericSymbols,201.1
8128,"79,-;E=JV>LChEYWX#ucKP4+LyjcJ-D)",32,alphanumericSymbols,201.1
8129,e>i3gZ]t~*.]!tY7a.ZUd!s[>3+dQ9+x,32,alphanumericSymbols,201.1
8130,^AV?Z!)jg=]nh%@V@(]N!{i^9NX?}m+%,32,alphanumericSymbols,201.1
8131,"Tbcbc3a!aDnffH9R;pUU,diyn.XF_HV:",32,alphanumericSymbols,201.1
8132,Y?Eu4pHPj)m{NAQJ^$V7E_ruP{RA=Naf,32,alphanumericSymbols,201.1
8133,%YkZL}w:JVx3p|>>MaPAK)/U<qeC}X*f,32,alphanumericSymbols,201.1
8134,K:Nm)xFrua$n{@k=g~yqd*?iKAf4W#<7,32,alphanumericSymbols,201.1
8135,tAD+tcX4|74JDu2(K3%yX4_NJwM-yJqq,32,alphanumericSymbols,201.1
8136,">>$e]dZWciq#VHa4p*,LJ[xQt#!7[_Cf",32,alphanumericSymbols,201.1
8137,s/|Y4^AV)_=yW]~@d^Vyk[gizn]Jp)DH,32,alphanumericSymbols,201.1
8138,"@3QLQ{yn)fJ&LK3p=j,Mr#Yt7U>k/t?7",32,alphanumericSymbols,201.1
8139,~@p%=^*UU$=ksRuwJ=c!qFKTExV7weQ^,32,alphanumericSymbols,201.1
8140,"gt:xAJ{2wkW_j,Jqk|j(_.vNb.&qqQ+c",32,alphanumericSymbols,201.1
8141,]XV$v+*~_]w!k[qivQQ[Ku2LJN{~u[_V,32,alphanumericSymbols,201.1
8142,^3(i_ut{_;~fX#4Hns;am$udJ=@]3N2&,32,alphanumericSymbols,201.1
8143,";:gXf-:_&Dun!,Tr#c9eK$<m7iYQX{}u",32,alphanumericSymbols,201.1
8144,;W:Jqf{tsyd|wpC?>ck&/}$}t4MPw>/=,32,alphanumericSymbols,201.1
8145,"Nmvbp79yKwDube:$ZEe.;LU,tiy@@e^E",32,alphanumericSymbols,201.1
8146,",{2?s/XZbP+=u}%,|vfzi,UkC%9n=|})",32,alphanumericSymbols,201.1
8147,N;<P2s%^=KbwU)iqVM(-9</[t93Y~-ZD,32,alphanumericSymbols,201.1
8148,">k/ue,u+,fqn_4Pb_c/@Rm^H$/cNhewr",32,alphanumericSymbols,201.1
8149,#XbuZ7;*nvVW!j=AcyqL%Zy$*$CX~uH&,32,alphanumericSymbols,201.1
8150,^PvnVD9kvnyPQca{zV+J^HUtvaaj_W=e,32,alphanumericSymbols,201.1
8151,{i&s(wjWpRtJ9]<iF<YY9(7LTrtTfgZ#,32,alphanumericSymbols,201.1
8152,"~ZK/72NqFqMt:M4@>j<%Cw|!a?teYc,R",32,alphanumericSymbols,201.1
8153,Y/r_z!MUuwYW<v<4jj]3Xm3;x?Z=?c~k,32,alphanumericSymbols,201.1
8154,CL;FiA4VeTH##]nW:AXuA~f#(bpHRa=p,32,alphanumericSymbols,201.1
8155,a$QFcT<)Wx7c?F@yANZC]hav=T:in]is,32,alphanumericSymbols,201.1
8156,]u/JxTJ_^fm}y~heW*LyN.z)Hx-N*}Tm,32,alphanumericSymbols,201.1
8157,s~Nry=(2E^7+h~VsK4e{fTwwKm3DuwT;,32,alphanumericSymbols,201.1
8158,iHk~ZfDfActYz@t<)wxstPkm)/nMU3/7,32,alphanumericSymbols,201.1
8159,"&D<>&w7|,gjtd.@TA(9M-<A2!kQxHX&)",32,alphanumericSymbols,201.1
8160,"4r:7J:y,4m}:Kfv(Myn~mNHa-eTmjv(X",32,alphanumericSymbols,201.1
8161,"W&s]Z%^FkHX#VrxV_)&,j{3~KeAX[g4=",32,alphanumericSymbols,201.1
8162,KVg|p=ELh33m%&Uk-yXpW:Md|H/$TZL9,32,alphanumericSymbols,201.1
8163,Df9.!{q;TKA7kMk#/hv3#MXATawEj/w$,32,alphanumericSymbols,201.1
8164,jqTW3C^xa;^/ru<hK#Myd%^*%_rmqL(m,32,alphanumericSymbols,201.1
8165,"zVTe=*Qrj:A;)},Y{d/|V>v.Ce]-Q~/V",32,alphanumericSymbols,201.1
8166,b:Uy^f^KpKYhaxYWjshEQF;b]w;;>&!n,32,alphanumericSymbols,201.1
8167,{YpJ].FZpf-TKWa;^Y9vA&T)i;mWv=n.,32,alphanumericSymbols,201.1
8168,"FU^Y+[e$=!@cUya9}Z~RR<E9,Mi4NC%4",32,alphanumericSymbols,201.1
8169,nJwaLLZRRmd>Ht#NNcQ+>Wz%UH_z9W)x,32,alphanumericSymbols,201.1
8170,"xbZ{}AN#EK.}kpsW,$#hdu_P?WR-iQhT",32,alphanumericSymbols,201.1
8171,"xHd<D4;Uq}!a,.X=-f^CQ;j-}A|*(ueW",32,alphanumericSymbols,201.1
8172,eCAYWHtzV@uv=Mgu><E}<whu3hw$7gk!,32,alphanumericSymbols,201.1
8173,"ciRi{(C,NvJ,%z%Ct4Ddm:(P;]wYbH_x",32,alphanumericSymbols,201.1
8174,-*Fqz(qZ<V@EsFmFw!FDLCuMbu%|niMd,32,alphanumericSymbols,201.1
8175,jCH&]$T+-jvAL}PwvM~!7Vw<AxzHz)qw,32,alphanumericSymbols,201.1
8176,"J3WF4aE9Qj[g,^sANEQLd!gt_bW]Pge[",32,alphanumericSymbols,201.1
8177,b>Kd9u*UC|pMhe*VzR(d^<~Cm9qZJh9Y,32,alphanumericSymbols,201.1
8178,{iXRCnb{@T42%y:Ew^=3xe9LAh:}={Yp,32,alphanumericSymbols,201.1
8179,"~WV?XH+^!Tm-KU$%_<>{b7X,Q>AgnmNH",32,alphanumericSymbols,201.1
8180,eF3Q#%{uKY3hDqiQNf)?nkU/qJ+X+V3A,32,alphanumericSymbols,201.1
8181,?7Fh7jtFMLE@V/Y=2r+@uXh=Ed:m:V#T,32,alphanumericSymbols,201.1
8182,2/fpmKafzM2@nz%P=x7$qjVCC7|3AYNp,32,alphanumericSymbols,201.1
8183,F/cffFrA$>z=MQYu>D=hD#TmV<(3(s>V,32,alphanumericSymbols,201.1
8184,&Q}AhAyFvLb=@=VwEwc:*Afv)+e*mH:_,32,alphanumericSymbols,201.1
8185,"g}7vEm,@.^zNd<$_@=|v%FP,y?.WxKsz",32,alphanumericSymbols,201.1
8186,cC*3jii?Et2M.~ERz@UCt7shX<dj7PxA,32,alphanumericSymbols,201.1
8187,%[CRz$kXDL$iiNzvTt7Z#.]vY:>sf%M_,32,alphanumericSymbols,201.1
8188,&{M&$JrAUMXd3Jcy~9d/tWA|ZYQe:Lrz,32,alphanumericSymbols,201.1
8189,Aun&hL+.bz^Vde#{kiqMhp}jFT3NP({Z,32,alphanumericSymbols,201.1
8190,(;?F{z)9fT{H(v#nn}#~_!/4]R;>pKE7,32,alphanumericSymbols,201.1
8191,nMh4aWYcntPRZ}^#agh2X|Qpu=sQc/q},32,alphanumericSymbols,201.1
8192,(%whM<VQqr]|eCP<+/sFD$MMA9@Yjp;Q,32,alphanumericSymbols,201.1
8193,3ccV;h^D=cj_{Wv>py:}n[Xut4EYc*%7,32,alphanumericSymbols,201.1
8194,cCx.dM[PMA;NAsY[xPgsH/Zi>jR:>;i],32,alphanumericSymbols,201.1
8195,X7dWesN>F#|{}}2aPTX@%|TvKH%~en~f,32,alphanumericSymbols,201.1
8196,aQ-[wyku4AyJeUbu!3!T^*wMM##Rki3r,32,alphanumericSymbols,201.1
8197,[&Up/VdxAwJyT2={[PHs=F@Vfjy(3N|^,32,alphanumericSymbols,201.1
8198,qJRg*zMe3w$iy.bT*f!==anVfe!|LVL?,32,alphanumericSymbols,201.1
8199,t_@}{yP&y;%{_R;thPgUAV^@?4Q/M{@k,32,alphanumericSymbols,201.1
8200,XX[KVv^kfi9pJ?a[_W-v9T<.c%Ez:U+*,32,alphanumericSymbols,201.1
8201,VFU{ig[c.2e9%iTvKxXW(^vj(e3{c/?Q,32,alphanumericSymbols,201.1
8202,Xm|}3h:&zYQvZA4ny+uf|Jp|?wXJ+A~],32,alphanumericSymbols,201.1
8203,"wR9$Lsms2d(^up;jyYJ<^mag[>%q,A~Y",32,alphanumericSymbols,201.1
8204,",LK[LNV](bPn(mpVV;9js+>wF;h:y4r9",32,alphanumericSymbols,201.1
8205,"W^33#Nhbq]xA!3[KYi;c|)J,i#@uagg;",32,alphanumericSymbols,201.1
8206,Wx>QJU&.dRyt!P!CHnd33cC<~aWvWQ{L,32,alphanumericSymbols,201.1
8207,Dt2W>u:Zann:;<U3U;+gbr@CWmLg==iQ,32,alphanumericSymbols,201.1
8208,kd+JeKrFtrte%P;Tv{C?cJn=#MHNnmc[,32,alphanumericSymbols,201.1
8209,HQs{PxQW^(ia}+d+}fd_7>~F=NZ3/2dz,32,alphanumericSymbols,201.1
8210,"D?|{Q*7(=#,Jx>>avsWCr!FKu2>3y+<e",32,alphanumericSymbols,201.1
8211,"FsUmdX,Qt&Rq=-=?fyy[C$$ad<m<c}JT",32,alphanumericSymbols,201.1
8212,[EH:?z_EH3#Zm?!zbtVWHNRqz./uZZW{,32,alphanumericSymbols,201.1
8213,/$w-{9~uTrqi/|fYz?}w+/2KEA)@.Hyp,32,alphanumericSymbols,201.1
8214,D)diXN[k?%[&r4H&Ez.{{b!vmzUdDD:E,32,alphanumericSymbols,201.1
8215,z!/:#}4jLrp!qx}N(~js(R}[}z%|Mq;^,32,alphanumericSymbols,201.1
8216,@)4}Jr%2]egTfr3E(]V*eZgjhE;Xurv$,32,alphanumericSymbols,201.1
8217,g-U^<cWT[d4d}/~r#%Cnv_%JM?*KT9[:,32,alphanumericSymbols,201.1
8218,"m$g)D[N/,]z37x=/:/>=wQpf*%NF)y7Q",32,alphanumericSymbols,201.1
8219,qjxf=z?.2D<T4qf:U9>q4:X2.ev$/Lwk,32,alphanumericSymbols,201.1
8220,"Fud,4kA>#]/%THCs4k[%cq?z%3y)Q.&9",32,alphanumericSymbols,201.1
8221,}]Ytik=}LbHp$L;R{EwLPXT7r)_U|fL;,32,alphanumericSymbols,201.1
8222,i&Lc3ug=LV*@}v%@QQ.*UZ3d?h7J?gjj,32,alphanumericSymbols,201.1
8223,?Mv3^7tVxZ3bi^e4{^~FZ{ZQAb7;=r<H,32,alphanumericSymbols,201.1
8224,=Ts$!Tb&|eseMfhC^!mmse{bgMEjs-i$,32,alphanumericSymbols,201.1
8225,btPgv;by&wH%CZmbJKf#=tuNLbUe><4?,32,alphanumericSymbols,201.1
8226,DT3L/[)P$r)ZR4w~(h!zjUn>Wg[t+uV*,32,alphanumericSymbols,201.1
8227,"=iw{VxXydh3MqLLH]]:X:>KtZ(,ta);3",32,alphanumericSymbols,201.1
8228,t&;!%D.a$dYxW#tRH&Xs]rkY[^zF@[>e,32,alphanumericSymbols,201.1
8229,"T)q9L,,F)b:tMWM2?FQ@n#ZKE%d//<w{",32,alphanumericSymbols,201.1
8230,"{])$9)3.{AExhVZ}v_a*,bN>7YAzmsQm",32,alphanumericSymbols,201.1
8231,@qeEwu]qn-cW+$H!]PPw/H@ewEP;Lv}],32,alphanumericSymbols,201.1
8232,Mz<L)h#Ym7RND>EWUrXWm>$wF.TE:DY/,32,alphanumericSymbols,201.1
8233,tcNv_uaAjN{u9EA7UU_9t+z/r_(}PEyX,32,alphanumericSymbols,201.1
8234,]q|ZCs;wy$j/x!!zqQ!Hk$-k-%f<9WZh,32,alphanumericSymbols,201.1
8235,"mbdj,w~r:_wj/>d9y:k7xJX;L%k,rJAY",32,alphanumericSymbols,201.1
8236,%xtFV#Pu[v9iJ4~U&x$.fyahWtJw_vq~,32,alphanumericSymbols,201.1
8237,/*w<Tm:rxeea|cUh>d=uf}kRWbg_:|n=,32,alphanumericSymbols,201.1
8238,PDzed}ADkastZW};-sMT%)X!/$cX9Ani,32,alphanumericSymbols,201.1
8239,v|mgwz}}:ecT!^Lhiy@:w+7>#+heE)Zb,32,alphanumericSymbols,201.1
8240,"f:mAM--22JZu<N,.:cM:|R7k<tQJJeLk",32,alphanumericSymbols,201.1
8241,"j,w];X#T,uE$*V*EcjUhbCCHgW(aPVnh",32,alphanumericSymbols,201.1
8242,UMz4ZnvYN<#&Fy:g72N>-Mti4Nb*yYaA,32,alphanumericSymbols,201.1
8243,"E|*>mqt=$>s(za%KuqPvk+3s-yc],JeD",32,alphanumericSymbols,201.1
8244,UNjn|~?b&$a*}W+RJheL^rpQm>=U*N=W,32,alphanumericSymbols,201.1
8245,CK__F>;MqZ_Aq4kvC|w%KNk:7aZeEVUf,32,alphanumericSymbols,201.1
8246,3*zj@C2.-t@s4LiRT|ZdT*X<g=_E3##Z,32,alphanumericSymbols,201.1
8247,!b%CuxL?rnjxv++%@FT!(CupWPaFWZ}=,32,alphanumericSymbols,201.1
8248,2V&nECb(2~YL;^nX[!.&(~)nh@?Z2Ynu,32,alphanumericSymbols,201.1
8249,x]trg7=!t-d$varfXZ=f7$$<VsuAa_T3,32,alphanumericSymbols,201.1
8250,"Nncwxj>&,QNq4WPEF~/%r+RZQ&y|~ZTM",32,alphanumericSymbols,201.1
8251,C<-:n-u4q.t$_-=v{@$JiTwav!xaT3~v,32,alphanumericSymbols,201.1
8252,tR#JdH=H&<_LLZTsn3}qb}|Xi+~.}Lg:,32,alphanumericSymbols,201.1
8253,v.-<nyN$N~~L$FaQkeQ7X[f{)K|74pKn,32,alphanumericSymbols,201.1
8254,"xr?fmYu7ZtqEC&&siU.m4[,<:(HnX-4.",32,alphanumericSymbols,201.1
8255,&+bD+H47?=V%=}9Zuf!Xm.]J&qR}qhMw,32,alphanumericSymbols,201.1
8256,s@s2CFHps/*uvwqyiT^yhV.3b2=WVzTd,32,alphanumericSymbols,201.1
8257,w9mcf.&rDZ.ZaTW$r%.#dA;K*nDy]V]k,32,alphanumericSymbols,201.1
8258,uX~^?<Zcs]ePh97n:mrLvKbKnTC.p?.v,32,alphanumericSymbols,201.1
8259,~cd-#W<<-bPv+~^TuU#?C_Qf]uLWL+M2,32,alphanumericSymbols,201.1
8260,)s|Uh>gZqgF(%JgQVbC@<W]JYQRkw&VD,32,alphanumericSymbols,201.1
8261,Eay~)#|m|=Du:u4;P(=C]FN:R}xnJh]X,32,alphanumericSymbols,201.1
8262,j=Abu9_z@j@7xT+[uhzJR<$2PJHTa$(k,32,alphanumericSymbols,201.1
8263,)4zH/f:_(DgN/e3x&4T2aeJ@QW>)<$gh,32,alphanumericSymbols,201.1
8264,AtUHDU[R)+)k/~n!FJXFEE@Lx?Y#<D4_,32,alphanumericSymbols,201.1
8265,+d!@}Pi?v{}}j=/sPAM_|x^n+ggzmi2s,32,alphanumericSymbols,201.1
8266,"haAZtPk($3pP@h~jvW(=bp23/UM,a!gm",32,alphanumericSymbols,201.1
8267,DcXP2efR/gHL/pWyAKv%_<V=AzFn&Kvy,32,alphanumericSymbols,201.1
8268,44P/c!%?vW)K>]Aey3?VMwM{4Fi[s=<Z,32,alphanumericSymbols,201.1
8269,%&:+j@Te[#;[|4Lb=ZF#hC$2_$Nm$:&E,32,alphanumericSymbols,201.1
8270,vbeKgT2s?aTyqdj.p!cAxdq>;c9Qc9-.,32,alphanumericSymbols,201.1
8271,"F@,&jE~H{#Cy.gz7jE)qpPr]bP9=~(cL",32,alphanumericSymbols,201.1
8272,Yq*UMF[X@{yM/*]qU9AY!E<k}4>~W_Z3,32,alphanumericSymbols,201.1
8273,{F._i2QDgFw9|_sbx{KD%.QaNVdVzf7:,32,alphanumericSymbols,201.1
8274,"!DM}_!Y,vpNrMkeiLyJiHucmp@2x@RJq",32,alphanumericSymbols,201.1
8275,"gJv}-Vt^d$4n,_P,T/r<&wr:jf3ZX(~R",32,alphanumericSymbols,201.1
8276,"m&^7byTQ?,:MXUW)dHLDhAV$Qr;f[k$c",32,alphanumericSymbols,201.1
8277,"{)z7C=+#^Kuh&r),*yCJC>@KQ%[hf,&<",32,alphanumericSymbols,201.1
8278,([!FY=&/xUUL9Y#s=^xX;3Q/4;>tnsst,32,alphanumericSymbols,201.1
8279,Fmgi&:tL--mk%q7L2_]FU~(%J]FF(;he,32,alphanumericSymbols,201.1
8280,Wk>]Q{[e.RT(ncwD%y%/{?t[u33PJkF:,32,alphanumericSymbols,201.1
8281,Nb9PTYsdLbkP^Lf9fb7*7h~r}ef=v!~>,32,alphanumericSymbols,201.1
8282,neN.z7iX#wyD4UA4x!m_>g|CRdb-q;ET,32,alphanumericSymbols,201.1
8283,ZY+s3i(sN.sE$h4X;TwTU&FePYLTL?^e,32,alphanumericSymbols,201.1
8284,]N;V3JhKK:9|bz$uz#xyx!vy=+/$zgn2,32,alphanumericSymbols,201.1
8285,X%aE:w<b#}#[})KjHb$R$tn3rWiP2XXm,32,alphanumericSymbols,201.1
8286,"&u*|ehR!*Ef),rWMqV^=d|aebw}+^rx7",32,alphanumericSymbols,201.1
8287,?d~kNaRkK4&fa<;!:v{Y.N^N^Kkyi7{X,32,alphanumericSymbols,201.1
8288,s?Accm&mkKshLX.@*xrME7|#edT)_?fh,32,alphanumericSymbols,201.1
8289,+m{uQWp%i@2it@]Q;KEkC=aPXZXw|=&C,32,alphanumericSymbols,201.1
8290,:RM2mJevY^]vw2Yu2~R3er;z2s~TiV@%,32,alphanumericSymbols,201.1
8291,3hr{V.;3!?%de)pk.mAE?N|4NHc{W};$,32,alphanumericSymbols,201.1
8292,"FKarwdPR!^bmJ<{X:+&|tv{,J|>*A~QX",32,alphanumericSymbols,201.1
8293,+<!H~mQ.JL[&}Y.:Z)Pen@jsCcMWau3!,32,alphanumericSymbols,201.1
8294,"PK-Z+Zz%s7ivE;R/|,Fx.KyzrkVDswgJ",32,alphanumericSymbols,201.1
8295,"v$t2mzYLbCL&2!mEh.!{KcyJ3Y,-n7p|",32,alphanumericSymbols,201.1
8296,^%+.iUvz.<4P;Dp<2fg3_(zmf.%dX79m,32,alphanumericSymbols,201.1
8297,"]|}Kstk,u,Tixr^}Tg{~DePpain&f.wh",32,alphanumericSymbols,201.1
8298,"nJWXyb~H]<)JC=|L,cKCV|=!zka}[&C*",32,alphanumericSymbols,201.1
8299,";w/@~:(g~[;pzpHrL?,?<-2.<<3w@zu]",32,alphanumericSymbols,201.1
8300,"N39VR<,c&qz.42H~m2Wqwy{{Fw3.$^$n",32,alphanumericSymbols,201.1
8301,UHXpykw[.j^|K%iQk;^=W_X}].(jbc}4,32,alphanumericSymbols,201.1
8302,"J2$_ypPebFiRKR]i>pw3pj)}g{7/,dj>",32,alphanumericSymbols,201.1
8303,is~C^zJ[}<.+E?xgs&V!r}*+&(Kt&[r+,32,alphanumericSymbols,201.1
8304,"+4RNgF#PjFufdfjZnWRx^X,j!r2F]4,!",32,alphanumericSymbols,201.1
8305,@h%$]dkxT*{b@QZwdQQ;fp~NL4Lye4:/,32,alphanumericSymbols,201.1
8306,"pC+,<HHw}m|U#Vz{hddrEsPXH|W)Phqq",32,alphanumericSymbols,201.1
8307,"X%.v9.UZ,[zg[Vr|W2nwz&K/L9>C$_k%",32,alphanumericSymbols,201.1
8308,":nax4qm%9C[z,zTe)Wg]AtE@9Ycgn=y#",32,alphanumericSymbols,201.1
8309,vLne&$fZ$ser-eK_3i4!s?Rb[|$Q+R#),32,alphanumericSymbols,201.1
8310,"s$WN*D=m,[:,uZs>2/{J$yn7kFLf%juM",32,alphanumericSymbols,201.1
8311,E3F]/3FZ!FsD(nn=_9ae]gbs#2;D^-NW,32,alphanumericSymbols,201.1
8312,=r>2yq7~fu@=d<i:/Z<Qm!2r7kn=/pgL,32,alphanumericSymbols,201.1
8313,)<R/uKE_Z#<CXtP{Hz#ce?RZ?*i2yW9V,32,alphanumericSymbols,201.1
8314,{>Qh$LdVn#Kwx&dmk#W;P{bqC&^YYxqW,32,alphanumericSymbols,201.1
8315,rty9T@m$c?(t[D#|zW|Li&_=V-pw?p-q,32,alphanumericSymbols,201.1
8316,"!xs)JM[H?xvt?;v$VWr/(jC=t+.(!%,A",32,alphanumericSymbols,201.1
8317,"[{!fm~=iW#%)T(z,>,]&9a~L@7nn@crZ",32,alphanumericSymbols,201.1
8318,_g/bFND]+KqWN<MF>HZi}~pRY%kZ{E7>,32,alphanumericSymbols,201.1
8319,(QZ=M3:Qu$*9ubs?+:a~uZ@m}]{7Z.#e,32,alphanumericSymbols,201.1
8320,ts..Xq)xhWc)q[?WNK3%bVNDs!#Fs+Ue,32,alphanumericSymbols,201.1
8321,V=rL<(+aYi|gU$@w3yaix}x*7wX|kEtW,32,alphanumericSymbols,201.1
8322,"U{>bx|)#yURU~Ek:.J(YkZuWU()*7d/,",32,alphanumericSymbols,201.1
8323,"743RCnNJHcw,-)YF9w;tpac?9_m_yE|k",32,alphanumericSymbols,201.1
8324,"XAnL:A*xgu.^dpV,/p-VNCw3$XQaVb}y",32,alphanumericSymbols,201.1
8325,"s,(FcvfAeF^VKNymnZQQkP<#g/WQYK%u",32,alphanumericSymbols,201.1
8326,v;|by.J&x3QDnDhgCW9s*jh@4!^F&R_u,32,alphanumericSymbols,201.1
8327,"NqtNgap?uDz//ib)^:4,mF!$;XJL)+Tf",32,alphanumericSymbols,201.1
8328,$%}-b{4?/FvhwAPj?pc4stu#;2Wu<.Wp,32,alphanumericSymbols,201.1
8329,/AF<3iNL4.{QVz=ZE^}-scH:YV?#g!a*,32,alphanumericSymbols,201.1
8330,"mXi_~fJ7@>UEi<vt,TkX$[_U{r~idhrP",32,alphanumericSymbols,201.1
8331,iPbH~/:z-[QcqX@}fMh%TrL*yx:XACax,32,alphanumericSymbols,201.1
8332,"qWu{{R]j{XywxCM^=P:.{>Xy|K,hV?&p",32,alphanumericSymbols,201.1
8333,;T<!q[FeLyiwYUJFHj$eNy={tXpKLeW&,32,alphanumericSymbols,201.1
8334,(D9K((mPub#L;w|[DqCKE.n#2Z#Nx7Rr,32,alphanumericSymbols,201.1
8335,".$|hH>a}WwP/mMb-2Y/,Uf3;V)|CJh{_",32,alphanumericSymbols,201.1
8336,M[-->^WYaZ=J[yUyRD;b)$d@@|XnV=m@,32,alphanumericSymbols,201.1
8337,/P$!J.2;$j&&zRTRU@N9/q^>?Y@<<~+;,32,alphanumericSymbols,201.1
8338,",,=rYhCRVJ|TX{U/}3/?Fd|iHKkR&q/9",32,alphanumericSymbols,201.1
8339,d@yauiP~&&(N:/yVajNHep=ga?aj}qRm,32,alphanumericSymbols,201.1
8340,X&v;rN:?hWgi_J/PprfHq(#uF}uU&&Q7,32,alphanumericSymbols,201.1
8341,"qfr>:,~MCN]^[7F#L?CaCc$Md@HyR|HT",32,alphanumericSymbols,201.1
8342,n:WhFKXNd:kmYLF3v#X{9Ne{HpDmU]q2,32,alphanumericSymbols,201.1
8343,Z{}L<CC${=$9ci;&yvdJs}m_#eP$(#c/,32,alphanumericSymbols,201.1
8344,uCh{.an#?yh;KC=;N)vVm*J{mQQt[9;v,32,alphanumericSymbols,201.1
8345,/ZgA_$tb2X4]bEEak<;[{#4=CiLpTN{C,32,alphanumericSymbols,201.1
8346,JAkx%(e=a<%b2(2h9$wRxYp?C($j3LtV,32,alphanumericSymbols,201.1
8347,"gXJ,AMuE2i%nQ{3%Dr7U~{x7g@#%LVeb",32,alphanumericSymbols,201.1
8348,"/XZ-ayWb:3uf*/M?2E7+DuMZ:|q2,~by",32,alphanumericSymbols,201.1
8349,$D%|:#.]ti~hVD@=E:Yj=|H}+Zi&W.wu,32,alphanumericSymbols,201.1
8350,Jz=cn$Av$s&^hfsY)Q77x>?dk_({wZhP,32,alphanumericSymbols,201.1
8351,7;/_dNYCmMt/}iK-dn}r(^ZkRJk{$[7f,32,alphanumericSymbols,201.1
8352,*H=b:V%3A4!7~:*3fW>niQ<u*t>/az-:,32,alphanumericSymbols,201.1
8353,"vnY{~jriZD2qv&KpC(3uw&J[h,nEy(!W",32,alphanumericSymbols,201.1
8354,"P3F-QNyQi,)f:Hb/MVa}FNJN#CrMYj2H",32,alphanumericSymbols,201.1
8355,aZmT@wn/VsA#d2LQD*bU/CUeC;nvtXCw,32,alphanumericSymbols,201.1
8356,"cNZHA>qa.u+{^CU,#(n-=sHWNAC@+@s#",32,alphanumericSymbols,201.1
8357,"ut~7=PnMJQ2w)=2:bW2,}azUPq-,%2RX",32,alphanumericSymbols,201.1
8358,tbsVx.Xh|_3%b#$H3AU+C|$vMx}mWbJN,32,alphanumericSymbols,201.1
8359,"<%CZdX&P+T}i_,fpZ<<@yv@LJ}t_2QT*",32,alphanumericSymbols,201.1
8360,:!>&i/}H4b#<n&HL3_igCmZkr=^jw<9;,32,alphanumericSymbols,201.1
8361,"@V&H)QE9!ynr3r#*/ciju+qz4Lx{,E^<",32,alphanumericSymbols,201.1
8362,[D#QTLfeb!+c&F(?{X7C{#3u~Pg^c3Y(,32,alphanumericSymbols,201.1
8363,jgYJ.J!zWsH4^m&]]L@$|29$vFk#gpy+,32,alphanumericSymbols,201.1
8364,HXaYei(m$j+FrnjEH7^!v^~K+DX;t<;u,32,alphanumericSymbols,201.1
8365,"D&U;9:j+/*(t;7fZP_V9,C__Fhx&DKKK",32,alphanumericSymbols,201.1
8366,"*htqVW_fv!fz!Ca[.-n2,n&9WidTpv$b",32,alphanumericSymbols,201.1
8367,"rg3/9aPu,;b,t}Kk&=.#<FUxYav$7p?N",32,alphanumericSymbols,201.1
8368,#%ay>Nt-Kbm-[{4?E2HnZV3nQh2nUQ4Q,32,alphanumericSymbols,201.1
8369,_P?ptE{U/MdXti3s%A|P.V__.~WxEqvy,32,alphanumericSymbols,201.1
8370,:;.~H_u;C&u:|2T7^Z7f.[3Kk/[jqLM{,32,alphanumericSymbols,201.1
8371,n]iANgj:?Di;7m>gY9#;)$>d+.UzHjRe,32,alphanumericSymbols,201.1
8372,M/)PN7rJ|;]V2]ZV[fkx&_|Xmd@hE)q(,32,alphanumericSymbols,201.1
8373,"hu+&J>]WFf(};{&;xM.W4U{VW!!=kCt,",32,alphanumericSymbols,201.1
8374,"JZK}UK,cm#XM2:wDHymkE)%us}U@X#V&",32,alphanumericSymbols,201.1
8375,"&HX=>R(Dy{>Lyvc<aXea,m7#m]MbF&wT",32,alphanumericSymbols,201.1
8376,"-LL]bEy,rjN?k|cz/CYq_yPJ_yNe3*gw",32,alphanumericSymbols,201.1
8377,",HR]!<z<H|V=MKkQg=q(<wa)rP|CU~*$",32,alphanumericSymbols,201.1
8378,&?-ps}zRcPCm:RLi{MwN*u:#NV<NvZ@J,32,alphanumericSymbols,201.1
8379,"v(<]&vv$YAus,[g>ug&i|jb*us(;f)+g",32,alphanumericSymbols,201.1
8380,"brr4RyYW7edxu7XC44v*,Jpv*h!i$w9d",32,alphanumericSymbols,201.1
8381,"s4FdbizP,:i!U_]hux&7w(<~e49<RxFp",32,alphanumericSymbols,201.1
8382,TN?Xh}~aumpvxeYCt9z~k*yEaf#Y?:Hz,32,alphanumericSymbols,201.1
8383,T)L3)!r)y!e}~+;!D}w9$|C!bbEw|hy/,32,alphanumericSymbols,201.1
8384,>upQ$n*cRP=&+%bQaTqzjYytr9ev*?$+,32,alphanumericSymbols,201.1
8385,r!E${*mEyN(d{AAu~-)e|/y4en>A(cXk,32,alphanumericSymbols,201.1
8386,"d/K#R;<vZ4ys/v,-zeeDfQq<H-YJcQKP",32,alphanumericSymbols,201.1
8387,"q]bv.+X*c,@2Z|bt*Q%uF~U(Z&mx@YCT",32,alphanumericSymbols,201.1
8388,DJJ*7j29_!pxf>i~Z<_3Q?hQ=m*gVnh|,32,alphanumericSymbols,201.1
8389,AhJbWz;~^zrc{2Kh4FU]tkjyVi<p!U}N,32,alphanumericSymbols,201.1
8390,F3.%=_TCAvhN@UD<wXE{eq}?)}+|panT,32,alphanumericSymbols,201.1
8391,tLaMZ4EL$faR|s=2;mF<pw]}Rrm7;Ec&,32,alphanumericSymbols,201.1
8392,jey9%K*shm+{L($k?hPQyJ[-Psyq|bEa,32,alphanumericSymbols,201.1
8393,"]+9}MH(|yrt~ruwUT4r)w>?aY,jH>7yv",32,alphanumericSymbols,201.1
8394,ezf.2^>h.774.qL!AnjLxYJ}vwy_aEw(,32,alphanumericSymbols,201.1
8395,JF@3g9WZk~ktw--Q<hj{jr$gt&7zArhk,32,alphanumericSymbols,201.1
8396,A4RUQ*Ax[)#iZ_^f3T]zsFzHxEt;#Q/s,32,alphanumericSymbols,201.1
8397,"2|z9%7E4&d~i,<[u3KpLhyKw!@CfZ[H=",32,alphanumericSymbols,201.1
8398,"}2ec9msf};{sF=Z/%Z,-,*diN]T.t}/b",32,alphanumericSymbols,201.1
8399,",}d7LqY{_Q+..cd#jJ.VxC{(zT3%=-n;",32,alphanumericSymbols,201.1
8400,"4H$y~-M[a,WyRhZJK=_4{DeTsMULcgyD",32,alphanumericSymbols,201.1
8401,"@kK|q|hwE&3R|z!R!)7mk;,u#<J^Z{eq",32,alphanumericSymbols,201.1
8402,aJdA$DgtsM;a)hqq%>PmE]bu&RL&n/z;,32,alphanumericSymbols,201.1
8403,EV[|kJ(Q._V]!y+<[<y^D)3w|(F&:[P#,32,alphanumericSymbols,201.1
8404,C$$LuaPPV4}9A;*MN=PeqQJnbFVRwTM$,32,alphanumericSymbols,201.1
8405,"|VR*,gs&bi%_=qvwCiq9byDZ3h!Py}a>",32,alphanumericSymbols,201.1
8406,.r~f7tVTznb$9a%C9i7>4%%9HJn3L3j.,32,alphanumericSymbols,201.1
8407,.vJRWXH:2e[)WLkb*2C}*$(nmK@ZP$UV,32,alphanumericSymbols,201.1
8408,"N)TY9XKbFJa(!j9N;|vp$,%Wp]Y<*FA^",32,alphanumericSymbols,201.1
8409,CAWjN9^amif:;h;jf~{Z.@[%YuXD9@>w,32,alphanumericSymbols,201.1
8410,"PDernzjg=9,N$:;K.r%*iY{:?V#p@P9~",32,alphanumericSymbols,201.1
8411,"dy^}Dvq#>uD<#dR^z/D#FbzfLY4y,:Ha",32,alphanumericSymbols,201.1
8412,"7^dbjZT%kLp%Rc[.N3hD,~,)YJ{P*Qgk",32,alphanumericSymbols,201.1
8413,rjab3MZ4&R-mfiZ>vqJUinnbKLjT}L:@,32,alphanumericSymbols,201.1
8414,"=2sY:c9CD7kjd_&|;dQ(mAH,u&z#APKj",32,alphanumericSymbols,201.1
8415,9_-</|a#w&=DMJiE4i?^Uj@&#3ZbDYrg,32,alphanumericSymbols,201.1
8416,Em$kiR.vuU=Mb2@P[ijJ%K}4YLqiX^t?,32,alphanumericSymbols,201.1
8417,h?{z(7M&V~&?(rd];scQEWC#%ACnHCv-,32,alphanumericSymbols,201.1
8418,)<bt^+*2a{p(#)pRz{v;qwT2M3[UDyFM,32,alphanumericSymbols,201.1
8419,RwnH7a;qmPuUyiJg9;Lugr=&?sT~=iT/,32,alphanumericSymbols,201.1
8420,"YbyD<=3<bAhn9~>,Z~xP>yjQRLy+!,)9",32,alphanumericSymbols,201.1
8421,"@,f:+dYN@Q.a:MUgwWjM(sMdZ&xae=-R",32,alphanumericSymbols,201.1
8422,h]uA$RPyN_!2*+cUhcEzftF|t4pN-AbD,32,alphanumericSymbols,201.1
8423,-e%rH$3#M?$}RW/4~gxM(]b&NLMhX9$z,32,alphanumericSymbols,201.1
8424,"y);h4fAk!wAV!,a)ZJ(_fvA~th=_PCNd",32,alphanumericSymbols,201.1
8425,TY.?a>tf[e]a=$inM;|x+u~<J<)s(&QU,32,alphanumericSymbols,201.1
8426,ZJ|].fUcqK)X2NMejChPRtN9*7j.JYnY,32,alphanumericSymbols,201.1
8427,?L-9A~(+M/u!sv!MiY[Yg{wWRkVF/UVh,32,alphanumericSymbols,201.1
8428,$<h#N_&|m>Mmk-7v}};$AHu>cPuJYs3u,32,alphanumericSymbols,201.1
8429,)in*XptC9)Ed4%^sZ!xMAWyr!]u|e{tV,32,alphanumericSymbols,201.1
8430,+E7LUWiH>pn[UUTZa.LX7iyu%c@jgn]Y,32,alphanumericSymbols,201.1
8431,;#{VD9y3rDfv%W:jJ4gkHNHi_g-%)[~4,32,alphanumericSymbols,201.1
8432,32^)&MnqMMX3pU?z2gZ!Q(C}D{][R*pc,32,alphanumericSymbols,201.1
8433,#yA^b-KfEvqk2Y#^nH[;=sHm4%YsJk%p,32,alphanumericSymbols,201.1
8434,"gKjPAp}4&dx9t/h-,U*;,-cK*@dhRcV=",32,alphanumericSymbols,201.1
8435,"_Y-]!e(nr!z**;,7{Hi:Eih*CydR^pTE",32,alphanumericSymbols,201.1
8436,+vUL*7/L&NDK2kHJ;fgxsZTV}wr.C|[U,32,alphanumericSymbols,201.1
8437,R2pgm~aLKch%Dt9Y~v-m?Epe+4*}jw[Z,32,alphanumericSymbols,201.1
8438,-L4r<KsnH+>(g?f3b:dX=y.ns^Ec#+|{,32,alphanumericSymbols,201.1
8439,pp^=VV$Uu|CTPH:tMDn77g?J>)M4f^us,32,alphanumericSymbols,201.1
8440,!ZN{WQ!<&i}7@M#uWMcT>/2J-s+<eTQ*,32,alphanumericSymbols,201.1
8441,"_JkY|uaaURAbEPEap#^m@[$,hm#if(w+",32,alphanumericSymbols,201.1
8442,)p7X>pKa~!iU*aW%V:t*~UsfKUr)>7KN,32,alphanumericSymbols,201.1
8443,ctRJcwVv/~*@z^>K(.rjVr93@/4hqf~P,32,alphanumericSymbols,201.1
8444,c>?]Nzp:3HjvsV+Jb=<WvpNa--bTn}rH,32,alphanumericSymbols,201.1
8445,gF[j*Qda[yK*[TL]_%nFuEza+v!?ix4],32,alphanumericSymbols,201.1
8446,({sMFpFj~3Qe{R[Ygwk@_&FAZ79QvZ{%,32,alphanumericSymbols,201.1
8447,D;g.a7T]|VWip.y;Kg.$)z.QtYR7[%g-,32,alphanumericSymbols,201.1
8448,eLK[A-aN|-%2.m]7nC(:/}P<3><d4_vE,32,alphanumericSymbols,201.1
8449,xcWQ~2X.!j[)4|YwiiXiH<JDEsUMLH43,32,alphanumericSymbols,201.1
8450,"x[dC>^iL|,b%.rwzu=Zu7fgkucf?3;><",32,alphanumericSymbols,201.1
8451,a:~XewenC4>@#?$RRzh(;yX%;wx$RQ+d,32,alphanumericSymbols,201.1
8452,9c[bgd*FdMCe;bnxn.9.3#?e9j/J%EUP,32,alphanumericSymbols,201.1
8453,vZA{FV}u]>&[H4uk:L_~/^Nq+tne/DJ&,32,alphanumericSymbols,201.1
8454,".Y#nPywXnAHN<zcWnW!N,w+nWDgF|#).",32,alphanumericSymbols,201.1
8455,")AL9rHZ3,jT7>y+9C?*;&(@%eizu^h/7",32,alphanumericSymbols,201.1
8456,M*U?%Ra_L.+r!R9%tigP?=N>}74KU>t3,32,alphanumericSymbols,201.1
8457,k.btK=M*]NPU[^Qr)(Vf-/Nci[[3D]s$,32,alphanumericSymbols,201.1
8458,",k~yc=H({k3k*7LYiY@&#LgPCDv,_a#&",32,alphanumericSymbols,201.1
8459,yfhTm|Cb}n)MVE~V+e.@Ya?LR](D.RPc,32,alphanumericSymbols,201.1
8460,"hFE^*rzi3R}&4-R[ag,,3sg+KH*gp+]_",32,alphanumericSymbols,201.1
8461,+y!-mXXf~a@q3J*ue<?Yr|94HU7mQ=bz,32,alphanumericSymbols,201.1
8462,"<Us;Q/4,M|)P..,^C/AKv,[FFgxAA.i*",32,alphanumericSymbols,201.1
8463,"aT(qtZb_-,j({>c{qb}_eYQXyqE|2QmJ",32,alphanumericSymbols,201.1
8464,",w.d~mE.|+HeY[Uu.((MgYNgw;rE$:^J",32,alphanumericSymbols,201.1
8465,"?>,%3}#b~:D^cXiPuuM3cQ9AK>ubwpWj",32,alphanumericSymbols,201.1
8466,pj(sKQ)q{#]mWxnXT:7Q7jZujmx2-@z>,32,alphanumericSymbols,201.1
8467,.RJYC7^q7WE]%?g+z&)Am;nhd|M2j~D],32,alphanumericSymbols,201.1
8468,UAv@+{(ype&3;dD.^*!uA.{vE3V9<Jz[,32,alphanumericSymbols,201.1
8469,XMA[T~xrHu}hE)Vt>3XyM|Vj:wzT9nPE,32,alphanumericSymbols,201.1
8470,#<4?cmH^tsC$&yX7fLEiV;#%ZjCTJ2H<,32,alphanumericSymbols,201.1
8471,3Cg$}N7<|ZW_7^3_r|!4pHLbmN;RjM_),32,alphanumericSymbols,201.1
8472,i}RCy;<r9}+Pn}(dz7&/)@wK7)wXFj#z,32,alphanumericSymbols,201.1
8473,"!hMYc~a%p4Vga)s}!,UjnMY)U$TjCL7v",32,alphanumericSymbols,201.1
8474,":C,Mq[]V4cM]F>gV{.%/+_P3Dv7u<##R",32,alphanumericSymbols,201.1
8475,nC:hqcP?^ttP+JM|!3|Rrn${}PY#7}$+,32,alphanumericSymbols,201.1
8476,v?3WhPutdgwyAJ7JxdQ>XK=_r]4LC*Hh,32,alphanumericSymbols,201.1
8477,K#*D}r>dh%seHiFh;huw74+g%E4TNXqb,32,alphanumericSymbols,201.1
8478,"z9,~N7h^Rv#s?WF)9NfJU2iNeaa|n^>r",32,alphanumericSymbols,201.1
8479,"P~:),Hua]bmj%/;NX=|RmfEp3{u,iamu",32,alphanumericSymbols,201.1
8480,*9smT!{&/|;LMLU_.yjP3V@FEC~%{W#P,32,alphanumericSymbols,201.1
8481,"@Lf<Z*uziru/Dhm!,Pjkfcd;_FR&@DPz",32,alphanumericSymbols,201.1
8482,9HN}URj}ipr]KJJY?}ha<*M]VXpF{npW,32,alphanumericSymbols,201.1
8483,hy)aLe?rc!_;!_2bHtmZ-;c|[*z*CVjy,32,alphanumericSymbols,201.1
8484,":W<#W/+}p=7&uyDwa~Es4dmZ>,^w,f2H",32,alphanumericSymbols,201.1
8485,*e<)/Jg->=nd:7=XQhrPD2H{2zFhJfR},32,alphanumericSymbols,201.1
8486,C>Uc4pgUf;PfrDdR/=-ij~#dMAhh3!|{,32,alphanumericSymbols,201.1
8487,eZ=Tk4M|medVK}cMtweF;&A!R;YW$MtK,32,alphanumericSymbols,201.1
8488,|7fTUk4!b@C^[Q{A-f)z[)Z;RMcNJcFZ,32,alphanumericSymbols,201.1
8489,U:@9r>aLTdyJU(QVdxN7V2a@sx]rt~h@,32,alphanumericSymbols,201.1
8490,$YLzyJi:dd>HU>:=zR%E~|3pd-Pq@V}W,32,alphanumericSymbols,201.1
8491,"/t,XbxUCU!TU]vh?/j)<;#WHvx.?4VK<",32,alphanumericSymbols,201.1
8492,[94z2Ldy^7*xQ_*C+E9zrcNTn:D:bQ<v,32,alphanumericSymbols,201.1
8493,}=vEijZ4F>Y/d)VMrFPX:siT<nn|](|f,32,alphanumericSymbols,201.1
8494,:%!WN@nTRx9Yyv~WKJE3CNK$4d:V_3xi,32,alphanumericSymbols,201.1
8495,~2HJJ^*C#3{ef{*uZ2CD|>7skjgEaDd),32,alphanumericSymbols,201.1
8496,2k>?xA$p[!D^uj;Pdcn27]U~Lst#nD)|,32,alphanumericSymbols,201.1
8497,VyWE9sA!tc^i=|$A_JAF)K:a4et(w<|f,32,alphanumericSymbols,201.1
8498,"&[t[,-UA2wr&%k2XX<?Np2YXY.?&y}rR",32,alphanumericSymbols,201.1
8499,"JN{dWUy+%WN[*EC&:QZ;zD,92V_-)PU3",32,alphanumericSymbols,201.1
8500,7?At@?UW>>(_FHx}qV@T_%qn.J-Pr#w*,32,alphanumericSymbols,201.1
8501,raZ3D*7^]^]+Nv+idQHW3dVmKJy)N(<%,32,alphanumericSymbols,201.1
8502,"K@rQ!UHM]!Qbu,{VX?JK|@@LT!QiY9g&",32,alphanumericSymbols,201.1
8503,m[3a.<Da=F(^eU@;M[ALMc>CzJx2Nex/,32,alphanumericSymbols,201.1
8504,"q2Kfab$pV@!,qcA?Hw-HQAg<u]4AvM*-",32,alphanumericSymbols,201.1
8505,"u?$sWv%]pdc7rv7jL,mLiLK(Eu/iw}J|",32,alphanumericSymbols,201.1
8506,"[tzXA~<=2?,<MREK(T_s]Cxq+H}%P=ug",32,alphanumericSymbols,201.1
8507,"P]=^FY;?Mf333*FzW9Ym^-e~jqit,V#:",32,alphanumericSymbols,201.1
8508,.hQt-u;&sup[H+**!x>s~Dv(Fu.EpxK*,32,alphanumericSymbols,201.1
8509,R)TkCb[QKMKQ~Q>km|)*wy7q!T<*!MA),32,alphanumericSymbols,201.1
8510,Qm;qx/uuxb%_mL;Q<W$2xNqyDcT(aH:d,32,alphanumericSymbols,201.1
8511,"4t[}FVjk=>de;JTJUC*Yxt,;du:>TPua",32,alphanumericSymbols,201.1
8512,"<yULDa|{eMr:&}[,dxKeQQi_mRD^VUrH",32,alphanumericSymbols,201.1
8513,4h%2jK]&9YdYs/]RLnTnW%N.$YfE.HH+,32,alphanumericSymbols,201.1
8514,qM@4[*mrz2c&!n:(cWRFU<Ezm&f)~}U{,32,alphanumericSymbols,201.1
8515,"uHeT]?e%NX?&~P,7A/(*PA|~$rDF3=dv",32,alphanumericSymbols,201.1
8516,(w}DH7+gN{=3w>+y>iTFLX<Xr.MRAx}a,32,alphanumericSymbols,201.1
8517,"V;t-p]bnP=}d7vJZQeRbFhM<ZYD???P,",32,alphanumericSymbols,201.1
8518,"ws$g,}xq|z*UMZtFqW>DkDJ4%iR):/|j",32,alphanumericSymbols,201.1
8519,"/c$-N!#}:b,M}rHn~3#~-zKc<$>$zEWu",32,alphanumericSymbols,201.1
8520,"Y<-2gQz>,KiX!22b+&|#JH/ain<4u%s9",32,alphanumericSymbols,201.1
8521,"LK,n^gqU>P@c$>E)@}mHCvatg9;]?d*R",32,alphanumericSymbols,201.1
8522,khY4{#aMeH.L<?!!qekRR@eAZ$dX<H:J,32,alphanumericSymbols,201.1
8523,/MK%P:>~Fs^&>_QiL;+N9Y}{TX!7@EcY,32,alphanumericSymbols,201.1
8524,"fCC)Efs7WN#,Dz/@~tPP=nW},?kkyUhN",32,alphanumericSymbols,201.1
8525,"P^pD?WLfy>]Hq.V|rT#in+,dT^m93~b)",32,alphanumericSymbols,201.1
8526,"eP*/sJvH$7rXwageYDg}Dyxvv,D7tj(A",32,alphanumericSymbols,201.1
8527,L(#pPFbQLUs4DgpDz!dJ%!Y~/Q?=Nkra,32,alphanumericSymbols,201.1
8528,>s[J[R<<xsMFr.2iC)w2R^j.b>cx{WHr,32,alphanumericSymbols,201.1
8529,y43--2])DiL7=pKsn|H}Rp/T]b7ALFFc,32,alphanumericSymbols,201.1
8530,e&${[nVtF$CEHD]&$Nx{@}Zv)jHqm+^N,32,alphanumericSymbols,201.1
8531,t9#DphX4Ze~Y;%H24=*VL^2;JXVq>f;M,32,alphanumericSymbols,201.1
8532,A-9<7h.k>K:va*A)/!2-{VuxMc?zC<dq,32,alphanumericSymbols,201.1
8533,"QyN3c9RVmw[L]Dn2q9b:(KggNx@C9;i,",32,alphanumericSymbols,201.1
8534,?t&(]YDY)J7:.}/twQfyPx)%r;f#rVgR,32,alphanumericSymbols,201.1
8535,"r/{}<sr~x7b$qRY{tnFWW{$rimf<,y,j",32,alphanumericSymbols,201.1
8536,"nF<X{%}KR;=Udiah%+,D&/EAV>gWh&.w",32,alphanumericSymbols,201.1
8537,+rrc=<u(AEzr^xj)>?TyXmR^kDg@cA9D,32,alphanumericSymbols,201.1
8538,"D)q,^Z,x4deWQ.tN[g&^CeAPdh[Re,.E",32,alphanumericSymbols,201.1
8539,"y:yaxg,<_/b^v{mn<c*.<H!*ez?LR;ef",32,alphanumericSymbols,201.1
8540,-DT#bgzexkLCDK_--@-/]Q^va.RACqmr,32,alphanumericSymbols,201.1
8541,y33N7:a<d%{]Uk!sAb9?vX|Ms[ckbxLT,32,alphanumericSymbols,201.1
8542,"[.*Q}QYVE-RgV-(4R]c%Ank+qb,h%zVz",32,alphanumericSymbols,201.1
8543,m?pwxtX2s;R%^3s7>gL-x*LNNyrHa<Qj,32,alphanumericSymbols,201.1
8544,V;zm;]uyYNMc}r~E;>n?73=*>Q_?x=M),32,alphanumericSymbols,201.1
8545,"k&4aH?j?*K?pR|R)Ua^U/C,3#.UsP)XC",32,alphanumericSymbols,201.1
8546,*|p[9QYxE}&MsKrZ2.)]K@hVXdne*j=>,32,alphanumericSymbols,201.1
8547,"Z<&M,T(W9~m>AQkdk~:^QqN)&HpMh[9M",32,alphanumericSymbols,201.1
8548,k<CjEd>q2kQJ!mC$=bQ^sA|}Hc=^k[NY,32,alphanumericSymbols,201.1
8549,xDJW3+RK}W-@9ptbp)fmz#]xFRjk^ktw,32,alphanumericSymbols,201.1
8550,tZnPj9[J+uZt#ZbgPk~|$7XDZJ/v(wcY,32,alphanumericSymbols,201.1
8551,hW!Ubh/~ke}KVX!_[!RN+e)Ke2?;4/kq,32,alphanumericSymbols,201.1
8552,i~v-a%*x{{?_ChiK/E]:jx2UaRpW>kM!,32,alphanumericSymbols,201.1
8553,PTExz[ag]H=+R=?t%M|:L77iu$JcPyYF,32,alphanumericSymbols,201.1
8554,x9Y||Yt:+>[$|_]{K{%ys7jV}dCDkqd_,32,alphanumericSymbols,201.1
8555,P7U^-!f$Y@9UnZtkCDUNN>Tj4TL3e*Zx,32,alphanumericSymbols,201.1
8556,PZhsMV)jR}Yt2Zz{=Ps{qLifQT[Js2jd,32,alphanumericSymbols,201.1
8557,Z!%@Y^nA%4f?qx-m*H]gQhhhLEvP%)pN,32,alphanumericSymbols,201.1
8558,$f&qnvcre^)_2Y-XKjj=%TwUs|^gcD>!,32,alphanumericSymbols,201.1
8559,/b>LWQ[zWwfiuU^Z-rEUq+z&~R*#4Mav,32,alphanumericSymbols,201.1
8560,:DHnACM4M|!Lb[>kEqqExZfcy<3zpgAE,32,alphanumericSymbols,201.1
8561,)$pRweqigf$/3V^tix^%.f&M@{_7=k_;,32,alphanumericSymbols,201.1
8562,u4#4du}WX)AV}w=w-$.{F[P>*Ezisn#v,32,alphanumericSymbols,201.1
8563,hn+;$i-z(_Nb^:W9>+Lr/k_Ptd{bcWF|,32,alphanumericSymbols,201.1
8564,:|;P7b@KkcM9H};-L+C-DW#b3MJqFv]@,32,alphanumericSymbols,201.1
8565,"hrk@^_yiUdu~3,zK|(|W!-n&rUz7Xd;g",32,alphanumericSymbols,201.1
8566,"d>vrUmCvyiY9ffeb_rgN!&QsD9Kc#,hk",32,alphanumericSymbols,201.1
8567,/#Ti7@DPj$JY!HPhuJnN=i$E]nna?3U3,32,alphanumericSymbols,201.1
8568,"cFND4U=+%V>+,3=wP)*[imvNV/afkTrX",32,alphanumericSymbols,201.1
8569,"$]QpNL?wm/(3H~CZCsLu{3Q(PyFi=z,g",32,alphanumericSymbols,201.1
8570,PnA>W&dh%.Y$m+{[ai?LNbr]9gcFC+Ru,32,alphanumericSymbols,201.1
8571,h[|dH?f{b%&;-b4[*D9V-.#PqZguaD}y,32,alphanumericSymbols,201.1
8572,7/tZ3FKZ;tkd+{!C%czAv2;J[KdNhL*9,32,alphanumericSymbols,201.1
8573,rdRZxV$KNkVR%.?gY%[r;s*bvx|.}Q$x,32,alphanumericSymbols,201.1
8574,"?Nf<d*42)iUx^+,Z(cx)g}q!~eN=WAh>",32,alphanumericSymbols,201.1
8575,"pLjz>Q$)x2r<uMqd{P4,E~9C@!Pb^g}C",32,alphanumericSymbols,201.1
8576,=_(E$ag=yZwP7:J9q3j[%zwdEr-?^p~f,32,alphanumericSymbols,201.1
8577,"djqE**?72>]{dHDjDrQC<J^~,E]!b!UN",32,alphanumericSymbols,201.1
8578,!breU<rj9q=P]?APkq^!AEgAj$KAqsp],32,alphanumericSymbols,201.1
8579,y/s9|ph^cAg[.QY&@d77XMx}#<m97/Ej,32,alphanumericSymbols,201.1
8580,eHtEWfkyFUd@K*Zi.T~%~U4mJHWNDkZ7,32,alphanumericSymbols,201.1
8581,ECsv%-F-4.e~A+-j4X*t_sZn<+hv|h(3,32,alphanumericSymbols,201.1
8582,_(/J|^xW(tEJCt!*.X+Dax$c#7C*<i>F,32,alphanumericSymbols,201.1
8583,jeN.]VDpC7Zz%*ieC@f]y.ds%cfy)dq>,32,alphanumericSymbols,201.1
8584,;Anq<TM99UzgQy?vr+U{yVAdZ:ga3/nP,32,alphanumericSymbols,201.1
8585,QrvNM!<fwZN(!anFcU>mpzDE[{-YM^(R,32,alphanumericSymbols,201.1
8586,"UY]4fp=i}xNvU3,CL;|?Z94Km(zQ+V#Y",32,alphanumericSymbols,201.1
8587,"K&W.YVgDTW@47DAT=PLU;X4w$Vq,yi|d",32,alphanumericSymbols,201.1
8588,=>Fg3b$_H@{Qbpa%wR_x>/QY[N%}>337,32,alphanumericSymbols,201.1
8589,7Jed9p9FWPWvasszvKiaHj-*Z;g(kA~h,32,alphanumericSymbols,201.1
8590,WYv2Xnq=x/VEs&Quy|yH(?DL!pizb9]x,32,alphanumericSymbols,201.1
8591,MU&9_s_>-Hn?Fe?J_3Hkm4;pPL_)kvsQ,32,alphanumericSymbols,201.1
8592,"rL?g4H)uir:)U.,T~-7KiJv-_RR+39Lw",32,alphanumericSymbols,201.1
8593,fw]@}PikyCx@zg)}em%PgrnCHKayL2fz,32,alphanumericSymbols,201.1
8594,<!hWFhXPK~ak.H^A7}<Msd)af)zvq[z(,32,alphanumericSymbols,201.1
8595,xRT>*(%hE;*J*&yb+Uix(bw)$<N)9FH7,32,alphanumericSymbols,201.1
8596,t{sd7qED+<7seCPtCp/WeWP2:^43D7.|,32,alphanumericSymbols,201.1
8597,3yfPUwk(!9ggVP#ynRvr-$W7dbW^EJ&{,32,alphanumericSymbols,201.1
8598,hs2$kwV]q=J9PUe79db$jTQHwPtQQyrc,32,alphanumericSymbols,201.1
8599,y=:.NA]CWEETzD[/n!3zJW&HQ/y:j[rK,32,alphanumericSymbols,201.1
8600,:}y%HX{fE_7Y|fEd?N!E4Mh}E>K|rY9K,32,alphanumericSymbols,201.1
8601,s4f3}Z|]Y4j]}!/E%;qAqbJ[n}c|u7f/,32,alphanumericSymbols,201.1
8602,j=Ck2way)e]_ta<~*>!/vzymZr{m4(/R,32,alphanumericSymbols,201.1
8603,jxJV3{Eh2wEH37#wfqtsxP+X$%zQVK^_,32,alphanumericSymbols,201.1
8604,"ALVbbJjmWU7fu/M{y,J/{cp/Nud]]]C(",32,alphanumericSymbols,201.1
8605,{VQKetL_Xsx/d[jZU.!HtjE(9]eYU/+N,32,alphanumericSymbols,201.1
8606,>b&&/?:cuc{i{|K=&Y!:Ru|.p4gy:{?j,32,alphanumericSymbols,201.1
8607,7%_X3r?k[F:sz=Y)pq(tDb$?p9a~Z^e$,32,alphanumericSymbols,201.1
8608,"~;e<3V^{Vq&Tb--9W(Jsn;dM^ng?&>,H",32,alphanumericSymbols,201.1
8609,"NRRub=W&$7f?F#P>7|~,*H>f$#sbw:XD",32,alphanumericSymbols,201.1
8610,AeL@s@ac!3&qzXAA~|P?+us$x%RJvWT2,32,alphanumericSymbols,201.1
8611,b3peY!Z%ZrF:!yebDWM}Q4Nr9Uc?yjW},32,alphanumericSymbols,201.1
8612,J$et([w>jJ^.3[2W#7c+$x[>v<A[@X3d,32,alphanumericSymbols,201.1
8613,*K3kfLsj]4)x:<C2rH&&Z(&_E7=_nX>u,32,alphanumericSymbols,201.1
8614,4qj7-}.U^&D4h!q(U-MP-j$#ksx:%|LC,32,alphanumericSymbols,201.1
8615,NC!MLT%^wfM;&X%Vfh@KCFcwHqE+Kn#+,32,alphanumericSymbols,201.1
8616,u4cj]9WZXVtWC@qC<h%qWd>t;Ky-}%K7,32,alphanumericSymbols,201.1
8617,-%$gMED9M;z&@%di|]&Ne[(H97]ur+Qg,32,alphanumericSymbols,201.1
8618,";c)A,||$9EY?^ThQAxTq|CWAiMiR#42D",32,alphanumericSymbols,201.1
8619,@q=TxYhVyc&[4QF2zD^4vcd+NbmT:q]T,32,alphanumericSymbols,201.1
8620,"aqE*mPPXJTsMu=F>K;s)Rs/.^,9!],*~",32,alphanumericSymbols,201.1
8621,m@z-yQ[b;-y=#zv29%j2;9i#)/*P;uMY,32,alphanumericSymbols,201.1
8622,"(txh_&y}cWyz]M]n4eMY,^&P@f|<X^Q:",32,alphanumericSymbols,201.1
8623,">TD^ALW4,3Wa@pi_k,#vYMz-=PHm>P!q",32,alphanumericSymbols,201.1
8624,X3@ZE+tPN!HVWVEK:-ic*U=MF]b!w]hq,32,alphanumericSymbols,201.1
8625,"E4M}mn$uXn,N2L&Qtrm.n$VpxQtf=<Vd",32,alphanumericSymbols,201.1
8626,mK;Nq?]^)mHj7|H?L$gp!(z]xCt%k[*(,32,alphanumericSymbols,201.1
8627,"NQ_;|,U+i$Df??*7=DvpdN#=fh}<e;MN",32,alphanumericSymbols,201.1
8628,eHQbmC3~D=~z%X/x}&+|Q;zx=&/Rf3a<,32,alphanumericSymbols,201.1
8629,.qWtptx/zw@V?ryLERcbJy*MRymTM;]m,32,alphanumericSymbols,201.1
8630,">%=KkKCd,{EqpNM3kR?m?v)xgL!2c-KN",32,alphanumericSymbols,201.1
8631,"W]K>FAAr^Hs~$tc&(M@T(jt,*NkqRuJ~",32,alphanumericSymbols,201.1
8632,YY7czyF_?%7hFg4qVp.e$i+nZtU3+QtH,32,alphanumericSymbols,201.1
8633,"cMXy9|ZQJHy{$vW#~rtM2,=yCRv$}My%",32,alphanumericSymbols,201.1
8634,fU>9CCME7;nPt!gd{y-rtv]w]t_]q%bs,32,alphanumericSymbols,201.1
8635,{m*fj<~Dt]@Nte+Ye%|KVU]Y9Ln?^F!A,32,alphanumericSymbols,201.1
8636,DQfa[>W/c[r{4t+2x!h(w$[aM!^$=wbr,32,alphanumericSymbols,201.1
8637,3R#@r(vfAR<(A/Y}{-NP4>Fc$Au.j={j,32,alphanumericSymbols,201.1
8638,;:V)t;3U.V]{>y*b|=9bv#33;Pq2pN?:,32,alphanumericSymbols,201.1
8639,f3j|rq<+]AysHcAebE/tR2>e<//7*~hA,32,alphanumericSymbols,201.1
8640,PYQ{K/nye.x_&f|*.RW*4E;n~{s[J9_n,32,alphanumericSymbols,201.1
8641,>(km-VPwZT??AuAeDMdX/rp#:9mitkkt,32,alphanumericSymbols,201.1
8642,"!*YRp?.E2sPVLd<,*f#:ru}~b,}uXrH%",32,alphanumericSymbols,201.1
8643,"Wy}9w,gP-3N_y,h{|N(+9$=P2:U#ycc=",32,alphanumericSymbols,201.1
8644,eC/jD[3[X!m4ui]>?bna2$fgkg2btQu+,32,alphanumericSymbols,201.1
8645,"v@4,XDLxw[x9.Vg.|tpJ)ut<zarjeM!P",32,alphanumericSymbols,201.1
8646,"fa?<&sRkD]*]NCChK,Faqr,[TqM>fd,V",32,alphanumericSymbols,201.1
8647,"jVtwz2>x,XmY@hmD-PLiMQpCx?v|(D*h",32,alphanumericSymbols,201.1
8648,3b~YKdaMgJbg{?T4!+Z?-{2e;aN[kzfv,32,alphanumericSymbols,201.1
8649,"+9,)z<+q$L$h_&9tftFt|,)h>)]JUURg",32,alphanumericSymbols,201.1
8650,s]]!)2).Xbxn(aATUL|AU}a$&xx~chjL,32,alphanumericSymbols,201.1
8651,;?}wC=_+C..4F/2C~H%w.L[[rs2KKdfv,32,alphanumericSymbols,201.1
8652,"T.Q!PQR4axjQ*T;7F,Ye:A.})}-2t+vd",32,alphanumericSymbols,201.1
8653,:/pgZAry{L2CV_]7RwgvsuiC!jb<~%kR,32,alphanumericSymbols,201.1
8654,"H,f}(Z3J^Ys2NXwmxi4a}sX/gpy_YJag",32,alphanumericSymbols,201.1
8655,RZM:Fb.#U24d^mFbFudiMLj#<y{r*[(X,32,alphanumericSymbols,201.1
8656,"+Yhxb/=(u9cZ+b--ii,9]X/Zd&kvXUb-",32,alphanumericSymbols,201.1
8657,"#@,wUXJ2r&K3e:yQ.g}tVN$Kbm,}JY|p",32,alphanumericSymbols,201.1
8658,mVJm;KAbn<V@qQ~[]ed@R7*$AxpRERLW,32,alphanumericSymbols,201.1
8659,2@?=zf*KDF<_2$|?+p$xg.H(@zZ!HCuf,32,alphanumericSymbols,201.1
8660,th%Nhz9!@:+!Ei?Wmwz<r!Jm*MHEQXgf,32,alphanumericSymbols,201.1
8661,":wL9@9^hMXEEW<cYXC+~H>Uj4$;?,-hn",32,alphanumericSymbols,201.1
8662,"T;pLr~4}*pF[Q$zf>(L3zVX[C],ys}(e",32,alphanumericSymbols,201.1
8663,(n}$!_#AWfTquaFazsF+&i?i]:u<cCK],32,alphanumericSymbols,201.1
8664,"b/d=,4^:Hq7xAvg&&{P=LMy*YjFL!rx-",32,alphanumericSymbols,201.1
8665,axyt!?WZTTDhAfPzAs42.[<]i;Xn9Yn&,32,alphanumericSymbols,201.1
8666,:v)Tj/RWbTP~TzxmJR]<f+9v~F%zyb7],32,alphanumericSymbols,201.1
8667,-xFcKcN[JV]fJExxjbP=jE%u;R~}]Qn(,32,alphanumericSymbols,201.1
8668,?uM)!%wZ2gsHk{Ya[z@~znU=^PuRdJ^N,32,alphanumericSymbols,201.1
8669,Cm/=vU[>LME=:C;v9rwH+$UdV{M=>^>7,32,alphanumericSymbols,201.1
8670,u[iT~.?Q;-&T-=*@X9v^2d%}QwQ#n&F7,32,alphanumericSymbols,201.1
8671,";T/%^hn<dzwi>k$?),4^$YY<|xP_t^V]",32,alphanumericSymbols,201.1
8672,/{$)+D[N#ef4>XtmK[z-e~]CEnH[r?^a,32,alphanumericSymbols,201.1
8673,n/qvdgLr+DnU^pc*<X^s[u<Pneg4U?_4,32,alphanumericSymbols,201.1
8674,AXUssxp-JK(qkpCMAV?akNNrug@4!rjW,32,alphanumericSymbols,201.1
8675,K7kR-->QUmWe-F-!stnvEZ~.T!K/c]e(,32,alphanumericSymbols,201.1
8676,kHR=j#v%%+]zh%:npbTyVyHg<Es)spR[,32,alphanumericSymbols,201.1
8677,"hwQF,;d3LbNR~=nY|,wYQXhkaituN?.!",32,alphanumericSymbols,201.1
8678,"4WF/r)3i~bF,Kgw:WgKZ-{CE)n!ka|ZC",32,alphanumericSymbols,201.1
8679,Y*jXKPwKZikP<cPz|N.4+iXj4-@^2=y;,32,alphanumericSymbols,201.1
8680,"T$L]&,nj##_4h/jZ[[_%P*@:XM)Mj,Cz",32,alphanumericSymbols,201.1
8681,<ky*M<]eyN9z*QP!]UMrV@=4YKbim49y,32,alphanumericSymbols,201.1
8682,=VR]qL-2;x~ZpwL#$f/%2Pp(PmrZdeHv,32,alphanumericSymbols,201.1
8683,bX~s&$_7F}bY-h>n*.%K<MhnrAhde}UP,32,alphanumericSymbols,201.1
8684,%:2dZ{?Y2~Vz!umijWK:~uA#9A^&)mWy,32,alphanumericSymbols,201.1
8685,kA}]!dwCxZxH-Y/~7}A~ZwAQm)~L[x.7,32,alphanumericSymbols,201.1
8686,Pd-vpZKyd^3+d@k(^u4~2UQD|P$UvWg*,32,alphanumericSymbols,201.1
8687,"tp:$nmQ]L~~qM,*%/p#.$$+K/Vb[?2g%",32,alphanumericSymbols,201.1
8688,^af$WxX/Xg(iesQ=~sJ!yc2kL?3a#q*3,32,alphanumericSymbols,201.1
8689,%@j%}4=Lq7xKtH>e|4=sJmUjQuRjNgrr,32,alphanumericSymbols,201.1
8690,"zm(+{g)*=d#Pxaa$mi>.w&,^]yVpUMdp",32,alphanumericSymbols,201.1
8691,._FWY]@}4_M-4T-r.K%E&At{VnZ$<F3V,32,alphanumericSymbols,201.1
8692,"r+M(/LifHX=N,p?2w-,{&E7|pd932XQ+",32,alphanumericSymbols,201.1
8693,4qxt2N99i4|;+f/ct$KNPt-!mMdAjN-},32,alphanumericSymbols,201.1
8694,"3*U)a]zD<,A/U^JvaD!hs4exhu~=KhXg",32,alphanumericSymbols,201.1
8695,f;X|2[~A#XX#ff?qhqT>{KD>XiACc-&h,32,alphanumericSymbols,201.1
8696,"hWsyk:F{#-j,~m%[pihxP:w*X<Hzj?t<",32,alphanumericSymbols,201.1
8697,"[jA3h<4bzF2sy/x7FA,VMgC~<;>KEK#?",32,alphanumericSymbols,201.1
8698,MmCn~+}7X~>Cr*yL@|Z7R+@DCPKJ)eH<,32,alphanumericSymbols,201.1
8699,"DW4H.tq{TKfrU!g!w@razeF!%QvLN,$E",32,alphanumericSymbols,201.1
8700,"ENj.+iR{d?#,%j2,7QEm#+En+@?Z+pDb",32,alphanumericSymbols,201.1
8701,",>+Q+LA+e/hWrY*CC*%;we%r.q$9UW:4",32,alphanumericSymbols,201.1
8702,<)+i/~$Q!WM4dtQRUWdq/Tx.w.m;sWey,32,alphanumericSymbols,201.1
8703,DrfVHdf~_2-jPinngnTu3.;qh/uhg)W],32,alphanumericSymbols,201.1
8704,pt#kjK]AvY2u(yN$s@f|%n{JL^e_VQ_V,32,alphanumericSymbols,201.1
8705,NKK^/Kcm2@eJZ?;|RUj%9;3n#+g|4ve;,32,alphanumericSymbols,201.1
8706,wW#Y#P;)HP?jMXXJ_-7[Ua[a@r;iR?M>,32,alphanumericSymbols,201.1
8707,>QzP{_|$x$^4+K&&$Q*FQ%N9HeW(.b3],32,alphanumericSymbols,201.1
8708,v]]+d#.~<mi*R!23jXztq[U=>hQ(yx)2,32,alphanumericSymbols,201.1
8709,qFtbTJPQzmjeV(VQ#b24H7yx]fjHj.:v,32,alphanumericSymbols,201.1
8710,TV933eQdKx~.PhA9$[v@v|gQqrpXWq_W,32,alphanumericSymbols,201.1
8711,"]Fhay%9x,VPixA[>gq:]HDET:wMke;+-",32,alphanumericSymbols,201.1
8712,_nt*jCdFYRF:YQnfZyem4;+;;+?Jur*V,32,alphanumericSymbols,201.1
8713,})?H@%r%V7fENR/3~-|EJuC/dKQ3P/+],32,alphanumericSymbols,201.1
8714,Ksx)2v7fi+?/_;g)R)|TKif&tv>|JV2E,32,alphanumericSymbols,201.1
8715,k:3>]Hh{4EcuPh{DvxZ2ZUPRPxua~HR|,32,alphanumericSymbols,201.1
8716,g<dbu.uTTyhb*KYA|2Zg^KLJ:UvxAWY[,32,alphanumericSymbols,201.1
8717,TXLfK!g3R^q/.;dy!D:N*!)/Q[t@Pe<R,32,alphanumericSymbols,201.1
8718,![2%i(Q(?Ki!HF$-Fd?*/@ic_sr77Q%>,32,alphanumericSymbols,201.1
8719,P4ru/W#Da]>+T7_uFm^@|jd|<L-aeA(!,32,alphanumericSymbols,201.1
8720,]%E4@P[zmx_wHq^W3PY:EXqEjvzFx>NY,32,alphanumericSymbols,201.1
8721,"?m,W(^t^}2&^JF9b!P~~&9q/=@4z&TJA",32,alphanumericSymbols,201.1
8722,fMj&-%uM~PAugJT4i-bL>s;-u4R?cnsq,32,alphanumericSymbols,201.1
8723,UgW<q*3D:qL?W@wvzk#=yxbHcXiAg*j2,32,alphanumericSymbols,201.1
8724,a}&^]iLngfM{Y^]u]vF(bXyf<JN.z|b~,32,alphanumericSymbols,201.1
8725,XPnN^E:}@-K{kPg$y(9!3M&PRyv^hw+},32,alphanumericSymbols,201.1
8726,"D[xcy]W_V4FMT*z@>%PUf,W<Ni}&tx<+",32,alphanumericSymbols,201.1
8727,j|jpePq|v7@TagwgZdg;pUar](;:xbCx,32,alphanumericSymbols,201.1
8728,;4pTKf!@Lr{LMfmrd}2)-jzmUA4w&j]L,32,alphanumericSymbols,201.1
8729,MdL*7q|Fv|_EA{ZifDA){AZ7/ge3gD>R,32,alphanumericSymbols,201.1
8730,!cP~y[~bmkr}bb{YVw_fp9@WWQYH/:Y#,32,alphanumericSymbols,201.1
8731,k{Ud7>:au7bPaD*MELpNybm:kKC;=jUF,32,alphanumericSymbols,201.1
8732,Pp=$bD2>pa~/JC/[tD2k#4.nX|s$.dyg,32,alphanumericSymbols,201.1
8733,kRbR4vAvzX?;4zp+:]Aa=q>LM)CLwaD:,32,alphanumericSymbols,201.1
8734,WKX=!29z$yQm&4)iQh~{2>_K$FWL#{Uz,32,alphanumericSymbols,201.1
8735,RYHvM+c:fs4[#g-PAbmed%Ma!+?L|)Vg,32,alphanumericSymbols,201.1
8736,C}xv{x$xX#VgnY.AHeQZqn~L+%n%*ECk,32,alphanumericSymbols,201.1
8737,"CNUzpFPkyV!((bp,TtyCQ)r](JEe7Yxx",32,alphanumericSymbols,201.1
8738,"P7<kf,.Erpv_!wNPP{xXy4yb*iUdRYkn",32,alphanumericSymbols,201.1
8739,Fik4[x4Zd~9dX7YuuWkVEqC=hP&t4t9_,32,alphanumericSymbols,201.1
8740,|?d/ZaX}@T+u>?@9dKqNyk=y=EHZA.%D,32,alphanumericSymbols,201.1
8741,w/&~T#^rv~$=7}Kri2~CTPNw)a[QsHR/,32,alphanumericSymbols,201.1
8742,AkxcHr*[aK7kYcK_dmKP79^yVf%$QRkK,32,alphanumericSymbols,201.1
8743,c9}hiV[C?#Y[Xyesiq%kp.]K]Fzi#_f<,32,alphanumericSymbols,201.1
8744,q2+$nR7e]2Zw/9=#+>q:2&3TYh^M&-#/,32,alphanumericSymbols,201.1
8745,~2?qCjL#Xy;4U+j:bmv[fW+Ew*zD|7(?,32,alphanumericSymbols,201.1
8746,q%LVs~?Nw*%[)7ZxZ%.WumMN_=YYk:x(,32,alphanumericSymbols,201.1
8747,"R$K*Yd,NrWR{_7wVE-;;!~!)h[CweF|X",32,alphanumericSymbols,201.1
8748,wY#cp_V2CZ[&Vz3FNQFQ$#(^eLvk~z~),32,alphanumericSymbols,201.1
8749,9:<d!Agqu&3byuf*YFX2A@$4LV/MDKY-,32,alphanumericSymbols,201.1
8750,"tX43XCnkpX?.,F9D4+fXM()T7}yMk,cU",32,alphanumericSymbols,201.1
8751,|ijx&~N3Y.QVP7db-2HX@u=DZyeK^C@E,32,alphanumericSymbols,201.1
8752,"$C*$sE#3F,WkWnwE(Y&WrJz|ubPc&4b+",32,alphanumericSymbols,201.1
8753,";UfX%R:~%jxZiLChvs,g,fpf~=NRE3M.",32,alphanumericSymbols,201.1
8754,x>iacR7~Z@@f:z?YQ}HtKk)X@/XA>@EL,32,alphanumericSymbols,201.1
8755,bX<x{i2tR<=N@:(He!MP_N>ab|hmRP+W,32,alphanumericSymbols,201.1
8756,JXDAV>mx>ZAjqC*nFJCCpLxzeNj;X@XT,32,alphanumericSymbols,201.1
8757,m/~_2VK~YPte}{F~evK/&sF][?dzk=)?,32,alphanumericSymbols,201.1
8758,:JkD(w/;a(3h3%W(%t?_A^3LbpQL^%k-,32,alphanumericSymbols,201.1
8759,;](Z+&KLituL:+Y#+&kVk[yrKWcDvptN,32,alphanumericSymbols,201.1
8760,+m]?LwLhE7wW^z=!rWt)]TAnJU3X=}n>,32,alphanumericSymbols,201.1
8761,|F#Z&fNZw<&Yd4#~L3|%h.=7]j:b9Ebv,32,alphanumericSymbols,201.1
8762,"YR4Xfd!,%N=CA-JFU7)eP2/;>>V(ai9A",32,alphanumericSymbols,201.1
8763,PHN.&dfj[&yj@3L*p>PLu)P.(T&q+PP=,32,alphanumericSymbols,201.1
8764,"_[XyT&VfEPtPkAc?vyf(q~[&H#cRR-P,",32,alphanumericSymbols,201.1
8765,3!{~Pp2{#/P)ht>*U-zr~>|secY~w#QA,32,alphanumericSymbols,201.1
8766,"zpPF{F|Kr{$([]7P]cm>>Wte#wZUe,4U",32,alphanumericSymbols,201.1
8767,"=]YVFFQu4C=qJ{*-q(7xjth),t#bj;UJ",32,alphanumericSymbols,201.1
8768,"mYicnLfu%zjFLb_b.Ds{{~+fqJd,rnEr",32,alphanumericSymbols,201.1
8769,VTgq)&cbg*=fn[RE/]bj_EKKKz]QF-?Y,32,alphanumericSymbols,201.1
8770,"?9~$P},_NV&F4@:N2fW<kgWPPFrta&-9",32,alphanumericSymbols,201.1
8771,"_f(xV:,(eyg/Nt+)4$.rRh|kLdM+.-|u",32,alphanumericSymbols,201.1
8772,"{yyQLPkHXb],Jd(|HKEC.>RZeHQV+^VH",32,alphanumericSymbols,201.1
8773,eM&Lb:uua<cFpn-}uKq.f|t/#mmNN4_},32,alphanumericSymbols,201.1
8774,"a,r-NL=]2)W-#NUw2ih>+Hhbi7:7w!)!",32,alphanumericSymbols,201.1
8775,Eu*?M;witrLichH|>$3(P&:ZMMP)F_fz,32,alphanumericSymbols,201.1
8776,R{QMFp<rW*)P2p+$Q}#.UY4)#x{$!M.3,32,alphanumericSymbols,201.1
8777,Jj=yAZr$Jzpus]@9p%!E@Cx9DKPPee%N,32,alphanumericSymbols,201.1
8778,ff%9CfuD=c&|]:>2$gHkR|[#yE)!T+!h,32,alphanumericSymbols,201.1
8779,c&U7e[]wvFTP2}fzwf>kcj(^?+DA]rte,32,alphanumericSymbols,201.1
8780,Dv)/#cv*2[f(^k*{^X?!m/}xAs/i?fwa,32,alphanumericSymbols,201.1
8781,&%:|Xnsdu}LW@#)NdhvDrKQuA>pEX>H%,32,alphanumericSymbols,201.1
8782,&xC7&y$b#^.R^u#Rb~_qP_h#3aKr3?Qp,32,alphanumericSymbols,201.1
8783,PM4>YsQ+E&;F_mTN!U$-9HfZ+e2@$c]},32,alphanumericSymbols,201.1
8784,@[j-{*]9Fa$V{q3&s-@e<&Pd!9PJT[n~,32,alphanumericSymbols,201.1
8785,"z#s.|n2}F~Z</Y&KbR9cn;P(Vja:,{)f",32,alphanumericSymbols,201.1
8786,"T4Tm&*heTUD$ab{jQ3w,JdE[H9L#:?>Y",32,alphanumericSymbols,201.1
8787,~4Eb[xb==>.!)rNjX&~NVk)sK~-NfpZn,32,alphanumericSymbols,201.1
8788,Fdck~^Vs9>@yx<+p]C~?qQ>HXXY=Hf{D,32,alphanumericSymbols,201.1
8789,f*7mt*e9-V:mc@:CjZcb>@LA%@%M&*z*,32,alphanumericSymbols,201.1
8790,-.y)iU9}]7M)&]4N<z)P$mZ<MiNr2PR<,32,alphanumericSymbols,201.1
8791,~y}q?ed7E/V(cC(a%bt$C]v3N((<[=(y,32,alphanumericSymbols,201.1
8792,DQQQams9&i$hz}<XM4^frK+h&9%n?ee=,32,alphanumericSymbols,201.1
8793,Amka29:Qws2;7|;V99(}c?$X)qt4T<tJ,32,alphanumericSymbols,201.1
8794,+$V]a{M^WPuzLHNWdxnNa].*rnHX4};j,32,alphanumericSymbols,201.1
8795,"xb[.=W]L!dK]VxY]2yVm,,g&t<bEkJzR",32,alphanumericSymbols,201.1
8796,rNL~W7)a|$U7!N|xQ~dc~L%[!~|#=<y.,32,alphanumericSymbols,201.1
8797,"#;iw,e.E7k@buEgNyU^3P$zWH.+Ny:xX",32,alphanumericSymbols,201.1
8798,"KFAFa#QpKN.uEgexy,JV3Yr!qm_&jNps",32,alphanumericSymbols,201.1
8799,bajTrFYVkXF^V>+HJ-2LMHJ%[Kd&dt%2,32,alphanumericSymbols,201.1
8800,>n=t|Ptp]aqnUv(wgb^faU3(dMzWUih[,32,alphanumericSymbols,201.1
8801,?(f&JTC;~9VxN^!!!H^vUPX?-gr4)/kC,32,alphanumericSymbols,201.1
8802,"!_fq%|$}]#:RY|,7vpDy!~&x)CXVJ^4D",32,alphanumericSymbols,201.1
8803,&rD<?C~TU|W#z(Qwh++NT{hbYbjvaWRr,32,alphanumericSymbols,201.1
8804,~PNzWW2AYvx>}=XYLaNam{bQ>M&dyxV&,32,alphanumericSymbols,201.1
8805,3[#3fn!+iL:%a7EAD%F)U9&nhCTUj&34,32,alphanumericSymbols,201.1
8806,nkrRQy}^XxZ3$>EVhbqR(@f*qH[?X?~H,32,alphanumericSymbols,201.1
8807,"+T@N>z$xU3K.9gn?![~3/,!$;PPp3<(^",32,alphanumericSymbols,201.1
8808,"4NZkuZKV/pnn|r[ViD;fsa>c,Frs(/m^",32,alphanumericSymbols,201.1
8809,!&2>P73>c%u+M?UHWM&ex37d#qL!;sa<,32,alphanumericSymbols,201.1
8810,}+A9s(/>.g{pE@(/!d9=2ha_qN(kYvR^,32,alphanumericSymbols,201.1
8811,"?7?rW//sp?y)KEd,vi)VED-xq^r:E22D",32,alphanumericSymbols,201.1
8812,h3V=s@772HW_]MHw!.:jxs!CMbgxmw$v,32,alphanumericSymbols,201.1
8813,Jrbs)FE-K)Q:.K_cY^QU:=F%s_/cUVv],32,alphanumericSymbols,201.1
8814,*Da*E+t9%f{KiwK_N+NR7W#k{y%U7Jxu,32,alphanumericSymbols,201.1
8815,Nq{ntRA+sR)%czr;yaUdK&4gM3H+D4>=,32,alphanumericSymbols,201.1
8816,aR73?9w}N#Xgd~#2~&PKVY4m[fv<p!Cv,32,alphanumericSymbols,201.1
8817,"DLuMs,sk_CZ+K#K<H;eAUsu}MXvf-MFM",32,alphanumericSymbols,201.1
8818,sr]q&HTkM$DD]!]wP?.3[f>!F#AQij%9,32,alphanumericSymbols,201.1
8819,ZWxRw%gJ^-tZY/#jTJ)4j_uy|ck^h_:p,32,alphanumericSymbols,201.1
8820,)-CJ*ca2kF$N.L|93hFKHw9MyLc>svH@,32,alphanumericSymbols,201.1
8821,#}<KYc|Rj9}4X_YKAmuEpc%(vK[uN9ch,32,alphanumericSymbols,201.1
8822,LM%h#A+g)remK.puV<!jiiu_{;=9aWK!,32,alphanumericSymbols,201.1
8823,"W,bniaWgtx9<UDmut&eCnr.-cgmP<(>9",32,alphanumericSymbols,201.1
8824,"y9;;sdH,];gKcy&iq[^kM-ZQ$zYF=}4|",32,alphanumericSymbols,201.1
8825,";s{**+_r$cNH./M,CX=,#(jMpfHr)/AR",32,alphanumericSymbols,201.1
8826,enaR@U%Mf[@3p/gj+g#()cJZQJ>caVwm,32,alphanumericSymbols,201.1
8827,)k}7Tg>3|NVQnP+(HjsEcPE&D3+]rr/X,32,alphanumericSymbols,201.1
8828,"]2{]%aAix3biKLkr<3Xg,WiTa/=msZ[^",32,alphanumericSymbols,201.1
8829,%d*Yp:WV|.3-?@}NAsgE;>V4+!g_bfxt,32,alphanumericSymbols,201.1
8830,^+^ra>j?JME)tbhz_})!Yby79zvuj?&k,32,alphanumericSymbols,201.1
8831,V4nH(]b?)gJ%9/CrY_4rA7!}san@Cj]y,32,alphanumericSymbols,201.1
8832,&QC^mz^nHa!}i@>^jHpDkq~]m(qP;X&|,32,alphanumericSymbols,201.1
8833,LwYwTjZz~Tvr:]j((=Jw/.nT#VZVC2_a,32,alphanumericSymbols,201.1
8834,;CkWg&P#2FHxN<%_XQ$?.;U|<4:EDyzW,32,alphanumericSymbols,201.1
8835,^Tj?^*g.qiyDQd-ty=3v&u9kTZA9ygEz,32,alphanumericSymbols,201.1
8836,sVAN~W@zZ^#y>Rq32+j-tc)kKC>;Y.w3,32,alphanumericSymbols,201.1
8837,"~y$$L%W^,[_,wKP;f4Qe&gsXpK-t}|Pi",32,alphanumericSymbols,201.1
8838,rN+fhVA>*M#<)av[JadiTAq*j2jNw2ne,32,alphanumericSymbols,201.1
8839,"ML,Ruy3m/.<}q{Kh?f4Nf{t|];>zzW4W",32,alphanumericSymbols,201.1
8840,"<r?K_x4c4,AepeEuM%VpptfN|gC/gmDf",32,alphanumericSymbols,201.1
8841,^VR#&vP#rce@~q=z~r94dpDp}cXW/$t|,32,alphanumericSymbols,201.1
8842,">|V3L/?WC_V,JjmuR?7Xb+fvvYj+ut=3",32,alphanumericSymbols,201.1
8843,j*ny/V>w/wxLYqMV/$7APn!WQ(Hehp}&,32,alphanumericSymbols,201.1
8844,C%t?f}/}P/td!k#$ZEm[&?$*e)KiVf=y,32,alphanumericSymbols,201.1
8845,"TV7R;-+7:#,gW9)paVY;W{]7!QAy_2[V",32,alphanumericSymbols,201.1
8846,"}Ex*d}2y{r,k/<#~2qg*eR7ddpZ3;ARF",32,alphanumericSymbols,201.1
8847,;Yt?>ujsz9g-~ci+PgETT}]u:bts/A;R,32,alphanumericSymbols,201.1
8848,NNCUHap2(qac<L(f;sg{q@r>s3V:yjFb,32,alphanumericSymbols,201.1
8849,pFE;q*V{_?*?g7y%}~=an7*m|#qQ;[Xh,32,alphanumericSymbols,201.1
8850,K!q97(D]AhCJ/[2|zteW2~X[t<:;d))),32,alphanumericSymbols,201.1
8851,tj[/.A_^p&X-PNz@dLc//|Xy7uWLXR]y,32,alphanumericSymbols,201.1
8852,"teeq-x7if$W|;UYD73y{;Xd-^gYF,^_2",32,alphanumericSymbols,201.1
8853,~MU;i{(9fje^yD}-[!A39@&q;kTY+u&*,32,alphanumericSymbols,201.1
8854,CU*!x-Wu[<sEjWF[_Y<RqkT4JAhY;Pp9,32,alphanumericSymbols,201.1
8855,ZgV^9*RrdfxenEFmvMxAW3;(J@@@^KpE,32,alphanumericSymbols,201.1
8856,${jc(]fu|mMXi+>WUr:jTj(e:/Zp3nvu,32,alphanumericSymbols,201.1
8857,NJg:{9#wM4)P_t?R}_;z*Fh_/}Hmk[Y{,32,alphanumericSymbols,201.1
8858,"2Q@i/T&,#$yR)f&zs/[*T7!A9,-N{2QA",32,alphanumericSymbols,201.1
8859,iVvVL?#4csrU7p!K9YYC^/k[m|L7!cV;,32,alphanumericSymbols,201.1
8860,|X]cw.-uzwTNnu]jg&[AWdEv*/s+P;J@,32,alphanumericSymbols,201.1
8861,"4>sV]:Qait&+!sLM[KtQ_W+,-/kKn~,/",32,alphanumericSymbols,201.1
8862,9>wue.y/_9;f9L%U$RVbx>/$V9pAqin|,32,alphanumericSymbols,201.1
8863,]Z2E3QH|7xZf>;Tp>mzMvPcY[di/J]%9,32,alphanumericSymbols,201.1
8864,"R}CMUTpYv{PN4b(,L<!mbQLVZgZkVfJ&",32,alphanumericSymbols,201.1
8865,{ssJMTh9Lp+vw$;!;:&XCHV2J^YNkd<g,32,alphanumericSymbols,201.1
8866,thE/c#hu7E/ZN3j%*m@wdi^<iQDNxK=~,32,alphanumericSymbols,201.1
8867,-.j|w@*ZpV^-9f}gnrcQJp:2j!r@}3ys,32,alphanumericSymbols,201.1
8868,rtc_fMMe:/n=$#;*s$%;z-MQ*2se&{@{,32,alphanumericSymbols,201.1
8869,&K.(xd>3KJbcEj%(#YccE]bAF!FkTd/V,32,alphanumericSymbols,201.1
8870,Wz:kecx$f!csW{J~t;cthQ/*s)v&<MX|,32,alphanumericSymbols,201.1
8871,"~+3TpK/MbTT=/!,Rb}qXKr]~L./ZU[C&",32,alphanumericSymbols,201.1
8872,"7,2M?7R?cZN2]#J=NsMLh~Zz9$_kJJwr",32,alphanumericSymbols,201.1
8873,"Wn}TDRN|[,ssa/uYr>,QQ:[fqJMzwU)@",32,alphanumericSymbols,201.1
8874,"#~M-cLzt>Xsk@D[,Cy}e&KHy_n2-&2RL",32,alphanumericSymbols,201.1
8875,yVW*%j(KF$jT#7iD)rNF~g7}maa<iPc$,32,alphanumericSymbols,201.1
8876,"(N2&fvRrVrEcF+nt<=z_yaFDu|Aqr7L,",32,alphanumericSymbols,201.1
8877,"HW^}mJC~.}#LZhFq@,}xX;#tNs+vMvv$",32,alphanumericSymbols,201.1
8878,a}=tem+F=M*<=DH=|9|+^|bdAx?x[j%$,32,alphanumericSymbols,201.1
8879,FA>U&j>Mta/)vh}+{V4&2W@VZDum%[A9,32,alphanumericSymbols,201.1
8880,"y},AC~w4DgJWqg:ytYbe3%CRTs*sC!Z|",32,alphanumericSymbols,201.1
8881,"X#ucii{7^NaL/Z#Le<3Q=,/cV3,R;3F@",32,alphanumericSymbols,201.1
8882,K%LZYE<$)Q}F#LRnuqU!&Njaz-M.$Lm>,32,alphanumericSymbols,201.1
8883,wt&ZK~D&9=}cm.{/2/dj;FRgZKE):@Vs,32,alphanumericSymbols,201.1
8884,[L.4s_gXQtetXau(Yb.tWCAg=3(eigFf,32,alphanumericSymbols,201.1
8885,hn~:iA*dds-pbfJP_tY7X447wP.M}]aT,32,alphanumericSymbols,201.1
8886,.q(prc3@7y<]bWPY~e92z#*v4FW*vjxe,32,alphanumericSymbols,201.1
8887,#nQ=&i^F:~aZ4h-FLNm]Eu.pfLqyx]hh,32,alphanumericSymbols,201.1
8888,T??+Q@RUg|sTTnUdYNNKnUm!zUjqm:|F,32,alphanumericSymbols,201.1
8889,"pQP;7P_C!Xp^},2u(F$^eD@!sE=m;cM(",32,alphanumericSymbols,201.1
8890,L%H@%La4V)Jp-QY}C7v^v9%Myg[@=!du,32,alphanumericSymbols,201.1
8891,m{-W]qd|EMj^TCfM/*2%RH.&T3pf@:vw,32,alphanumericSymbols,201.1
8892,"$f,P!wEkC(9}2sA9U=DxK!#Uf{d!fPta",32,alphanumericSymbols,201.1
8893,M)}XW*_r?.%$yQ<Xkz=;R<=AX.?gTaif,32,alphanumericSymbols,201.1
8894,"{>#MwnXnz)Q,i>X-)Fx$sV]]=qr9L!}b",32,alphanumericSymbols,201.1
8895,;v=xA?UP@>jMUq:mj&??@m=H4|}QQ=JT,32,alphanumericSymbols,201.1
8896,"3=ciDJ~~L]A74$awFKDna3J/,KTiq%sM",32,alphanumericSymbols,201.1
8897,VTN[t>KnX_MC}Q_vc/<n&xxJnL(VsQZe,32,alphanumericSymbols,201.1
8898,"3*Vrrd~<?9hiKRn#-:-E|C-,P2%/:L>r",32,alphanumericSymbols,201.1
8899,ai/;W24Fi2NZj+QEv}@![9|c]QA-gf(%,32,alphanumericSymbols,201.1
8900,.$Mm!r;eje)Zkcn<7erTJ3FmjgidNg(P,32,alphanumericSymbols,201.1
8901,tXx~{K4|%aNx]*C?e;rYxp9;$nuX/Q<a,32,alphanumericSymbols,201.1
8902,4^{4[:ZZ^eN*.DAA({s!rzDzq@3E=)Wa,32,alphanumericSymbols,201.1
8903,J>wE+c3M4Ku~n2|UHdmrYd^p9mmxcyC<,32,alphanumericSymbols,201.1
8904,"+i7ne7hC@,*AP*E|!rtA7=upM.$2Qjjr",32,alphanumericSymbols,201.1
8905,Nha_pu@Qi&]())^Rez.A>%3Ws|nE>z4[,32,alphanumericSymbols,201.1
8906,%H4Ty#b{i_UFNQ{9_VgdZCW+bMw%.!-*,32,alphanumericSymbols,201.1
8907,*C{[tgM>_=*<7Kh+$}QT:Lm^:%.P*yzA,32,alphanumericSymbols,201.1
8908,{X4?)EzN%fg~T*9mNR])2t}YJ7E@=N@q,32,alphanumericSymbols,201.1
8909,"^M/pUPfM+-#!taVr/sP[+@ukNqJ,3-Yv",32,alphanumericSymbols,201.1
8910,3~3-3nCPCLe[dM|Mbkyju<~7zCrdd;n>,32,alphanumericSymbols,201.1
8911,h#?Rh7_k_=$Wjsz-QN>d){Vee.VCZDd#,32,alphanumericSymbols,201.1
8912,.cqhYNJy7nahZE29xzn7@*(LnUes$x3U,32,alphanumericSymbols,201.1
8913,"j2qMd9[Lu(>c2,WT7Z^ks=%{D@.$[Nm{",32,alphanumericSymbols,201.1
8914,"QhgE%?i^}@EQU;2:)9mU-?aRfDw,ztY%",32,alphanumericSymbols,201.1
8915,#=+{NJEvQs@LKui%cy-7:|}.TMe?AVeh,32,alphanumericSymbols,201.1
8916,"<d<VrHz]T7Q_;*r|Z2W,+K9!q_*g|~*+",32,alphanumericSymbols,201.1
8917,"DKQj4_-CyAvQL<n-E._ZfXji2wrCRnm,",32,alphanumericSymbols,201.1
8918,",m,~eCg3hM~+9;Yx&n2s_%MXtasZ_=L>",32,alphanumericSymbols,201.1
8919,^zu|d>Q~9$jfj!t/~j{jK_4y^*9eDWUk,32,alphanumericSymbols,201.1
8920,";ah4q.iu,a<A(d:Z,r}sA{P/r|ukD^aT",32,alphanumericSymbols,201.1
8921,$g:^t)+;t9-k|ED-Nb#s.]bPj2zsF!MX,32,alphanumericSymbols,201.1
8922,Q%<#U=cpZtAYHCNC+At$bM&!F4jfV{.t,32,alphanumericSymbols,201.1
8923,@kRCxC_h[Z2+m!}34K#c4fJM?Pq(^Uj/,32,alphanumericSymbols,201.1
8924,C<9m/|u7+uT&gni&b~p:[j#y=Q#DY|Kw,32,alphanumericSymbols,201.1
8925,Kp?Ywpaztc*^Hr>j=FHC%rV?D%L=w-9P,32,alphanumericSymbols,201.1
8926,[c|Lw<sqjwhkJCUvw^a+*c[Y]yCic_:9,32,alphanumericSymbols,201.1
8927,ni7~W$JrX]LC=m?rrmaRE4<i*D]94DCM,32,alphanumericSymbols,201.1
8928,"#YR:sAeP3dz|vs.-uJ#.cTA=$DE$,%JK",32,alphanumericSymbols,201.1
8929,"smbM3rt$%^[.Q7/A_%mgMDkpv]}L!2@,",32,alphanumericSymbols,201.1
8930,b}Etz?k*J&Xub>Rqk]@ZZeeTTv{sTc!+,32,alphanumericSymbols,201.1
8931,z$wtuLqtKaMfrQQ;UyxQ?RH:>g$V;:jP,32,alphanumericSymbols,201.1
8932,nJwmg~RhWta3%MHzAJM%VCY)%QW~a%$r,32,alphanumericSymbols,201.1
8933,!Z)(eLA?fr-QWEq:DYDaD}Ze>.AXe_{%,32,alphanumericSymbols,201.1
8934,"RTj-#eQN!=H!,Z[tF;aR$hz]{9F&{(N+",32,alphanumericSymbols,201.1
8935,wm#Qi:dN32g;W@UDqZqE&<s*a4.kpcnp,32,alphanumericSymbols,201.1
8936,d{w[x^{YLCj^%s;^C}Rf.jxHjRp%#!&-,32,alphanumericSymbols,201.1
8937,"<Zh3/HJM[wj4[[u+XQ+kvz$2,t$]RxRi",32,alphanumericSymbols,201.1
8938,e-T7j/Lc}d-psNcn~@vh>C|_HWQa{*)=,32,alphanumericSymbols,201.1
8939,CDhm)yCmFwA-Ra~V>.(>&JP@P?^/hhP<,32,alphanumericSymbols,201.1
8940,"dV~kt[ir-hEJ}f,iEUmQ[-!r[h7R_:w2",32,alphanumericSymbols,201.1
8941,"?MpP@pUt,TxMd2snYxx>xwV$$[HFh)$+",32,alphanumericSymbols,201.1
8942,N7Z^UrRf7}&$..t%RX.*rPy;)+|RunUi,32,alphanumericSymbols,201.1
8943,":]i:Kj[k)V.]W,HEURt</e@W>d-Fk|ms",32,alphanumericSymbols,201.1
8944,V!xyuRzfhK)L?]A~AupA^DAn.3;qhK~e,32,alphanumericSymbols,201.1
8945,"t]gmYhrY,)qt}_DuN,v+7/mKVJyv-sPv",32,alphanumericSymbols,201.1
8946,M2uwZzJ@!&:Hz$%$$:A{>+z_^x:$CufJ,32,alphanumericSymbols,201.1
8947,n)7kQd|*z!3;$/jA)zC#m;V4gi=[yk=p,32,alphanumericSymbols,201.1
8948,"}{-m^A>s,Qspk}Hev^A!4bm#<]Km?+yr",32,alphanumericSymbols,201.1
8949,C:Xeb%e}#w)|?WQ|-HHM@;.}&]LKE3:e,32,alphanumericSymbols,201.1
8950,"rcs3H=,,PA/j<WZ]+A_fc%fVD3{Qziqh",32,alphanumericSymbols,201.1
8951,!uPvjhg~qykeUYhAb2)#nKKrDUN.+}~D,32,alphanumericSymbols,201.1
8952,$NUR-VEv?LdWE/Xm<tc?#@Uywp-)s%.z,32,alphanumericSymbols,201.1
8953,Ra2kyH2Q7:>t4Y/u(r3Q!}M9*VTz@7C],32,alphanumericSymbols,201.1
8954,"X[u<&Dx:RC3n?,.?Dh_j$D%>eFUqK?L/",32,alphanumericSymbols,201.1
8955,n)m7k@sE;+M*zjk|Dr2te;[:.>zzhvMD,32,alphanumericSymbols,201.1
8956,9JR&>n4Xnv|!M/rsrt7df([fu+WA)^wb,32,alphanumericSymbols,201.1
8957,}7J?:i]RW-_[PF~cPV#~&[i#!pk@Qu(&,32,alphanumericSymbols,201.1
8958,"bVu;M_t|)TL-@f9t:Cw,a+XtKYvXJwt)",32,alphanumericSymbols,201.1
8959,a;+@~Uy=<f=g/]PUYUDLgsHmN~$cqaTs,32,alphanumericSymbols,201.1
8960,D)spE9up2RgN$!C}:h{/7s.^W{vF-$#b,32,alphanumericSymbols,201.1
8961,knv_=^Jt!LZt}39X}Zfkg?hz~JzzcF$%,32,alphanumericSymbols,201.1
8962,"bqV@,Fp%i{.)9)9a^,4yE+_V%}yRm?*V",32,alphanumericSymbols,201.1
8963,Hck3a+Y_{]vf4A3WEh:CU]P(PQq#@.Ae,32,alphanumericSymbols,201.1
8964,>w:]$=RX3!|])ypLxsrA}7q#jr<P~$g7,32,alphanumericSymbols,201.1
8965,p%Px3.%})LJ!)e!YuHDw{7e}AKD{!_7?,32,alphanumericSymbols,201.1
8966,"Ze_s<q>zLYWgrz>r/,pJKeiW+m;b[Xx#",32,alphanumericSymbols,201.1
8967,"DF4wE?y&Zz(z|}]x;=!]c]3}N,w#DV#[",32,alphanumericSymbols,201.1
8968,"M/]>hf},T/F_;TE*i~k%9RR+9vQWV=]=",32,alphanumericSymbols,201.1
8969,9)h*/Ea/r;Nsf|q(_.UXnZ|2!{Ax}?Fz,32,alphanumericSymbols,201.1
8970,|4]N_n~|VfxJ{EmaL}aHgTpktN=waf-h,32,alphanumericSymbols,201.1
8971,"Hf!NiNYe~W~%(M@33hw,Pm2Fp}a%,q^w",32,alphanumericSymbols,201.1
8972,"R?PtC!#Cpr{kR^4ph@*D$NJJ,pxsnvdi",32,alphanumericSymbols,201.1
8973,<f%RWh</74uK#];NrJ;pLFb#C%w/Q_=Y,32,alphanumericSymbols,201.1
8974,"z7pyk!sgZiAW,NpYJ-sV7K~UCyh+<$vY",32,alphanumericSymbols,201.1
8975,/]+Z(b}j;zZ3ET9q=fM?L^%r^2vPik}X,32,alphanumericSymbols,201.1
8976,"Y4|aJ-sF9Q,4Fk_(!fX;{KF_-E7:!<-i",32,alphanumericSymbols,201.1
8977,-vLHjd9:7Dbi$E<r~Zmnh*#;^3Hk:XX{,32,alphanumericSymbols,201.1
8978,tuev!RH&sNRFiF]c(->RDDV>M!vPjc~h,32,alphanumericSymbols,201.1
8979,{DUUzF^L=*LDV3b?MCZgmDT&./RzR}|u,32,alphanumericSymbols,201.1
8980,"R#RrWNCejL?,;;!VDf4QY:C_}^iWRJ2M",32,alphanumericSymbols,201.1
8981,Cz4nv(!CUt!n7/M-2CW[*nEKh!D:f/i-,32,alphanumericSymbols,201.1
8982,QsHV/sc9by|pr=uQHs4?EgU{~:!&).)r,32,alphanumericSymbols,201.1
8983,zks=QsVc$P&n-!hEQF79xaMher7:@kjU,32,alphanumericSymbols,201.1
8984,"T4Pa,z4wnRnJ2byC(:myzRc!!2kYxdEn",32,alphanumericSymbols,201.1
8985,.Cjif-nE_M*s%fthd^#hqd73$%v:ZdbH,32,alphanumericSymbols,201.1
8986,"U#PyKkg}#3/:Zi*w2&#R.gHv|.H.&,$X",32,alphanumericSymbols,201.1
8987,"@E/zRq%UVD$J*~]J#4Q@JK+R;,4+..YZ",32,alphanumericSymbols,201.1
8988,E}pXbaf$!wdfCj;qrPu%.duxsU}9U|db,32,alphanumericSymbols,201.1
8989,"VRY.9Z>Fdh-ET,>E_$KcL|W(ECe7UX|(",32,alphanumericSymbols,201.1
8990,UJL#n^|JkzM_FV[WY?9JUkyC:x?Q>#73,32,alphanumericSymbols,201.1
8991,4<9:$KuV.i>.)XyAmpCp]s#yd}Uj/m@C,32,alphanumericSymbols,201.1
8992,sk~MheLt>;zmW@v^Ucw:~d)c&3wJ[X$T,32,alphanumericSymbols,201.1
8993,jd-:XhJ{bZ<aCLWV]tkj+LK2Ya/)@}{T,32,alphanumericSymbols,201.1
8994,Av2?Vk7kT/4p=~rn.aeRYC|x<KF&%x[;,32,alphanumericSymbols,201.1
8995,"*/Q4nW,dJx.V&,(C(7UwL?Mqpde$t/;4",32,alphanumericSymbols,201.1
8996,i2q&&gHTkEjCrMsWY.rzy}9t.tWh:wMX,32,alphanumericSymbols,201.1
8997,"z(wc,|{E3Z2v@Ww$$W*q4AT&H|@h=/Fc",32,alphanumericSymbols,201.1
8998,"|g.c<-h{L3N,y=}M-a_kQRE*q*;*37bX",32,alphanumericSymbols,201.1
8999,y}_33H@g^Rd_[ehu^A2yqjjzUvJ{dHXc,32,alphanumericSymbols,201.1
9000,(jF_Tm*)qT<XX:*U3f/k:#{efj{hqnJ;,32,alphanumericSymbols,201.1
9001,Jtr>Z.%cF;La3>vWxk#shE>MTtX{nw9%,32,alphanumericSymbols,201.1
9002,JLF()HH.Y/UxeKcgE@(m/Nh4:x.|-rK^,32,alphanumericSymbols,201.1
9003,%9dx${iq!_K3:u?gji#;~]z_rw>mD!AV,32,alphanumericSymbols,201.1
9004,y.&^zj|kfY+C7m9QfR:ha#:}g>H+N!qU,32,alphanumericSymbols,201.1
9005,!!-znksHLk+E3@AK[J?v3$W*g~ipkj{9,32,alphanumericSymbols,201.1
9006,i?R2:<)3iptT}b=k<DL}_:+i9Rqdh&ay,32,alphanumericSymbols,201.1
9007,"$hz+V&-+T9n,r/7$|W|,yadjVMU7bpQH",32,alphanumericSymbols,201.1
9008,rYss<c~ZJsYg3s3t)Y-tzRFe$vUhsFgU,32,alphanumericSymbols,201.1
9009,"Dx*@d^H#HR!{JrQj-JbVt&,@sJ3fdqhj",32,alphanumericSymbols,201.1
9010,s%j^q@}!eQ2~b){|YT?mZW/@t.UNXZc=,32,alphanumericSymbols,201.1
9011,LszDfW:Mveb{Zg>V}(7[F{WQF4~^V}+H,32,alphanumericSymbols,201.1
9012,c2<)2fk}3gT7_:TaWTdc{x]{gL$m?3vp,32,alphanumericSymbols,201.1
9013,m-}REXVb!FWY9~RD}*_K~yY~(u/h~pA},32,alphanumericSymbols,201.1
9014,"uZks[ZNL%>&KTFXw>E;c;_TF$?f,<=&}",32,alphanumericSymbols,201.1
9015,|/rLDCmA~F<JuYVp#csPa3J*D:v/E.|Q,32,alphanumericSymbols,201.1
9016,VXY9^7X^)f.[V;;Yr/<7HX7z:>LxT=Ey,32,alphanumericSymbols,201.1
9017,A9pk|-3xEVRDi=k7&N}v~3=|U]VK3j2b,32,alphanumericSymbols,201.1
9018,gHK(U7_+Q{9xxmqkMZgKfq}b<TZDXa>Q,32,alphanumericSymbols,201.1
9019,tJgVWheF>rshguxh7eQ#]_M_&N@M@d7{,32,alphanumericSymbols,201.1
9020,"J7+i_Ytk#Y/P/MuW,.V$zZhqi=yv$UdJ",32,alphanumericSymbols,201.1
9021,=t~:wqP~xrRqxWDCJAngCQ3)^yR|b=Cq,32,alphanumericSymbols,201.1
9022,"=R}</Jtj,me3vvL{+c:#KX@H/}YQs3mU",32,alphanumericSymbols,201.1
9023,"D~[w:X3<:#b|$eJy<22&$bb4WXNr,!9j",32,alphanumericSymbols,201.1
9024,TAFc%RqcJ#P@%(Z3*g?HhiqCQp7(y<:4,32,alphanumericSymbols,201.1
9025,ry>pbbmK*qbbZkCFs}P_9-a^^%LhL;C?,32,alphanumericSymbols,201.1
9026,L*#~eAEbRZ~gg<7@M#bDa_4]2*_Wv@@i,32,alphanumericSymbols,201.1
9027,"mCH~,K{hJy.=m(rQkAKpNcz|V:;2L3W+",32,alphanumericSymbols,201.1
9028,"zX#PZ$yz;a|qJd?HVRzyDT,_uxzh=d4$",32,alphanumericSymbols,201.1
9029,(gvXyqvMP>vf#Dd{YVh[4N%d9b_^c*q-,32,alphanumericSymbols,201.1
9030,"2HA^q7.,f9|#M9[HRr}d(tX&R|&3$Hn|",32,alphanumericSymbols,201.1
9031,#%)9<t%~ye*mjRHM/Zf}%YTw{EwKFW!X,32,alphanumericSymbols,201.1
9032,"]JYuh?])ae7mLZFizV<RQbrVn9!,c[p{",32,alphanumericSymbols,201.1
9033,nE)VC%W=*X&rn-KCzK;xww~TJ)_!%RQ$,32,alphanumericSymbols,201.1
9034,E<_ji=F=z.M@arR{d^<3Q%}s$W;;AK3N,32,alphanumericSymbols,201.1
9035,"w+,H=fz2x|iqHyKY?Y=?4MtAZkAkaR;f",32,alphanumericSymbols,201.1
9036,"{yRN|[{]TE[AtXK,@Zm2Ut]bfH4N92[k",32,alphanumericSymbols,201.1
9037,"Js.2Y^_?2TF@@{FH(,g<3[E=+mQ+:VV.",32,alphanumericSymbols,201.1
9038,e]*L%_V$R^V?bdpeu]TeP#)hV7*^YscM,32,alphanumericSymbols,201.1
9039,gv)!M(vYF#Y|;=zaHhv2TcaJDf7a[L+#,32,alphanumericSymbols,201.1
9040,;&Vuty%3Vq>#=?:+:TZns4kphM{7Q?&),32,alphanumericSymbols,201.1
9041,@4e[<sKe|nn77&[4RJ=Tcek7E/qxLc%},32,alphanumericSymbols,201.1
9042,ux^<k~WCMM<dU/uFz3hJuppK(fnxUa]-,32,alphanumericSymbols,201.1
9043,ugzg!rw.q.q7tx(W4hhucnK$kQ~c$A7p,32,alphanumericSymbols,201.1
9044,#:gc!}KZ)^D4u!%ZH*fM%$AWR%(-cM9z,32,alphanumericSymbols,201.1
9045,",7*,mv9:k7:q.J;QpW<?NQg=kw~3;s:}",32,alphanumericSymbols,201.1
9046,?y)cNu<fX^dFh{ZH@x?L!);^?np+2vq],32,alphanumericSymbols,201.1
9047,"2n+=mz!z4C()K?si]>ct*eqY#?.,E3{|",32,alphanumericSymbols,201.1
9048,-Nps^Tw4iDv?M*4|AEfLPWDnLV&Qshs&,32,alphanumericSymbols,201.1
9049,"b+>V&R#M-h_a9T~/EDd(Wk-}yZsC,]dz",32,alphanumericSymbols,201.1
9050,/^FZeqwUM_TqXWfU!%mU&|RiXAfswq{h,32,alphanumericSymbols,201.1
9051,")}+(b.J]c{V}Egq;>[mhEfT;A,}pNx4c",32,alphanumericSymbols,201.1
9052,":23#$_N7U:zy,L$Q~9{Tzd+%|^F2Z]X(",32,alphanumericSymbols,201.1
9053,E=z~C|}-#?vhDE;DYy%<(cAP(]K$r*it,32,alphanumericSymbols,201.1
9054,3mvk@@@K:)/9WEm2cF;.K#uPX4aYVY]<,32,alphanumericSymbols,201.1
9055,FnCuH=f]Qj{+NthV_gCf[f#]haD(q]4u,32,alphanumericSymbols,201.1
9056,".#2<XkTFV4dQK@!:*Kz3Y,ab=jaH{fF(",32,alphanumericSymbols,201.1
9057,bDQV^}h_ajA_*dJ9KM[[WWNm.a=_#7QH,32,alphanumericSymbols,201.1
9058,KF9JnwjFZ+ZWcMUkH_i%uEPF/EC<fCW{,32,alphanumericSymbols,201.1
9059,"KT,TX<7_~~yjp,R7LLywc.3)LK/kcnd?",32,alphanumericSymbols,201.1
9060,"e/,sLj)z%nadhg!3+tvVwjn_XV|XmT3=",32,alphanumericSymbols,201.1
9061,A|#jr#Z$g|c(u%4|>%y:_C(Yrc3q;x[_,32,alphanumericSymbols,201.1
9062,"vX,%ds(jwuFfYp[C;$tj4@-aLcYZ$srW",32,alphanumericSymbols,201.1
9063,#-}bc{.sTte+!iPYw#f2qAa/<2k|K^D;,32,alphanumericSymbols,201.1
9064,f{itWt%D.[~Xy.NpT#^km+s=~HFv/HW9,32,alphanumericSymbols,201.1
9065,"yV(L,f$/YvQds{!wJ[3#,[=;LY_Z}{;g",32,alphanumericSymbols,201.1
9066,"$#nz)R9RWw7T%i)D+m=C3,X}wEA4Q?r{",32,alphanumericSymbols,201.1
9067,"/uuW}e@=Db!qTV3zky(-ez4<{@,FkV2a",32,alphanumericSymbols,201.1
9068,bF4?tAH/#WZ//aXD*qQ.bK&+nf/nqp9J,32,alphanumericSymbols,201.1
9069,;3%s]F:x%/]-au@fH_HAcKMmb$xtxZ?t,32,alphanumericSymbols,201.1
9070,"D,2C{h/Yf~^3<z;<q>qzeX^Yr9~)>]qQ",32,alphanumericSymbols,201.1
9071,b2q9LC$aQc#Cm~Qg?DL*b^)-Vr!Y/aky,32,alphanumericSymbols,201.1
9072,"NVMHqcgf>FRc>,kqU+b2dkA?F@:[HvyV",32,alphanumericSymbols,201.1
9073,"xt^3+-<)bX#YAEy.KgUC(#P]R,WQd:9#",32,alphanumericSymbols,201.1
9074,"d7$E_4t^w,*C]2~i_9u[=ZEr>=gxML!p",32,alphanumericSymbols,201.1
9075,",pf7R~x.N)%nQV2X*++;DqX*,|}Ae7!=",32,alphanumericSymbols,201.1
9076,Ci@!s)Kfh/egAAv(a|aDZ=ai>4~<c4ma,32,alphanumericSymbols,201.1
9077,)i{P~YUM(=i[.*TkVfb|-hZ*-4=fkJ@=,32,alphanumericSymbols,201.1
9078,CbJ$(9AW+VmHf-zz4ZZnUZsmVRpW]WJH,32,alphanumericSymbols,201.1
9079,"tNmM^,chpQ=?mF#LkarEmwg&&{TM<}Wm",32,alphanumericSymbols,201.1
9080,>FLy4[-sc4>aA$!%.s|]din_ME(QEzPY,32,alphanumericSymbols,201.1
9081,-z<j(mhV!ni!M4;/+iMwjjm2Cy](DVYK,32,alphanumericSymbols,201.1
9082,$4VDrz|^u4:HNr^naFj=;WCT-Y;E-Auc,32,alphanumericSymbols,201.1
9083,U!q*eg?ed|;}ac-X;a9&ft(+eyWpwVJN,32,alphanumericSymbols,201.1
9084,Rk(@^T+ZCi@Z;[h[p_vsQW3-L#WZXfv{,32,alphanumericSymbols,201.1
9085,9{vKiC?Vn9hYuj4[vd+|Z:U7NqM/yn7%,32,alphanumericSymbols,201.1
9086,Y]aJLNM)Nam2%-7=n&EpC#ZM{4TT;+H|,32,alphanumericSymbols,201.1
9087,;mf;F4a^b}eCs!PT%jj3^hr/;gkL(D*+,32,alphanumericSymbols,201.1
9088,}U<Cd|T:MFP+TpgW2/Hy]!<|WriJA9kE,32,alphanumericSymbols,201.1
9089,NXsD;z?u}Vt-Dh]+fJWiZ3Mpjg^g)_Z|,32,alphanumericSymbols,201.1
9090,<.e@#(FnW>ig*seLVsf^%p}%cq=q3$Q{,32,alphanumericSymbols,201.1
9091,*~?2=K+Rw+V@=;sR)+nkL*W3}%mY$F@^,32,alphanumericSymbols,201.1
9092,"F,{?xFhQaE%?wwH(KD}.p9m_dW!htt%Q",32,alphanumericSymbols,201.1
9093,]LL(3}R*ih+Hsz~TcM<[N[c^c+7TW&Ud,32,alphanumericSymbols,201.1
9094,"EddVj{b&|UwzjbP)</g,wEg{uvd}>eKs",32,alphanumericSymbols,201.1
9095,"TFH./.z/!rT@)Us!;_7}Mmf=aqy>=,jp",32,alphanumericSymbols,201.1
9096,"4b$xxH^}_:/?<jy2!P(=>b?-4,+ia^kZ",32,alphanumericSymbols,201.1
9097,";Ni.Rk);MjvW/#3b!d|h4,ML-Cq<str/",32,alphanumericSymbols,201.1
9098,J<s+pPi2*Lau3QE~~PxE]+K)X2t+da#t,32,alphanumericSymbols,201.1
9099,"x*{(,s<].c./4Aa~vMxwp^Y,x?MT!vf%",32,alphanumericSymbols,201.1
9100,"FJ3E-rZ:UPvubnK{,spFr)3ePZRiD3_&",32,alphanumericSymbols,201.1
9101,"kCH,vF:9vj-2r9_=Tj{*n=*=zz-b<(=Y",32,alphanumericSymbols,201.1
9102,ZR(=3||{?~}*Vv)HqMv&x+k3Er#c!Q:k,32,alphanumericSymbols,201.1
9103,"@CL3mRtcr7Y+D-<yk/zgQu:,#?=J7R(P",32,alphanumericSymbols,201.1
9104,"Qze=X4(<e=:<wRdbrx,j4y@HQkY|R#A4",32,alphanumericSymbols,201.1
9105,Dd?^_2h|!c*?X#T+.v2]kqnHf2T=L(H{,32,alphanumericSymbols,201.1
9106,##nPgN#eq>>qb^LhPC}(2L#sF>~zD%-=,32,alphanumericSymbols,201.1
9107,LsD?uz%2RNtqf!ade@RhZ:C<~/Xeb|{a,32,alphanumericSymbols,201.1
9108,<rzEvfbec3#[$q}W*fW[/(9pJPmZF|p/,32,alphanumericSymbols,201.1
9109,enT2R/)&w>FDCXsftEA_FK^<A*Vi!s@P,32,alphanumericSymbols,201.1
9110,"g7k?Pt&WvLiM~dY>W|Y&Y&.[7,+m%z!t",32,alphanumericSymbols,201.1
9111,;4Mqa@(%()_mH;djQX</p*TZ&rkMCXb7,32,alphanumericSymbols,201.1
9112,"bAtg>]x/uV7&aJ.A/&>|R7J,M{~/AiU^",32,alphanumericSymbols,201.1
9113,"kZA*Y,v!/&KL!i2F2du(t-T:mu$~ftFz",32,alphanumericSymbols,201.1
9114,"4[g,unxFvNmkV[xC{wY#ZK;CC<m_(Vr&",32,alphanumericSymbols,201.1
9115,"Q-phvbU^3Hh</a|;d<-RzHRkRV,qpWVZ",32,alphanumericSymbols,201.1
9116,"-<|4vUv#LQ>u]^sjuVVD7;*?M,@%vk<X",32,alphanumericSymbols,201.1
9117,"3%4r&nQHH~A*w$^CLjNg/ru@LzE|ur,c",32,alphanumericSymbols,201.1
9118,/}n73i+/@X2y4s%cva-r)U?YQucy!*b#,32,alphanumericSymbols,201.1
9119,!((f4_+*[!aPsfU9$Y@.M:?~2U}73*Lp,32,alphanumericSymbols,201.1
9120,"_*CK/Q#^e!7N?)_W3|wZW,2c$=XTK^qN",32,alphanumericSymbols,201.1
9121,"/Dbv7vZV7kb-[zK&,%_PnEY&!ZirzTnf",32,alphanumericSymbols,201.1
9122,"*@=W&|qh;F,4@2FWciqsQ/JUnFHW2e_&",32,alphanumericSymbols,201.1
9123,A@aeU]F#j~&^f*47ND9)hyWnz2[dkJTv,32,alphanumericSymbols,201.1
9124,gtPH+QZV:gvDF9q2c%C@^#mNN%YJNF?W,32,alphanumericSymbols,201.1
9125,k=!9L<~uZFsMhgX%]d~ZunPjnJr$R)}p,32,alphanumericSymbols,201.1
9126,"a@g[r]RNYz_9,,@miu-b9NhhHPR@[k=R",32,alphanumericSymbols,201.1
9127,"s>4H_~^!c_^T=,Hdzh7ihf=v$Dze$}uW",32,alphanumericSymbols,201.1
9128,"t^~2sth~cz^P2#,D?QuN&R++}9X*dm*#",32,alphanumericSymbols,201.1
9129,t3VTAX)K@d!s()L%k:Ab;4-e+a>?$PJA,32,alphanumericSymbols,201.1
9130,"PJAC<hC,f,fqYXT;X{Qa#[(*$7{<jiyd",32,alphanumericSymbols,201.1
9131,r:!Ncr-@y!QN<V9-[2;nK>aQ{iQpnkjK,32,alphanumericSymbols,201.1
9132,"*Hb!nrUKTDTzxg7Nm#bi~w?uJ(P,KRKY",32,alphanumericSymbols,201.1
9133,"]E(u>_}aTMrTuum,hZts?cbgPUp:]W^c",32,alphanumericSymbols,201.1
9134,eNQE$xNRhJz}*s4L_@k+y&n#%?C&n7bE,32,alphanumericSymbols,201.1
9135,^|CYTM_)7;7}.;Mtt.*y9ZcPbhQ*)xzZ,32,alphanumericSymbols,201.1
9136,h{3|3ht%bYKrv<LJt>]N&J7HtiD4*Ugz,32,alphanumericSymbols,201.1
9137,~;]$4Hs.KhmE}JsNeqX;#r+M;T3j&vK|,32,alphanumericSymbols,201.1
9138,e7J[RL}i)ij<nhRn.t:Q*Th%ACN)[aMQ,32,alphanumericSymbols,201.1
9139,"]g2=X|DXmJd@n%Ed,k*<z&m!a]U~X@|L",32,alphanumericSymbols,201.1
9140,q>_?g3RF9x(ZP3=dJ?+L#u7w|tTAq(4W,32,alphanumericSymbols,201.1
9141,A@sWZHFbDxfqT?!gnn]Ld=R*P<]:2-uw,32,alphanumericSymbols,201.1
9142,g!h[<%4[%);M7]f.juPxN4FgMPwQ|jd=,32,alphanumericSymbols,201.1
9143,"k2#D[2<u<EF[_@jE/3{](g~)dA,HdXfq",32,alphanumericSymbols,201.1
9144,"zRTz+vkCPZXNwam$dHe2vXY^MNz,&*ye",32,alphanumericSymbols,201.1
9145,{L(quE7&J)7QuLkW/^3/~C9_VF*jd.$r,32,alphanumericSymbols,201.1
9146,_ZT9PDf)*].X[rdP%*!Mex/~;s73[WwJ,32,alphanumericSymbols,201.1
9147,:=mh=CuPP]d%%aFHk?v4He*T;*xi)?Wm,32,alphanumericSymbols,201.1
9148,;$]n+b)J&u:e3miXRjf+<[N~rYZQ};!r,32,alphanumericSymbols,201.1
9149,"X<X[g?,C>UQyW&+7YjzN>-E9Y^|*!ME+",32,alphanumericSymbols,201.1
9150,Y7X)k[p~!}v#v:YxYdF*7iN2V{Tr#+eV,32,alphanumericSymbols,201.1
9151,"p)gr^=sk9U4,[wM,<Yt@d9>)yDgcx7Ki",32,alphanumericSymbols,201.1
9152,;YDhd3%>z#]]j+y_~KfybjH_tu&#!C3L,32,alphanumericSymbols,201.1
9153,"LRX|n-KP*iK,Z!-@r7;7XPCFa_}]}|A#",32,alphanumericSymbols,201.1
9154,s~|!3i-Kq%E2k$-:X9R{_+i^s}v_ZDwA,32,alphanumericSymbols,201.1
9155,"vdcf@e/q!ReZ:T:,L^?@-9+ikZ=dYKd@",32,alphanumericSymbols,201.1
9156,"P@$bn_Vx$m,.<M$f@{N#i@$&H~cW[2sa",32,alphanumericSymbols,201.1
9157,X*rHj*EEiM<YY/QTE(]d}$:@;TRTMwKq,32,alphanumericSymbols,201.1
9158,KNXWbJLipzCA*e-gsHVKek>ipA4{YH(3,32,alphanumericSymbols,201.1
9159,?_4(Pvw7xnHPRNQa|yu<(t{-<KqspHvu,32,alphanumericSymbols,201.1
9160,"RVT7[MYc.f/xH>cq)+sg,~aV{.<%VLWH",32,alphanumericSymbols,201.1
9161,"#<2+x{-LjvAPM<7c#b_4,a*YXi/<NA_Z",32,alphanumericSymbols,201.1
9162,UYx_zQ*9|m>2d]PQ#ixmN_LM47.f%Vi7,32,alphanumericSymbols,201.1
9163,q+Kw~H/Ygy!%ir~%$Qtdxnn!bZw%2h_|,32,alphanumericSymbols,201.1
9164,"n&|P.-{EQTtr/qy$~pT,/d=wueYq}#de",32,alphanumericSymbols,201.1
9165,?RKj24(>~K[tVcFRh+yQcmEm_#wcyrr<,32,alphanumericSymbols,201.1
9166,g&3eu~-MkRwVpp|UH*Cd/V=f_%es;eHh,32,alphanumericSymbols,201.1
9167,?[zb2j_2NDZf2YbNznfM[c~t-^+U;$sA,32,alphanumericSymbols,201.1
9168,"tV33~%,%uvE--t7&:s9wgmzs?xdj;@J&",32,alphanumericSymbols,201.1
9169,2DA.agh7v[M:r2rFbjK;V!a*L@adJ(J$,32,alphanumericSymbols,201.1
9170,:hki)a>Eh~Jcs{fUqW>MpgQD${;x}9$g,32,alphanumericSymbols,201.1
9171,eiN3+zFXRN!)@%C=FWirD3e[(H9];Qj~,32,alphanumericSymbols,201.1
9172,x:4[kjCdM>xZ)]d4W@pC/+VzFx3vym[#,32,alphanumericSymbols,201.1
9173,MQ&E+wU4JnmfCc9H#;(dhJQrDJ}gmg3P,32,alphanumericSymbols,201.1
9174,2z>veXtDX{Z-}baxjAdyQh/:u(}>s%*$,32,alphanumericSymbols,201.1
9175,cTa]bhw=2:JF#f}zi?e@aVVd:_*u}Ct#,32,alphanumericSymbols,201.1
9176,(V(i4((cK*UTfp}Wd%zfWk-7Ma7*.;.J,32,alphanumericSymbols,201.1
9177,":HJ-f*t(e}xE9t/J!Rh~Q22tHk#xmh,|",32,alphanumericSymbols,201.1
9178,Y+V@T]<#Qw@cQjT-ykHJY9cdH$mHW)*r,32,alphanumericSymbols,201.1
9179,]_XMJ&Qz(U)^L$:s!hDQY^(ym%etmPK|,32,alphanumericSymbols,201.1
9180,KDr3Acy$Lg[xkMzmccdR{[9mZ2&ZFy%Q,32,alphanumericSymbols,201.1
9181,TkUn[*)|-K/Ace&UFYk.jcsT&?Ym%ifU,32,alphanumericSymbols,201.1
9182,$Qp..$9$LE+dCisaa/z@-QNNkVtp#@v<,32,alphanumericSymbols,201.1
9183,sbiR]wMECYfz7pJDy@{wMQX|tzU[|qpd,32,alphanumericSymbols,201.1
9184,jTu%Ri_2ce_??^Tx9_>yRmHfPnDvNE>_,32,alphanumericSymbols,201.1
9185,P4m3n~f)ZqNJjQu{(ufy-*|)@-HT[.jE,32,alphanumericSymbols,201.1
9186,+q|Z}+$Dyi3EJtDD(z<*cxJ~;xeqaEq>,32,alphanumericSymbols,201.1
9187,"sk4,b~,hWes~(&w.bC+)d3;|e.:iszvK",32,alphanumericSymbols,201.1
9188,_x)|?$ngCHub;Kmzy}9YpFL+ETC!P.g3,32,alphanumericSymbols,201.1
9189,2{-R(h{:fp3Pp+RrE)-VH>vaE-mxqLF^,32,alphanumericSymbols,201.1
9190,an&$ZZ9(muc*!&9P:+enbn9}hCwx#Rvh,32,alphanumericSymbols,201.1
9191,"t^m!RF/.q>)]Q~,M~HwZ~=F7,.9:F2|x",32,alphanumericSymbols,201.1
9192,UYz&)4?av|#=nh<}wPw~;u~}(~4n?2qr,32,alphanumericSymbols,201.1
9193,R@h)sHrH[Fv+%&~iy#RqCJqN2A|C>yRU,32,alphanumericSymbols,201.1
9194,RKEQ3/#[M_yKJzL4C7RU4>dp?2-Q)Ki.,32,alphanumericSymbols,201.1
9195,v>QH)+mCmr#@nT)PYDwrc~|LZDFaT!f_,32,alphanumericSymbols,201.1
9196,"J9HXKj)Z~@c:k,Y*>E${u.DYhEdDuta!",32,alphanumericSymbols,201.1
9197,",s<r#RVeDK(A}v|nwx*:qn9t;H?%,4Mt",32,alphanumericSymbols,201.1
9198,U>MLFzWjvznrP[+AY(tp+d-Rpz&t3ft$,32,alphanumericSymbols,201.1
9199,MZN.7H[$kn2u~ez2b}]CCk^4|M+T*.C!,32,alphanumericSymbols,201.1
9200,"_jmq(K,[_4=CJUTQThe$X=_W_9XaV!%x",32,alphanumericSymbols,201.1
9201,KjX)PEq-)~bfA.)Wm&n+Dh4#M#>HN2=X,32,alphanumericSymbols,201.1
9202,9UVTRAnJ$w9s|byTr]x2NkgQWnCJ3:=+,32,alphanumericSymbols,201.1
9203,",$Ji~Yz<nw;=iYs)M^..~={NnVNU+gWt",32,alphanumericSymbols,201.1
9204,9+_VzVU{?qbZ+mRn@x}QpY2U]#XRNn|k,32,alphanumericSymbols,201.1
9205,d/Vr)Ui+Zi#[cn9=bVfFh<F%}^&UZX}.,32,alphanumericSymbols,201.1
9206,ujvnkH#HT-Tu4f!U:4Na>%$V^(g>srru,32,alphanumericSymbols,201.1
9207,"s[tP+CR3%,}ed*pui%p?eRdY/~2(i>iA",32,alphanumericSymbols,201.1
9208,HrgZ&%AukguR$KDy!DDsf*-K)[c{Wk#y,32,alphanumericSymbols,201.1
9209,Q<7+xe#)fkW!FyxDKvku|kxrgEV2pV{$,32,alphanumericSymbols,201.1
9210,iEy:W(tZdA2jm2kK^xz!AY(A{xa9P/*P,32,alphanumericSymbols,201.1
9211,DuyJ~!9n~CM*s{.WCy..{iZZHR#Z%[9E,32,alphanumericSymbols,201.1
9212,:PdtQ4%#Pg2yvgtT9-Jtj~msnAn:N@rZ,32,alphanumericSymbols,201.1
9213,4Z:xK@{Pa9.^N/~#@*L/ai9Fu&.HX-h*,32,alphanumericSymbols,201.1
9214,~Ae#sigHEgze-HQtisztKxesXHYpW(Pu,32,alphanumericSymbols,201.1
9215,"hY@nN_mkvN[4;WgL>A>}uMv,Ps@/PM$X",32,alphanumericSymbols,201.1
9216,tZ>zt(eqA&pUX<v?7RA~4Um7A./V3A4U,32,alphanumericSymbols,201.1
9217,]rR$^AT~iA=DqH/Ws7c!*e{9!K-2.uUn,32,alphanumericSymbols,201.1
9218,)yZx{4u/{tD~=[!$)Zg;]Nnb;JdaRCgQ,32,alphanumericSymbols,201.1
9219,X]pggs=tYV_=;t;$afC^VR;we>=[a>M%,32,alphanumericSymbols,201.1
9220,"uYKrJ~W>nH}d_,4U){7(QV!Wu3rD+$,g",32,alphanumericSymbols,201.1
9221,"KvfAT/gK{~{L-T,p$Y<hD?wXJE_aCLF}",32,alphanumericSymbols,201.1
9222,mtD4z%=[uPV]asadH+q-H(zj{nq:_g4m,32,alphanumericSymbols,201.1
9223,[;W{H)cwa}n({7W3;mA4KN)QZ4n$eZe.,32,alphanumericSymbols,201.1
9224,"9:r|.^Rm/fV9n!+*NNJU,Yv93rN/F&#r",32,alphanumericSymbols,201.1
9225,?[(3r:eE|;7+w/wV__H:m]bai{QM(V|N,32,alphanumericSymbols,201.1
9226,b7W@h2ZcnAqW-chb;A?*i(HaWw.Z2.@>,32,alphanumericSymbols,201.1
9227,"uk]A,X{H!$vwqTbc2EmDa*&9dp._azUE",32,alphanumericSymbols,201.1
9228,"~*rZ[W~xqWkt-eU[q9,t4[nPuX?x%%sR",32,alphanumericSymbols,201.1
9229,RhivzzbvFvidELQ(y#zU>m:F[?U$rius,32,alphanumericSymbols,201.1
9230,tJxNn7x?_;Eiu-M$A3!Nx?A)L_|{<~g|,32,alphanumericSymbols,201.1
9231,&s&e3pisdAT.f&R7cQMr;<#u#c]EH%sk,32,alphanumericSymbols,201.1
9232,P{*4hJ=*Q{f9yii=VW+:m$~z7Q9jzHYh,32,alphanumericSymbols,201.1
9233,WfiyRLH?[y|kMT2C}wmW)hvx&xVVp/UM,32,alphanumericSymbols,201.1
9234,"vj,TWLcUig^fr<miV9H,;:im(E+AYrUt",32,alphanumericSymbols,201.1
9235,Msb4WAh#FUC.D-3}3]^Q!haeMPVNK&qR,32,alphanumericSymbols,201.1
9236,"cJ(i,NP|EM_?*{-X*x[%ef>d9d-7miH)",32,alphanumericSymbols,201.1
9237,"@,m<Qy*2eKsi+P/9%{D/)yhcQ_9yPztb",32,alphanumericSymbols,201.1
9238,"ts#T:q_u7T%Ap<pp9}P#,rPEWLhUH[~,",32,alphanumericSymbols,201.1
9239,9Vn?(a3QNxL3-]w_yeegWeH:[~k7K<ZF,32,alphanumericSymbols,201.1
9240,"4f|^;^CH]p>,q<$_.p|DdJ=#i]3,pPr/",32,alphanumericSymbols,201.1
9241,+k2Jk/MJ@qfTzT.cLF_yM7Ry)Vv.Az9v,32,alphanumericSymbols,201.1
9242,"%,3tcvsRegL}!f=vnK(|pEbja?dT^7,s",32,alphanumericSymbols,201.1
9243,4Pe2jba_e()})J^e-C[3#>A::d<qNu{w,32,alphanumericSymbols,201.1
9244,Abnh@Er--.!E[s_[L{;ZYxy|bD)]u<*:,32,alphanumericSymbols,201.1
9245,Zx;aD:HCT4Tfi)W%Y^jT4As37x!i7C[e,32,alphanumericSymbols,201.1
9246,/Pd^*7xRNh>hz:>bzT/?AWA!=tD&]Aeb,32,alphanumericSymbols,201.1
9247,e$kM!XNc2gee99rsT%];_y(~Px9@2[XU,32,alphanumericSymbols,201.1
9248,tTjg?qfjW9dHu>RTRc{x_!]Jyi(%RVqP,32,alphanumericSymbols,201.1
9249,")Z9v>s!Xib;,.=;L2gmJj/+~T(?P&$2Q",32,alphanumericSymbols,201.1
9250,"@3DcP?u>wnK@f]{&3yx4%R}#2f^RWE<,",32,alphanumericSymbols,201.1
9251,&Uj$yRALp&pWzyL!3]nk3vU$;Zp!ZW7r,32,alphanumericSymbols,201.1
9252,Erc^a<xgt+Y7${?UVa!{g2t:#U[zC)u.,32,alphanumericSymbols,201.1
9253,A&2Jpbu^%r=R|h&Qngk+J~i?>a!X&>_+,32,alphanumericSymbols,201.1
9254,"t(xcyzEVbY>!]*?%JCyLT@,s<&/x}]fX",32,alphanumericSymbols,201.1
9255,${u_m=rFV>WUbR^ahnT7(f[#m);7*c{=,32,alphanumericSymbols,201.1
9256,"Whqx-H{$s|>m)>2kecRqUe]=q&,<AVz[",32,alphanumericSymbols,201.1
9257,"-,AP.:J&m&Ys.%^=wE<cHDenbmh,=p&u",32,alphanumericSymbols,201.1
9258,xN|CX$-/f.Ak/px[E=^%gg>y{<kKcg{3,32,alphanumericSymbols,201.1
9259,"tt=PM9C#[Q.W+QKJ~Fa7QF.CgNL33,PQ",32,alphanumericSymbols,201.1
9260,"4=/&f*njc}j,?^c@cq&{&w~v_$i[a!#}",32,alphanumericSymbols,201.1
9261,"]Td-:,~#2/svyU@*&;@qfe]4x+.y|P,M",32,alphanumericSymbols,201.1
9262,CJ|)h.JwgVR>MR#{Jxf:h$*()2WW>Q{:,32,alphanumericSymbols,201.1
9263,"NPj3g%nTz~cbULyA!*?D?wq#r*%W)e,r",32,alphanumericSymbols,201.1
9264,"bRL>%/)CP>a~>vF|2]_XCu:TF7uJ;,}2",32,alphanumericSymbols,201.1
9265,9c#kLM:sw)d<[V+2Jq~Q&9H+dRmF:3:N,32,alphanumericSymbols,201.1
9266,m}(Tem|%*JvtT3R|#hDvxqg7HKiUJyi(,32,alphanumericSymbols,201.1
9267,"Km+tTRJvtx>vd|u&>AAd49~zJv,=m2-)",32,alphanumericSymbols,201.1
9268,kHb{uVe{_b2m!TL(i+|yUvgLY]q$XXmF,32,alphanumericSymbols,201.1
9269,Fm;&Qc33pfp-=aYP+sTF]:tgX>r|x4T_,32,alphanumericSymbols,201.1
9270,r#KmeL[e)!>Dq3m&AfgwxsNVxJfX^+dm,32,alphanumericSymbols,201.1
9271,"]>*Xa:Z|!A(#[,^x,L+Jd,#=L^y-3$:.",32,alphanumericSymbols,201.1
9272,jbQfsH/P)tR:)74[UEd_Hw&DV;We*9*=,32,alphanumericSymbols,201.1
9273,m$;!UL|9q>w~+[}RWERPqdX#DqHhE+gv,32,alphanumericSymbols,201.1
9274,9{jJ24}uz^y)yRE=4tT{>e2e*U;4|U/?,32,alphanumericSymbols,201.1
9275,7<eD97e/#:n~fVEnR2?vXUV2<sy>UK*T,32,alphanumericSymbols,201.1
9276,!CpM3#KvZ2CdHYz~Ux;3eH?C)RAQVpyA,32,alphanumericSymbols,201.1
9277,"WA*vxTf*!-$-^Y>U,?^&t<+j3Uh*kFR/",32,alphanumericSymbols,201.1
9278,DM]tJ<[=_.=X/A?&!2Q@:$>P}*@*{qT$,32,alphanumericSymbols,201.1
9279,"Aa2gQ}^URsL|HT?#<_t;T]p=_x-;d,-i",32,alphanumericSymbols,201.1
9280,pC>Ec)Q?(_WZge}H;Dd7%fu<+%m;j4iD,32,alphanumericSymbols,201.1
9281,qYct<#bph_<>knz^!^]ja%J^|^m:K-X$,32,alphanumericSymbols,201.1
9282,&~MWT@XCtjt7g.^Z^*=#:?4]<#;<<:%},32,alphanumericSymbols,201.1
9283,qNZ&VZbV:%RKd#dghppUqV;{X])nA-mb,32,alphanumericSymbols,201.1
9284,T(x3f+[<>L|_Wqs;J*Y})UPgErM?Z%Cn,32,alphanumericSymbols,201.1
9285,i{cU?waM$7u&P3n}+b{zkqrn*Q$]9r7h,32,alphanumericSymbols,201.1
9286,aW3kheQ<m$Tut&F?H4i2)EgbQC$(iu3h,32,alphanumericSymbols,201.1
9287,"/=FeU3KmY+zd_-:puZ,y_<yP-wyD2amq",32,alphanumericSymbols,201.1
9288,>|uFtai}~RVymnVZ|%ECJxzg*LXH%}jw,32,alphanumericSymbols,201.1
9289,",VY@_]i99gkrRD#|{A{u_JLE&Qmx(zh3",32,alphanumericSymbols,201.1
9290,r#VEF4]fRk[Av/X>rq3MZq)Wd~).L])N,32,alphanumericSymbols,201.1
9291,H{}w%HwJ9%9iYK2aYY3$b^H|+^!i&tmg,32,alphanumericSymbols,201.1
9292,"2du;,z+2T9XWWnvg-shZ~]bu&cjx9AsQ",32,alphanumericSymbols,201.1
9293,a+mdpF{Vq/3=-<gjAn4W+_A*;%=HmKYc,32,alphanumericSymbols,201.1
9294,fsAf/(Ct]v4D!NY#|NNXfm.M2{a4P}~7,32,alphanumericSymbols,201.1
9295,XL${9&(/#KmH>e)jP>-^CQykvjFt>>$b,32,alphanumericSymbols,201.1
9296,$HAbuJRNe4D?dHM+ps9&fn<Vf*=^X{Fg,32,alphanumericSymbols,201.1
9297,cH-&x.Ex[Dg.mk-rEpA;AivJ4fR@&<$(,32,alphanumericSymbols,201.1
9298,uzYj4+#_LM>7_JkNsy7PPk}j{p:4.H4N,32,alphanumericSymbols,201.1
9299,"7z>{q<P@T^JT,_Xnsu:hY;/pvT7|yYaM",32,alphanumericSymbols,201.1
9300,ZHbV;#qap=X%$~eg7:i473X;<Fa@:mx!,32,alphanumericSymbols,201.1
9301,"wMN7VM~fz(WCEu!QR/:3MM[LcFNJ,b[P",32,alphanumericSymbols,201.1
9302,R&~W/=fL7s)mC;jN&+@w?yLg:4$<7&)7,32,alphanumericSymbols,201.1
9303,)utEwgtU[$hi%JXnKRmb&@D!mX2tnd{w,32,alphanumericSymbols,201.1
9304,N7rj@.T<rKCKYF*dmRT}%a+uRAp<y#x+,32,alphanumericSymbols,201.1
9305,/DgCMyZhX]=cp$<Rw~*y?+m4nma>W2~;,32,alphanumericSymbols,201.1
9306,#%;Eh2nr*3/4t!EfL])Uch>j&DEHU[2|,32,alphanumericSymbols,201.1
9307,";:NT_K&j,mM{?XcceZ2(gu)wdck&Qv(2",32,alphanumericSymbols,201.1
9308,R4b=+QY.9<|E2zUe-]wdT!:/|HTjEu^{,32,alphanumericSymbols,201.1
9309,"aHi7Z)c!|,,(H@z2M#d}VK3sc)Y~M+kt",32,alphanumericSymbols,201.1
9310,(kF&7NjD.#J(MNY-^>)QJk})9UEsW34L,32,alphanumericSymbols,201.1
9311,"-{7nfT=%)qT;kTYvc,9Z>X29?U%X$]!{",32,alphanumericSymbols,201.1
9312,"r7WRxrq*tDQjMq>y,*z2>=}m}Z^HPDh.",32,alphanumericSymbols,201.1
9313,7<$_r|eFuKEsiP/:A3{P+t(hs:.s%-{~,32,alphanumericSymbols,201.1
9314,mLZ}2X](Quph77-YYPgM%E%teT(=4zuy,32,alphanumericSymbols,201.1
9315,^7;V4vKgR[hzEi(a&>XTk&a7+c%+~^mn,32,alphanumericSymbols,201.1
9316,VUj{r+dYhMb_m4=E-LZ!e[Rcya]<i-UC,32,alphanumericSymbols,201.1
9317,]kA>TRcK*F_z.a-;%2udmkzM=PqY@}:*,32,alphanumericSymbols,201.1
9318,"d|F&_>xXhbhrFd(YFhH~PtTeZiexN)m,",32,alphanumericSymbols,201.1
9319,MF-MX--La#w.&db@#c9gMX@.v)b#Hr^},32,alphanumericSymbols,201.1
9320,@K3fJAJH7L_2sPvp?eMZbYn~bmDp?NeJ,32,alphanumericSymbols,201.1
9321,*pd?wa+3Dj~~R&^{irYXMv[YD4P~QPhR,32,alphanumericSymbols,201.1
9322,"KcAp{),yM@~bx72pr{u9H/_bV!z,fc*~",32,alphanumericSymbols,201.1
9323,m**j}Vm/JH==|XJF_k@Cgk(tR*A{_|c7,32,alphanumericSymbols,201.1
9324,"VnmTDbRdzU^VWTc+j}@yqbf./4_[.,p.",32,alphanumericSymbols,201.1
9325,"g,iPeF74v^A/Y!hLw2P:7)?y#3Rj$:Yn",32,alphanumericSymbols,201.1
9326,Q=As<ki}dNQK7:rgdN]F+wm9zb^PJ*9N,32,alphanumericSymbols,201.1
9327,>-f9-}X/d[DtZu@R&3k]>~~{dL~DFU(!,32,alphanumericSymbols,201.1
9328,"2<kP7r,($(~JXF_i=sfTs!:w-YU!Z=29",32,alphanumericSymbols,201.1
9329,;_+]q#t#YFPYf-<Ebh+AE$p[x%(;ZLDY,32,alphanumericSymbols,201.1
9330,_z2>L|kaAVU^2Yq]))szj<[CXw)y.]D2,32,alphanumericSymbols,201.1
9331,#>4$Mp)p&gztT<tyLXgkfqxJWwQVyxp4,32,alphanumericSymbols,201.1
9332,"kpenf:P3$2<LWrpL,e%@w?^fUHNp+>|~",32,alphanumericSymbols,201.1
9333,u&fe(U.|wiM_=-zavbix+bP.+FT@4=AU,32,alphanumericSymbols,201.1
9334,Me;JVyW&J$?=:KuFCM4XsV)-2g.u@](Y,32,alphanumericSymbols,201.1
9335,q$+_-=+?(V$)uagQfggj%fLp33yq~EbV,32,alphanumericSymbols,201.1
9336,?V^=n^Z./Tx@&E~X~NE4RPuzvw^9iQ*_,32,alphanumericSymbols,201.1
9337,vgvK_)Dz!-;ZnNQ.mR#L;J_qD<e=qha<,32,alphanumericSymbols,201.1
9338,A4K_Y__[+T|}m$w);eUm(xp(%X4-D&j!,32,alphanumericSymbols,201.1
9339,jn+z~rH<iZC_btD$x&AYTKDQv2up>|L~,32,alphanumericSymbols,201.1
9340,gcmriL:3Zymfx>+)]DVUF2FQ+T##>F$%,32,alphanumericSymbols,201.1
9341,j>@))}+)LcXP@d2}@7MY^jdJ]MRL(ixE,32,alphanumericSymbols,201.1
9342,"hgqx:f@m%n$,<wZ,A/X%>]n}u;Z;T#eV",32,alphanumericSymbols,201.1
9343,K4d+HYYn-F@/mqy_=vb_)MP-n=g$c-k=,32,alphanumericSymbols,201.1
9344,Zp9/{hy(b^}ynpmt;@=&!aPEN<Acs#kE,32,alphanumericSymbols,201.1
9345,"JyW;U{K>d2Re4}b(7e2t-,*WXciP=!Mq",32,alphanumericSymbols,201.1
9346,s&UNrJwYRZ2C&XzVe]hCem4&Nhu!nkLd,32,alphanumericSymbols,201.1
9347,V[VE4)WHHMe:Jh~.4$E*~4AA:Hw%k&N.,32,alphanumericSymbols,201.1
9348,[>T{Zq.]vcxmz3.rMKC]&*(Fgx3Pd:Yz,32,alphanumericSymbols,201.1
9349,AkQjnJiK^UUw=_:ZY&gy3F_vagx{#wT<,32,alphanumericSymbols,201.1
9350,"H73jT*JmDXw,%TYtX2&WsDsHT2Z;uccE",32,alphanumericSymbols,201.1
9351,rV&^Mgj{=&#&$#7;K>fu>fRJ:g~@DJNW,32,alphanumericSymbols,201.1
9352,-x7h(#P)_{UdP]Z|H-7vJN3f(Yc~ddfL,32,alphanumericSymbols,201.1
9353,v3Hs~QT=hRC)!#WdU|Zc#*cct%r4g?R2,32,alphanumericSymbols,201.1
9354,"R!&;v[{Diw^cREgX]cyv,m}r:HUQ]YZv",32,alphanumericSymbols,201.1
9355,"_Xe~Z]b%,E^@uY>P)y|7}V)9ysXxczm:",32,alphanumericSymbols,201.1
9356,vgr9Zwg$#T$=Hh%tq:$N|WYKfXs.^x.(,32,alphanumericSymbols,201.1
9357,U:.q&&@.AsJ#Rq#X[=.LN]Z{4ae>*Wf*,32,alphanumericSymbols,201.1
9358,"<]/q*csD&c]tR.ZMdY,P*9[sK?W:f@<w",32,alphanumericSymbols,201.1
9359,uV.Z&DxN]e|!C{_ec;?PY+bP#mQjcKqs,32,alphanumericSymbols,201.1
9360,PEQD^V%Lwj-kE.>DPF%;u_AtX/t9y-Mi,32,alphanumericSymbols,201.1
9361,Xg9;r+%(@WrncjAkU@iuuP{UHn].M+mF,32,alphanumericSymbols,201.1
9362,"<2D-w,Jyw$d|?J!ZRrX{u>u=Wd)t*wne",32,alphanumericSymbols,201.1
9363,mihQyD;.vapsnN$n<up;C]Y?ZNe<[y%f,32,alphanumericSymbols,201.1
9364,"Cw-)/Hf|j)AT*%*U9L#zL;c,$$~F=}({",32,alphanumericSymbols,201.1
9365,"&.C{YppWQv<~{RMTM&=,Fg}!wyA.iJ<;",32,alphanumericSymbols,201.1
9366,"N}<mrb[U=/hh]uQ>gVXj>2@NzU-wM,kQ",32,alphanumericSymbols,201.1
9367,]q7HicRJUjH9!]7@>%r2)b+aqqK>=#Kb,32,alphanumericSymbols,201.1
9368,"K$/tZ:mve_>*&.W-*|^~9$uut,,u-Uz?",32,alphanumericSymbols,201.1
9369,4sY>NDWWJ[*%m;mQhv#k|YPUiC=k:r<~,32,alphanumericSymbols,201.1
9370,upeqdfjA7QKKpyR-|C[#b&ngi*:79H^-,32,alphanumericSymbols,201.1
9371,-#s#$NW44e(bcVqL--c3eP)QcY*wEu#[,32,alphanumericSymbols,201.1
9372,"aNV%fH+_YbhC^(kh^=Lt~n%.e.qFw9U,",32,alphanumericSymbols,201.1
9373,d#;/i;DQKb!p#%ihLeAE=4Lid~3LXnje,32,alphanumericSymbols,201.1
9374,EUTd@./U&.*W3KnvNpuF?$h}&yz%i;nj,32,alphanumericSymbols,201.1
9375,}2ArY.YxC/)<Z;Kq|fxiKpN-Q&4kkQJ*,32,alphanumericSymbols,201.1
9376,"HQR,&RmKJ_2M[D|Qrpvn:!@4)7})^Lpb",32,alphanumericSymbols,201.1
9377,eikV9@kDzs|##&-{<gw#@)W4kzv|eebw,32,alphanumericSymbols,201.1
9378,cp=4=aA!arUK%$Rc#:pLTxP>$]Fi)[<M,32,alphanumericSymbols,201.1
9379,"CN2[Q9WV99=hH)=[hk*s~3:q[e&,$[e2",32,alphanumericSymbols,201.1
9380,X}bCry:^a}wqHVJpq]jdK2:^)d@~qd$F,32,alphanumericSymbols,201.1
9381,p2M]gzQM-zV**eK<uX<J}LvhtM#=Yfd/,32,alphanumericSymbols,201.1
9382,+rs;MjpniV7^nMU.^j?Ty^T7XbuY72!~,32,alphanumericSymbols,201.1
9383,";,JQmP[f2-nRMwsc):3w9}q>QmUREwv3",32,alphanumericSymbols,201.1
9384,)WFt}(:p?&.^se3_dp+::Yf7n|mrkALx,32,alphanumericSymbols,201.1
9385,":dKMPxx7HCXcg[c2]:q9C{eR%,T|dCiU",32,alphanumericSymbols,201.1
9386,e]DWua>9Y7jLzUD~Q/aXX:JQtz)h=/de,32,alphanumericSymbols,201.1
9387,ykQ$F#p74:=%>c!MCUf!:7x)r4wFu_#r,32,alphanumericSymbols,201.1
9388,>u2y3Cz=U~&j:=V#ME)Kgj^#ut)._EH],32,alphanumericSymbols,201.1
9389,x]nkezrYq#QuwuMR?;Pd^btxqHR47*H+,32,alphanumericSymbols,201.1
9390,"b$(b-K=mA?,udz.[,<-hjkt$&uuUUFF7",32,alphanumericSymbols,201.1
9391,"xZfrCz*U4n2tCr,&|U,7eYnw+sE3(-:4",32,alphanumericSymbols,201.1
9392,nmWX?*7TJid9+_QJr]9NgmFzZ;itTE([,32,alphanumericSymbols,201.1
9393,FA$?TftN#f3afs#?uMV9ZZFL{?NVjdq|,32,alphanumericSymbols,201.1
9394,"7n_aaC!N!:WxM?xZkzCQNvayWiJ&,);e",32,alphanumericSymbols,201.1
9395,Q3&b)@UgDXde;@r?~EE<}+%nstx7$2Ti,32,alphanumericSymbols,201.1
9396,"R=_eLk9R,Jc}44{]k;WEL7zaug+-%_tT",32,alphanumericSymbols,201.1
9397,~Y<w^T+qxQTY;CxP-*uXi|xRcHtRp@#M,32,alphanumericSymbols,201.1
9398,.Rjw2/zgN{p+{eqCXi4%;)Ph/.gxRbxX,32,alphanumericSymbols,201.1
9399,_ZAbR:&e&u-W~?>4;uvC?=UwV{+F~(4#,32,alphanumericSymbols,201.1
9400,PPPwW@:tf^$vw#Mdq.!ihU~~/YkqrfaJ,32,alphanumericSymbols,201.1
9401,gK+E~+9.q.g%Kc/@M^ryX9|C_4b+Y*:c,32,alphanumericSymbols,201.1
9402,dF~7h}J9Y[_Zd+#yknqb$Y?>abHe%(v~,32,alphanumericSymbols,201.1
9403,"q^,K%7H/9,f!#yyi>.Fpy;iT&&e(sWq=",32,alphanumericSymbols,201.1
9404,p3]FgU_v^:~}.~a>@=K|{}db(@e%w@Es,32,alphanumericSymbols,201.1
9405,m7:?aJL7qpqb{(pN*Nr4:Liv|Qtt}D3a,32,alphanumericSymbols,201.1
9406,vkm#QY]Q}c>aA><PNsdHkL&n#Wu9XQgX,32,alphanumericSymbols,201.1
9407,D$rt4ut+P.*3rF;f)wrL:QKApYQgEw!U,32,alphanumericSymbols,201.1
9408,s4H(j|mXp|]RV(LA-tusM$]-Csp;WK{x,32,alphanumericSymbols,201.1
9409,W?D&+YJLV._[xCyLmTs7@&;fvfZ{qdFz,32,alphanumericSymbols,201.1
9410,^:Xvy/b++NREXD<x2@_rCHVPe@Eu^Pdi,32,alphanumericSymbols,201.1
9411,$ZdzZXEQicCM+K.HfT&>r%@?F<vt^Ab#,32,alphanumericSymbols,201.1
9412,/4CLMir!Rb!&>q{x~LV<A9q:4+2dXX^a,32,alphanumericSymbols,201.1
9413,kmgVjt{W]q<.uWPN#VFrqP{YQ9Wi^=$e,32,alphanumericSymbols,201.1
9414,-TLfk(2~WU*Z%z@YW-Q{[:]%W/Vfw_-g,32,alphanumericSymbols,201.1
9415,r)ir+h#+U)r$FfuY-QU7@_%j(DT?c4L+,32,alphanumericSymbols,201.1
9416,a^cm<?2q4pN|j%^>wWD].L)Vk7JtK9gu,32,alphanumericSymbols,201.1
9417,)}gx3n4-$K<;.4VVf=&:J:d$Up]s2:H$,32,alphanumericSymbols,201.1
9418,b~#*Ug]Z=W?y!uAp<jf=/uXQ$ckj@TRL,32,alphanumericSymbols,201.1
9419,xugWvNC:WK;KndTJA=]@#@EHpLUDjn):,32,alphanumericSymbols,201.1
9420,;VgKuc}fLNkLHhZUq_e:TjHH[z}y]Avz,32,alphanumericSymbols,201.1
9421,&tQqn+kw]4t3/XZj!a*m$D}RcQ}!_b&+,32,alphanumericSymbols,201.1
9422,+!|^kTi*hPRPn9)=J!iF(Z]CH^~m;2Nn,32,alphanumericSymbols,201.1
9423,h+b=YH|~!<{?<Y-<r(r&~j-vtsftHE3j,32,alphanumericSymbols,201.1
9424,K&%cVmbt]*!C;cibwF}{j{M4-$dk(dR+,32,alphanumericSymbols,201.1
9425,"=7<k;aUM|x2p?|C,j):VHwehy^!FLs^k",32,alphanumericSymbols,201.1
9426,"MgN?/RP[C:A+,sCH:wU+&d>fVLY9as]i",32,alphanumericSymbols,201.1
9427,[zN^zfW+DFcdzD>vHMYAkgbXJ+<>.PT2,32,alphanumericSymbols,201.1
9428,"#d,xwqRVZ;R%f:e7gLpTDz|{7<aR_RZn",32,alphanumericSymbols,201.1
9429,"&Aeub.Ysnv|q]Am:QJWmLhP7F7Fj,W|a",32,alphanumericSymbols,201.1
9430,d~u9i[ivru->i&jp)J/)9a}y=MUpk{K+,32,alphanumericSymbols,201.1
9431,Z7U<rpd4dgv-Fpk#/K4Hqgm(;<vdzhK^,32,alphanumericSymbols,201.1
9432,:F:7ei<WsY&zYVT+HTkQ9E7%9Q*wbu+h,32,alphanumericSymbols,201.1
9433,"!A/^_?~<}acEy.|?WfmDjY^-%f,4w#vf",32,alphanumericSymbols,201.1
9434,}qw[+;HEi/*JCRhT?c;~^iNX|Rvkp{~q,32,alphanumericSymbols,201.1
9435,b&k%g~n~!ttV/fQv+eC<F^}Ep]/#UX}s,32,alphanumericSymbols,201.1
9436,:Hu9bFfsczsC[%AF[;pb*[bg[P2MbcjK,32,alphanumericSymbols,201.1
9437,"P,{T%_(tRL[:xH*!hyNvZ[i[g|b#&m_n",32,alphanumericSymbols,201.1
9438,"F2@&X~9RP>9kq=kw4C-7cJ:4;X,g()w)",32,alphanumericSymbols,201.1
9439,e$.MEm>E4#KHRWwCHXq>ve%ejj>T{X$(,32,alphanumericSymbols,201.1
9440,&iNc<V^_3u?gfh*ns9sC/{(LdkA:~+?9,32,alphanumericSymbols,201.1
9441,"}bZhng,7teU4bY9NU>>=hzKQ44!p}*P3",32,alphanumericSymbols,201.1
9442,e:b^kqZ3KF[VZ<-WNd)7)aR$;%vvAm7Q,32,alphanumericSymbols,201.1
9443,T>M%T/x;ZDux}HwwYQ!tqE{f7g_~HpFT,32,alphanumericSymbols,201.1
9444,+&L9nqF@dhvFW/:hDL9p&#*fRy-=W$-+,32,alphanumericSymbols,201.1
9445,"Jy%rPcZ+s_z<,3->#qs(tVh.~&d_V#$i",32,alphanumericSymbols,201.1
9446,qbj~T2~u#J3AmC*Y9qR<]*>mh<Hsdi<w,32,alphanumericSymbols,201.1
9447,"^aZ,M9wK7s/:3nYM!tcne/rEr7FY|HN9",32,alphanumericSymbols,201.1
9448,"{dd&^?+@rj#$3p,Z$MQbX@phs*?jazFR",32,alphanumericSymbols,201.1
9449,_NYu+z)92Wfb/Z%Hvp_#$Kd$ix]C-99&,32,alphanumericSymbols,201.1
9450,n#z>w3.P|C*L#z;[_-_cf)$igw^nQ(#w,32,alphanumericSymbols,201.1
9451,Whr)$i*m4vT>gq*]m=WCd_QK#?:=9Lbd,32,alphanumericSymbols,201.1
9452,",UJc(*A)%.}p,m,R.vgP):E9UusMLe.g",32,alphanumericSymbols,201.1
9453,A^c!?t.CNz}k~)AYC=U|u2Y-=g9fF:*e,32,alphanumericSymbols,201.1
9454,7z2Q7(?E3]JNX&/wsX4[s4/)4=Nd:c3^,32,alphanumericSymbols,201.1
9455,"st*3Lh=fLJe4dW,bdqCU:i$d$H(adcDw",32,alphanumericSymbols,201.1
9456,9m{9=iKK^f7&QqfdmXW:kRHwg{J?x|FQ,32,alphanumericSymbols,201.1
9457,(a{Xh^b^zmpYXH$aY+XC/zpDHc_nhf9),32,alphanumericSymbols,201.1
9458,"K[Tk&TW&V2;(DV,Tyz]C{r|%([!MQq(R",32,alphanumericSymbols,201.1
9459,uVgxu|dr]M+>)vXFx+DPK%E#xw>)Mj7f,32,alphanumericSymbols,201.1
9460,:XHsL*-|v#3f!+ix3!%i%[N-3#<FkZ7u,32,alphanumericSymbols,201.1
9461,_V/UCj/:>eTVP)d=4c}p&>}.hiQEuEa4,32,alphanumericSymbols,201.1
9462,CX{4YxJj<i#nW<:$ew(9$g.VxD^/ksA&,32,alphanumericSymbols,201.1
9463,"dja#k#xz9{^(<c>+,{~4iyb>*(vt_Vfm",32,alphanumericSymbols,201.1
9464,"|,%97ZT.=:=x+7WPj{s>wv!ier!thu[(",32,alphanumericSymbols,201.1
9465,$nCNNU9kN;$X]Z~j@K;c+xR4vE+&F(W9,32,alphanumericSymbols,201.1
9466,|t2Ex+&Mcf[hu3;ZvDfRd>E&%uL7%7L.,32,alphanumericSymbols,201.1
9467,apTRd@ep&<rhi9-tVTEfY]ktUb3y7PX=,32,alphanumericSymbols,201.1
9468,DNJ3y|=u(hL@PR[qMzutt#X=&XQ[M).n,32,alphanumericSymbols,201.1
9469,A)>+&KvN$i]dsQy7k2r_n)JY*zCN33i.,32,alphanumericSymbols,201.1
9470,/eqU)sxE;T^qH!&q&.<X:QtUY_MtNu}r,32,alphanumericSymbols,201.1
9471,*92rMwdxZk9d%n@wadQ4RT+_E-py7}bm,32,alphanumericSymbols,201.1
9472,&Q&gX%-n[#v3?ATHH;;J;djM42JmEP.f,32,alphanumericSymbols,201.1
9473,i{3;m@direVLDU.Eb(jV#]gk%C^um{j@,32,alphanumericSymbols,201.1
9474,N+Lkzcw~e.J>E)sjP)=)h>rE<afk]KNi,32,alphanumericSymbols,201.1
9475,"KCZ_c,CPpzNy)/[uLwV{ZMfx:f[HN3#;",32,alphanumericSymbols,201.1
9476,Ysj{?4TaTiuM.:{x:{[>E[~gEp!!$-Xw,32,alphanumericSymbols,201.1
9477,PE>kV3fcpX?(tt)?t*kN+qmNP$}RDiZ9,32,alphanumericSymbols,201.1
9478,:4?dZXA=~{W2jCfy~ZLRXyLYwh2.pM!],32,alphanumericSymbols,201.1
9479,"gq2N:%H]Q)?_A%F|Yx4_g.>=^b=q;LK,",32,alphanumericSymbols,201.1
9480,Wy:JDPUA:Dw*Pa|hesv${]NU^q^3g*r2,32,alphanumericSymbols,201.1
9481,+)J~9xt4W|&bg|>q3*(!ybhfK:Fv4WTQ,32,alphanumericSymbols,201.1
9482,<)Hp/H(kC;H]V/E:4=({tCVpK_M=Wxr9,32,alphanumericSymbols,201.1
9483,(Yc]P]{cZTDu=f[/9YrHuZ|n4-~!dCr%,32,alphanumericSymbols,201.1
9484,4P#mi9W-abz>iT;_~A}%&N_C[NTvkEa_,32,alphanumericSymbols,201.1
9485,4!_@tnWcHe:JzcV$Xu/E/u4<vT(9E3#],32,alphanumericSymbols,201.1
9486,"Tj<rfZ)qF2f[(tR,-d-.AcA}AxCi.#<c",32,alphanumericSymbols,201.1
9487,;3?{9R_$M9NMctTDsDch@7;|=a%x3$Vs,32,alphanumericSymbols,201.1
9488,(gCmW+}gz+;em~_.{HQ)sL<A=?@eEW_2,32,alphanumericSymbols,201.1
9489,"Pa>%_CF:4As#YP?=;]cy[<,NinU+i$~N",32,alphanumericSymbols,201.1
9490,CEF2[ufrJ=XLD)}gu(@t=@vTZ|s~D-]y,32,alphanumericSymbols,201.1
9491,:%;z#;>=Pah/j2htkN9}<sg.[J(Q$CtM,32,alphanumericSymbols,201.1
9492,{qh@|mrc^j9PP=+J~QFqwJUL?|waAvc/,32,alphanumericSymbols,201.1
9493,Mq^V$&F$gva&D:=e_Jb%MTQk+dU]HK@9,32,alphanumericSymbols,201.1
9494,Dr*E*?.Y[T34Nc.^7=(d*TX]eqJy-mrv,32,alphanumericSymbols,201.1
9495,)Kt*DkwLsK9Ctjb+AiiZTq(uKHZ)X*-3,32,alphanumericSymbols,201.1
9496,LP(4[(_2Cj3&-UdX4$TqQ[q)e_e@d^/4,32,alphanumericSymbols,201.1
9497,|7:R_Ctn&q$AM_jTCTF$)n(fyiK;[Mpi,32,alphanumericSymbols,201.1
9498,!)Y=/XiDcsC/fjx</#%<iE!2ChuPU{nX,32,alphanumericSymbols,201.1
9499,vAK^A<ttL{E.zw-C|$+s?T>UhR3R4UdC,32,alphanumericSymbols,201.1
9500,"*TQs<p3:P>y*Y;LD=)Fn,jy#F<v:x|Z<",32,alphanumericSymbols,201.1
9501,"a9,sy(Kg/pNc$+],t7EVb7Dfvt9;-Y=z",32,alphanumericSymbols,201.1
9502,TeMZ**Y9|vy}UTEn~3Letae#Uaiy[.9p,32,alphanumericSymbols,201.1
9503,%Mfg<&pQ)#ya+!e}wCC/>UFKCHL$RUR<,32,alphanumericSymbols,201.1
9504,"K@gdgz{;XW3%ME/}s?u$L)-[T>F,!U7v",32,alphanumericSymbols,201.1
9505,pby/@gAzKP[m@2FAv:]!(}K_puf^3NKY,32,alphanumericSymbols,201.1
9506,?UW7P^#:_#[_e;ai;X&fK(mu^ie7|#4$,32,alphanumericSymbols,201.1
9507,+:_(^DTegykLF=&%xuu7@&a&EC^Z#(}c,32,alphanumericSymbols,201.1
9508,c/[]hata4#[]RwNwc(?|yLeH&i%i3Rx4,32,alphanumericSymbols,201.1
9509,cfjRVDr<YFm/v-=x4vatZ2%=V{d3CrvZ,32,alphanumericSymbols,201.1
9510,"3mJ{@ZRpL-$P/n^|{?!~ZKz3,nYF@T,d",32,alphanumericSymbols,201.1
9511,"TNM?b@|i^7Qf!hCAFHK@gcbguUa,h/XZ",32,alphanumericSymbols,201.1
9512,&cT/Jhf/mWM?wdK3y$bi_sUh-V%|#h3^,32,alphanumericSymbols,201.1
9513,bv?k?F_Td[N@L*qzeCV[H_APzV*7Z<e;,32,alphanumericSymbols,201.1
9514,9TFf3&n/cwi>Hj{TbZ$#A/v!~7h%VLKc,32,alphanumericSymbols,201.1
9515,"jLVen4v,ULf_c!&xUe=<p+P|!~L#b9Ju",32,alphanumericSymbols,201.1
9516,"Up]|rxZ_)y:%a.qpDVh>eHEN#p=,q^+*",32,alphanumericSymbols,201.1
9517,HH))Ukifw~_ugMs}k~$>w>aE_jb&W/E#,32,alphanumericSymbols,201.1
9518,))%U=n2A:mE({QD!sy!~EwJf!NyA{KYP,32,alphanumericSymbols,201.1
9519,H}))b)qA?v%V:s~zJd_hsa(NuD=pAzw},32,alphanumericSymbols,201.1
9520,"~aHca)t9yn2Jr9s;^f+q>PLATbEkW7,~",32,alphanumericSymbols,201.1
9521,"DQFMx%K4Myj@t&r/ZQZ#sj~((?,~dX~i",32,alphanumericSymbols,201.1
9522,ghg=taQu/M+P>c(!%@kJq^^UwV(fCAyA,32,alphanumericSymbols,201.1
9523,"#_kZKEPk<b,3x[N4<g=~]nDp4%zhJA&@",32,alphanumericSymbols,201.1
9524,gzK:y)Z(RvN?/2C(d(3a$K*Z&z=M/Wyb,32,alphanumericSymbols,201.1
9525,@!Rh2Eazsy/;i7!Ytt{/.v7qN)^;Qcb],32,alphanumericSymbols,201.1
9526,AYk/!pUKe~sbC<.?Xd?;({&zh#VN{r.W,32,alphanumericSymbols,201.1
9527,.)Q_nT4:M/e_qA+p>cL}AVj~v7kkuMN],32,alphanumericSymbols,201.1
9528,H<pc<hM<fn~V:2Rhaum#twHs!Qmjd!~U,32,alphanumericSymbols,201.1
9529,"NQVcJ7URcFXdwM$dT$2Td,^3>hZV%k*D",32,alphanumericSymbols,201.1
9530,=RH~KavbPgdtpwNhiPRex;=;fJ2e:Yw*,32,alphanumericSymbols,201.1
9531,z^_DDTD_<[a<&(}NwxxYC4fFPK%^;9!>,32,alphanumericSymbols,201.1
9532,Nu!3w^JQ9zF<v@Kgq;:[C.&X}t!Ya[<(,32,alphanumericSymbols,201.1
9533,">f,y^-M<3%?9U;nr%b%@<z2@t~U<$vhA",32,alphanumericSymbols,201.1
9534,*;2[V]ezs;$gKH@Zv(^=9-#wKNHWZpb.,32,alphanumericSymbols,201.1
9535,wgXyy:pRHX%(V+nT:(?ZvvD^:fCeV:V>,32,alphanumericSymbols,201.1
9536,",,s_ca3mL%Xh&U!e&YDUH?3aK)|K4PrQ",32,alphanumericSymbols,201.1
9537,je3tqkLdpR;JJ<eNg#Y9}rwHfQ<@HntH,32,alphanumericSymbols,201.1
9538,zb^|h^J]j[=QP&${TA9z9Ct|#$([!CWX,32,alphanumericSymbols,201.1
9539,eE{*Q33vmN4dQv:XrU2?>a$%j:LV|QHa,32,alphanumericSymbols,201.1
9540,7PapqpnHRx%%<cfxv%?tPp{Nix^nzTsk,32,alphanumericSymbols,201.1
9541,N-*^LH]Jgbr+_H4>[LeN?X>|D.-Ytqyp,32,alphanumericSymbols,201.1
9542,*uZs:A_*W$eXh%+]FtW$A[<pZ4M2MY=.,32,alphanumericSymbols,201.1
9543,@V%a>QD&+Pfz<@hUDgwfFet$+z=/wg9Y,32,alphanumericSymbols,201.1
9544,*xJx=~hq;eU=%$|gh9n{~V[UN!D#M)&+,32,alphanumericSymbols,201.1
9545,=cr>n&^3rF+>)pw2Y}ZtE2by#gWMDbz%,32,alphanumericSymbols,201.1
9546,";sT4pp#FCP(r!V%H,|Rv*R,F+xuFVe)7",32,alphanumericSymbols,201.1
9547,Ed{/7<:e)w2+7[jh|+7Q~Y$sfypHi_c+,32,alphanumericSymbols,201.1
9548,"D,3^{,D7LY[V4<qi>9/:Kw,TT=NTv&A4",32,alphanumericSymbols,201.1
9549,"[~PPuv+aHqwCa,U4x+3*9kt-4.!>^s*<",32,alphanumericSymbols,201.1
9550,Pa=g@T}~k7[T+CCh^{KkX2mzj&T#!^jU,32,alphanumericSymbols,201.1
9551,*4R$M4R)]dW{MK_N2pXV:A&ge_mPpR<W,32,alphanumericSymbols,201.1
9552,yXs.C~wzM_~qz9)W/u=rZkf-+#/2ht_c,32,alphanumericSymbols,201.1
9553,qK&x9J7-P]%hw*f)%TVazefXtaCEE[KU,32,alphanumericSymbols,201.1
9554,Kz:/^z#zEaQF9)J_p;r@<UHX;W^Aq?YD,32,alphanumericSymbols,201.1
9555,"^|b/sp9*JnK;,uqQ7[uF_)Ac3r(=QWA:",32,alphanumericSymbols,201.1
9556,"cQ:(H+uU7fVj@/j}*42j/g]Y^FAm,N7$",32,alphanumericSymbols,201.1
9557,=jLD(t=!~7/T&exar/W@t+%y2s7H:}/{,32,alphanumericSymbols,201.1
9558,=AY+K<Je#(hj$#_m~4)4m~zusvV2yn~.,32,alphanumericSymbols,201.1
9559,Lk~r*ChqzUPMPPDsy}w>rss;km~P]dD},32,alphanumericSymbols,201.1
9560,N^rbQ-4Pn#Y>f{Kz2M-K&-JRxUHrJ=~.,32,alphanumericSymbols,201.1
9561,h_TeuY/<^~@NTx<pt@<W?;sM]!fyU%PK,32,alphanumericSymbols,201.1
9562,"CDa>XC_j,pZ9[k~ni[uY2g$E]^Ngv7$X",32,alphanumericSymbols,201.1
9563,wDPP[<zw*vHx_i>4<eW<AfRv3<@zWKu),32,alphanumericSymbols,201.1
9564,]QbVEJLt9-{p3^&NzcMtFz]w+}etD3#;,32,alphanumericSymbols,201.1
9565,D%M=YTc.9M~DTsvpvC)P_W:Jt3e.hF2E,32,alphanumericSymbols,201.1
9566,=3*wJr]f+tt3~Egah>4C*sN9Tk>e/+-&,32,alphanumericSymbols,201.1
9567,"M,:}eFW/rLW4jKyq[Q4zsv72HP-UzPyC",32,alphanumericSymbols,201.1
9568,.VDr)a%9Z:mwh2&wW9{h>K}%a@:J%QT?,32,alphanumericSymbols,201.1
9569,y@Z/3>q7-H$f=bx)|KgLdt~{yh;3jF+v,32,alphanumericSymbols,201.1
9570,uvn4(3N[9)xi?J~:rsL%{PvijU#ARz7Q,32,alphanumericSymbols,201.1
9571,qj7XN]@Yw@H9a]c.R7@*qP?Tj**xx2;Q,32,alphanumericSymbols,201.1
9572,|Pik2q;rQh$Ur+^$R!q%fcr??_$q9Q<n,32,alphanumericSymbols,201.1
9573,7Fg;!zt~F>u7g^i[qvD2!_C]]}4bf@u>,32,alphanumericSymbols,201.1
9574,Dq2&3jb;:aepdv;XCTm@twj:b=-7=]_|,32,alphanumericSymbols,201.1
9575,@&c%jK*:N.KA~=xP<JqHf(H?|7HQW7!v,32,alphanumericSymbols,201.1
9576,]uL7vsw{Hzaat=U9p/y~gUc@Z:EM_ji&,32,alphanumericSymbols,201.1
9577,!C!~DQ7L+/!4]y*z[[F<vY=~X3<xiP:U,32,alphanumericSymbols,201.1
9578,}pi{V)Rv]sCP~#[3?Qzw?9?(yMYEmjxu,32,alphanumericSymbols,201.1
9579,sFPq[Ncyt;g<?3!y@tT_v]QAPU_#{;T[,32,alphanumericSymbols,201.1
9580,"7MW<[D{K7,|nuDW<RQ_#%z#.=/A{9]Jk",32,alphanumericSymbols,201.1
9581,7!nqFE{d>}ae#stiWZag{ZYysf)cvdy],32,alphanumericSymbols,201.1
9582,"yFXb^f]b9=LjsR93&a:|dh+qXFFDz,W4",32,alphanumericSymbols,201.1
9583,^MEg){g@wt-(#@yKxA+?K?bv:m7igWs),32,alphanumericSymbols,201.1
9584,MH<kuKZ_rFN^.LUUbm;vuP=t@hHy-|#(,32,alphanumericSymbols,201.1
9585,MzP{%%X]9ZC&<(Q%i^u>uz!Z-Q$h2Jd#,32,alphanumericSymbols,201.1
9586,"+Z,w3wX@b3R;-ZgX9#E(;R.[_kb+|@j,",32,alphanumericSymbols,201.1
9587,q:/<Ze^!DKZKFq@>s#(k>{L)H?_E;D3W,32,alphanumericSymbols,201.1
9588,VWa3:}+N:T)v._g)L3}N$*EA{/VMJ/e&,32,alphanumericSymbols,201.1
9589,*|Z#;qx*]ZymQ~tV_n/Eg#R-WiL@xAvY,32,alphanumericSymbols,201.1
9590,"v4^d^F}LQCE)erKauY,zY{U}MME&;xXD",32,alphanumericSymbols,201.1
9591,Z3s;2>Ys.;p@?A<dpA@]@y.jcF_(am=],32,alphanumericSymbols,201.1
9592,L(r:Zb.[a~ak?(s&Ph:(hx|n$(/KWvdR,32,alphanumericSymbols,201.1
9593,$M}mWgdp:;iqK24CWs{>whLL2:n=K&$V,32,alphanumericSymbols,201.1
9594,<a!e/P+^vb[UL(%fL<!!wyceFwy+bLXa,32,alphanumericSymbols,201.1
9595,z4~UTM>keDa9gYDkhVN;f?}m>+u7q_(4,32,alphanumericSymbols,201.1
9596,"z@:*=DkFdZua+}wVsC?4[,FhF^gWR/_q",32,alphanumericSymbols,201.1
9597,"R.,vJ+N?=rh*-RMdEfQ?3V@yCxkdJzgm",32,alphanumericSymbols,201.1
9598,*j$Ww-R]pVrew-Kev_VJ=9sLyxm@a^/&,32,alphanumericSymbols,201.1
9599,muC;_q-e3=_YV9Msh2MVQCAdJ|qCu>}w,32,alphanumericSymbols,201.1
9600,LNqv~yEqXEW>z3Lety?))XM3W:Je?a~(,32,alphanumericSymbols,201.1
9601,DetT&[7KTJf}XsPyqXe|VE_dNEb>A>Wg,32,alphanumericSymbols,201.1
9602,j!y)H@&2&L)K##*m$/h#2s&#wgN[m[bF,32,alphanumericSymbols,201.1
9603,"Vuc;K,A*:%Ktv**uq)<!$qe7*<U-q+HY",32,alphanumericSymbols,201.1
9604,"C#MPqfJ*]mp?t$V(w;yytPj,Uw,3gd3/",32,alphanumericSymbols,201.1
9605,"vE),QKsH3A)-H*n{=v]~@z;K{g|P@xa4",32,alphanumericSymbols,201.1
9606,$Qt.sDU3suUf~XW;=&ez[k9qnZrN|r^X,32,alphanumericSymbols,201.1
9607,_m$v:^TNC!>]_K2YL.JU9hy:bq.;*[nF,32,alphanumericSymbols,201.1
9608,mzDXV_.3%R}Lv%wQT4HKhNE*y:We=Ti^,32,alphanumericSymbols,201.1
9609,{7{tqn#V!>(>H[D7T<@TKt#tbs4z%!**,32,alphanumericSymbols,201.1
9610,_ibra%#;*h&#T.>RUxq*hEkT&dkvJzfL,32,alphanumericSymbols,201.1
9611,"hj?KK$K#mq}++wUVCzhC,;;NL)E_b)=4",32,alphanumericSymbols,201.1
9612,Jjz#xi{>/D.P?kY7Z_uvL(Fun$r/g:^),32,alphanumericSymbols,201.1
9613,.C[Pkja:Fck;g3&U<E.]d4Y(h2!]?Eri,32,alphanumericSymbols,201.1
9614,V?HHURm:{3F$)]J%|jcc}LaJZ27)9Z*x,32,alphanumericSymbols,201.1
9615,HgAr}&xY3Eqk^J*Aak|q4T^w;xw)Td*k,32,alphanumericSymbols,201.1
9616,9R@Rdy]KdH;&R&.Zry~n3A.&}_Y}}Q+E,32,alphanumericSymbols,201.1
9617,>u;b_@?$JH#RXf.d=&%xrHCf)^-r{tTi,32,alphanumericSymbols,201.1
9618,hpNvf@W%WEHcA##vheYPt$2c))aE}L[k,32,alphanumericSymbols,201.1
9619,"+W!_]$?rrs,gLVTUD/cme7=!qu./.bF<",32,alphanumericSymbols,201.1
9620,ggvKXi+7h-PyeCg-]<&*<%mzFa_|PLs?,32,alphanumericSymbols,201.1
9621,7Q3jZv$vf?:}-~/*(y?khf*TAnP@aD=j,32,alphanumericSymbols,201.1
9622,=KF(n2*P&NXbPj.YN{qPA=?Tp]7PiXpx,32,alphanumericSymbols,201.1
9623,W>JaJuH-?a{Q>hp.9eU$[s$C}>tpD$;_,32,alphanumericSymbols,201.1
9624,"F[vX$@-777=@d?bn,F?Q~.rk>wWi.-p_",32,alphanumericSymbols,201.1
9625,hakw&WVM-HW;(.4#C=*UTJ$><W;Kh=&i,32,alphanumericSymbols,201.1
9626,&]3itiR:.!^u>RNT3eu@uxW($U4>f*/$,32,alphanumericSymbols,201.1
9627,b:RP|<]+RTxJK}T%csc:zrL$Hd;HaKP&,32,alphanumericSymbols,201.1
9628,{MN9eY#L%eUT]tAp-7EvAYankh&c=E*<,32,alphanumericSymbols,201.1
9629,93@YkA^dUh2}JdFJ7;]jtE%]>&eiuZND,32,alphanumericSymbols,201.1
9630,"-^sMbT$[>-rT).hT9A9j:YNq*n+,{HhF",32,alphanumericSymbols,201.1
9631,y{.ZC&z|=]-Ki3Vdkv*~j:-CyZzq3C!E,32,alphanumericSymbols,201.1
9632,"gQwb7>+;fW,9YhjHk7jstYp]ar@+LwA+",32,alphanumericSymbols,201.1
9633,u4C%9(zF(rqTjpVzbUFxj+4%*au7;7!s,32,alphanumericSymbols,201.1
9634,E!jLmEX(j/7!~4;pWjQsDwW#H)kpbU4u,32,alphanumericSymbols,201.1
9635,"iQRkN%PVW-u_wC)dX&#rk,*cqT/n^LT]",32,alphanumericSymbols,201.1
9636,"2TEhL<;qNNRLVFXH%R|jv^,2N;2;d7cY",32,alphanumericSymbols,201.1
9637,X?+zs&Vd9Qi%s|jtVQeUsuAkMwtvu-PV,32,alphanumericSymbols,201.1
9638,J#ZDVL}_-7>!R^Z^9~NQdHh9|*~{dj]n,32,alphanumericSymbols,201.1
9639,YivZ.3qu&J{(&@k%K)j~*b]7X_dy;-NL,32,alphanumericSymbols,201.1
9640,"DZA}F%ijT==~s,.--iDkx(!cnHPeyin%",32,alphanumericSymbols,201.1
9641,"$L=L#*,A$vkhf]_e)[Xv9;Dadiw4Lxg<",32,alphanumericSymbols,201.1
9642,sPf]y9Q/K}XUJPfdw)3j+)t*K[FNX[f>,32,alphanumericSymbols,201.1
9643,+XJfVMeKz.p7WYQfxmvdA<rh2@$.;Q^d,32,alphanumericSymbols,201.1
9644,iWz{bEgrJ^Je$hv{E#fnQ.dJNdxR%h^*,32,alphanumericSymbols,201.1
9645,(>=-@Ke?FE>Ed7p;zZLm]!(<zCVpa)y|,32,alphanumericSymbols,201.1
9646,v!A>W]yxit^hjv9T2N&F4E7&U:2&Ji;b,32,alphanumericSymbols,201.1
9647,Nuz}|2zUTV.3W?/efZDLK3@*[?h4e?Mt,32,alphanumericSymbols,201.1
9648,Q_V9h_%c$dc^}<Y|+.+}kvMQq)T>$cL?,32,alphanumericSymbols,201.1
9649,{t*cU%<+{U**nH-y4nDxn+[PRnEydkf:,32,alphanumericSymbols,201.1
9650,"UEnE)rJ2h?V((P^q9Mr4#-|,|{>jgms_",32,alphanumericSymbols,201.1
9651,&QY^hzL3jihRP+LMjqWg}DDP>$xa|#yb,32,alphanumericSymbols,201.1
9652,[DHH]#])nN7&H<$qaL}Kjyf?*hJfE-m?,32,alphanumericSymbols,201.1
9653,%FDC_bZpd+}d^7N<ue:Q^j7rf3]Y(V%Y,32,alphanumericSymbols,201.1
9654,t@zF:+eRq!9j=D)tFLQTf4|;:wK#zt-@,32,alphanumericSymbols,201.1
9655,tnpN{#zx}Y.7*cCkryn&u@nvjryKeYVx,32,alphanumericSymbols,201.1
9656,UYq>]z4]CMgdUEmp>)|-x:Mh2K%H!WQ_,32,alphanumericSymbols,201.1
9657,AdJ{#=7|Ljz-q{!MrDiLK?3/4x.(>Y3u,32,alphanumericSymbols,201.1
9658,[aqKN^&jYgX<j]HPC/NmW7W?h$})PsHV,32,alphanumericSymbols,201.1
9659,"Zv^3(.nv|;__+EqW!,Zv]tND^)rRXR:e",32,alphanumericSymbols,201.1
9660,]HM!]CQYweC.x*cUjEq|.+$?$P=xMr=c,32,alphanumericSymbols,201.1
9661,PdV|:2gUa<_iFua!_%L7;;J$#;CW)*@U,32,alphanumericSymbols,201.1
9662,:YPNDj7Ytc$<Ks@aR|]4ea;)qJQv}/QJ,32,alphanumericSymbols,201.1
9663,"2E^z=?n:JzJyp!%Z=2JjzJmLR;P,~>-#",32,alphanumericSymbols,201.1
9664,"&Cm{jrt@dq2fF/YAF:=9iy,)m9m/^Pn}",32,alphanumericSymbols,201.1
9665,!kKX{2c;L>V&!J.$2da^im:ReVQLM?Ee,32,alphanumericSymbols,201.1
9666,"qHEJ/J(xi;i,Q:yZs>3Kr{]<E?Wt3pCb",32,alphanumericSymbols,201.1
9667,9XV2#Wv*WZE[}tUY}d$/~=z]i42v].Uu,32,alphanumericSymbols,201.1
9668,+mWL=-!Ca~]49Hjh%ick>!-u-/}~mEfb,32,alphanumericSymbols,201.1
9669,qjN+-Wsz#hafsu].|=JUk7V!CHjraE.V,32,alphanumericSymbols,201.1
9670,y@/]U#P4HT!FDT=T4dA|++~La=}X|(Dt,32,alphanumericSymbols,201.1
9671,/s{eY4Tx7!$Xw<2N2+_ry[qT*EP>+@y.,32,alphanumericSymbols,201.1
9672,^7U)%my<*eZf4L}X-[cY[yV??a|ZK]zx,32,alphanumericSymbols,201.1
9673,w^rVVb{=jkm!^NV^&]K;A.KPN33{v/%[,32,alphanumericSymbols,201.1
9674,"[Ln[$rV%kMxqAN#QQa_7QY,s~&nKcx![",32,alphanumericSymbols,201.1
9675,=4@NXz9Lh_b<^py*NFy&j]]di{Pk[%Ft,32,alphanumericSymbols,201.1
9676,Wy|TX?P-YcU+}fngdTKfJq[7e{;rwjZT,32,alphanumericSymbols,201.1
9677,"37=]4J?/pC#z,xw)E{#nDKK_r!4gLcb%",32,alphanumericSymbols,201.1
9678,"#vnvbXqb{ZWUjZ^%e4.7([iA~mPs/,*]",32,alphanumericSymbols,201.1
9679,"{VVs_f977zU/[srKH|-JU)M|J,^Pen3>",32,alphanumericSymbols,201.1
9680,hPi7.EQs*u{7R>!RcQm%XmgD/kVLL_%$,32,alphanumericSymbols,201.1
9681,DxF4:CmUbmbrgadA|:>Ziu?Z(J9J@sr<,32,alphanumericSymbols,201.1
9682,>d!g]4^>2&vi!+rm@jq%y/+>?gcTJLK7,32,alphanumericSymbols,201.1
9683,|<R=%@]EZF=ZTmL$|:uCR:bcjZM2Ev-e,32,alphanumericSymbols,201.1
9684,!HsjRJXzFpevLgc/&DYJxN>=7Mrkmhmq,32,alphanumericSymbols,201.1
9685,MYPq-2FT~=ze/{Qd&2C@hVU]eMm9Zj[r,32,alphanumericSymbols,201.1
9686,{DR?U)~JK{:Mk!K~uZdkJccaf&$}[@X^,32,alphanumericSymbols,201.1
9687,".#3_[R:ME??Qy^YH_,bxqK{t:y#4T,a/",32,alphanumericSymbols,201.1
9688,"R(?_z,q&;(<hC9rEm[P7.d#ywTRQ*DHJ",32,alphanumericSymbols,201.1
9689,"EsTW#jb,ssD]sEpPm[^q&,vM(9sKNdzf",32,alphanumericSymbols,201.1
9690,gcFhN%vdEh*j&N=7^%?~ic]Pm=^w+j<-,32,alphanumericSymbols,201.1
9691,hY=}h_:a^Zpp&i>r)$JdtZ%dQ;|YQjR7,32,alphanumericSymbols,201.1
9692,"Hs!E$WN^A&Xd(Uy9LXfv(iz!q:PDA,Z%",32,alphanumericSymbols,201.1
9693,-LbKr#k]P}H&P+)VJvJZKN9K*d:it7[z,32,alphanumericSymbols,201.1
9694,Y*r<VU~J]#&zv%Z~M2XWpQ(!+g4g);dj,32,alphanumericSymbols,201.1
9695,"WaMEFM,_bMZT)EL|+u9A-]uZH!:RpY~!",32,alphanumericSymbols,201.1
9696,"UwE/>xn,MRkb{2<hbjM_pV^r&XA<Y9gn",32,alphanumericSymbols,201.1
9697,"[ApW%2#:sM7@eC*<R.zsTv|#}L-bV,a~",32,alphanumericSymbols,201.1
9698,^zUyEwuK=wT9:]W/&3Zd-Z/FH|!(Zj?V,32,alphanumericSymbols,201.1
9699,mECu?<|dCMJ_i3H+P-q-;&x?y_7p^JPT,32,alphanumericSymbols,201.1
9700,hWfv+gQx]QfT]|>*.@3?UMf@K?j]>p^W,32,alphanumericSymbols,201.1
9701,W$%LRYf?2q2[9<QKQ?R@gvP@7{<*2?Z7,32,alphanumericSymbols,201.1
9702,_z/Ybx=RC7))q~jrAEb9jdfMKDk]kF^m,32,alphanumericSymbols,201.1
9703,":qU>9mxRTQ,E%Pz7E?x;nJU<[&v.c4m(",32,alphanumericSymbols,201.1
9704,?vv4fif#yNK^ptK<)y].([b2HL:JXQu_,32,alphanumericSymbols,201.1
9705,"$y%M}h+;wQPaZKb,u34D~d4>LJt4c&,V",32,alphanumericSymbols,201.1
9706,)bk!p|.AgFLEEn!#vKKJzhXFTN7NY_n(,32,alphanumericSymbols,201.1
9707,T~bc{YA:f+4<hLX-WD!9$^FCjptu2@W:,32,alphanumericSymbols,201.1
9708,~Wbe@K33D=yc)CDp/mx.rNnsn7/R&*|v,32,alphanumericSymbols,201.1
9709,"/;q.yTZJwqVTe)&n*w^;#_dx//k,ag}f",32,alphanumericSymbols,201.1
9710,@TY>e&3qd3>(W{UDQt2Udv&%^cg]@+@n,32,alphanumericSymbols,201.1
9711,JR.LWwq[D/JLK;+s2!usPEJ_}_q#RKEh,32,alphanumericSymbols,201.1
9712,"Ax)7brv3UyV.V[,E*9fEdkkJg.bp%r&>",32,alphanumericSymbols,201.1
9713,;[nH4:Ce@%J>T(sAEpzf$wsu<rhu=L3<,32,alphanumericSymbols,201.1
9714,;<Hxquiit3R=]zqr>2$:$g>vD4.{%bJ@,32,alphanumericSymbols,201.1
9715,Kg:QsKK&+(}msf|%4&)x;!n>cZU!kE~V,32,alphanumericSymbols,201.1
9716,jd@Y:jEb77QD7e(-wu/p.ivrj7:fY(&/,32,alphanumericSymbols,201.1
9717,}rCW}Mvn@V<qu@@A[]9*_f!|9z+</3)#,32,alphanumericSymbols,201.1
9718,H.P]yyLJza4=/9Pz[rU/@gci(-M3=.e;,32,alphanumericSymbols,201.1
9719,",V.VR;=Qv:3Ez)EXAs:]Mz/Jh,ArDLV^",32,alphanumericSymbols,201.1
9720,3yJP&T/z2@uLP/&h:J(3mi|As=##f*~#,32,alphanumericSymbols,201.1
9721,!?g}t+D)4Xj@3jtTww^)[<dWgsJmErtr,32,alphanumericSymbols,201.1
9722,"xu;3eK?*sCt,^H3Zcp$]e.JzdZt}iC.b",32,alphanumericSymbols,201.1
9723,HPDF{T-UW(R~U+ZiY@#+m9M7}-davsTL,32,alphanumericSymbols,201.1
9724,>L]UM3Jpu%i=Xmd_ny!$LmY@C7=z/#fu,32,alphanumericSymbols,201.1
9725,"mUT,uH7({uJ~Cq:aV4xDwcKMu4hsp>vX",32,alphanumericSymbols,201.1
9726,>wbj@4]Qm2vpkVHWr$x?rxV?)27JhE7T,32,alphanumericSymbols,201.1
9727,"4r>_=_xVAHvhmt}gsX3,m-c.-hr/U4R=",32,alphanumericSymbols,201.1
9728,"4V]>,F:*PQn%L!bzM{(!TJL)yz<AMUJ+",32,alphanumericSymbols,201.1
9729,uE?mn<FvEcT|R*yd<w[V%*$U;CnYAq*V,32,alphanumericSymbols,201.1
9730,gx}tN%3N9^94%-Pqw-?iD;YrqNfdTsL%,32,alphanumericSymbols,201.1
9731,qkej)HJ%mZP<)#<M&UP=@Z=-b[[L}ae?,32,alphanumericSymbols,201.1
9732,#%:Up=[}JR!rNj</|L$x$]QvEu#:?NAA,32,alphanumericSymbols,201.1
9733,"4(Att3ENu@r,TYT>)a=gKz$~,|?hHmeM",32,alphanumericSymbols,201.1
9734,v/^}~$c_TDu4?]nW3zr##^Yb>NrR/FZ4,32,alphanumericSymbols,201.1
9735,~Fd|DVW{?K)_)7Y|bMj&%Yqv-v4x9dd9,32,alphanumericSymbols,201.1
9736,<chjea/]P#Yh;^fqzzHnYU^+Rt/p3)<~,32,alphanumericSymbols,201.1
9737,(b%=${yV2iJ9~QF@T#rVN(:vnZF[e-@.,32,alphanumericSymbols,201.1
9738,V(R]MkmksqfbHAw&jjX&wYnF?NVteq:g,32,alphanumericSymbols,201.1
9739,"-$rxQXaUfcy7c=(eDn$u,r;hND_t~:23",32,alphanumericSymbols,201.1
9740,"9]/:rh;PJui#:AAaF,<V2X,7/x&P)/vJ",32,alphanumericSymbols,201.1
9741,bj[UN+C4z_)V{!-@2jxaP)9nu/:-3sv<,32,alphanumericSymbols,201.1
9742,Ugx4|.Kf+j.@4^FF+3d_c&jk=<&C:V>:,32,alphanumericSymbols,201.1
9743,:+d.VCw!YPV#::crW3pEe7b&wsLYdKFE,32,alphanumericSymbols,201.1
9744,HwZ[q{tW9+:jsMnaJ.&>ga_7]yA)jF>_,32,alphanumericSymbols,201.1
9745,cfwWQZ+jC[2_xKH:3cN:~A_9c:2%mZes,32,alphanumericSymbols,201.1
9746,::[]uc}f@.3stWVUPb#X~ewCU]]w%w7n,32,alphanumericSymbols,201.1
9747,Q{]tQaDHEPg~Z?3?p<wX}]w-/%3/Uk}W,32,alphanumericSymbols,201.1
9748,i@?(WbZAPsn>L%P*)M:t]/X@P_nLjEv],32,alphanumericSymbols,201.1
9749,=<z;dX][M~;^A|*?*-Uyc=mYVd$:hkpr,32,alphanumericSymbols,201.1
9750,<3j%?q.x]&K;kVm_UPK^2$Z)QDDTiN/e,32,alphanumericSymbols,201.1
9751,"3v<%R|zZ&{HpRmLXdns?{|n%P*a;-X,k",32,alphanumericSymbols,201.1
9752,_a~UUf!)n#@^.@kLQjW#stPwH.Q)7$Pw,32,alphanumericSymbols,201.1
9753,"^r*~k%L{k_4grg{v){Tf-,w=!iM!CbQ#",32,alphanumericSymbols,201.1
9754,[Jg!(=YUynf&}zsW{UR_sCfUQ(Hh|swC,32,alphanumericSymbols,201.1
9755,*?~%Wv4C3*4$(FJe|bg!rFDWwsvk7_T{,32,alphanumericSymbols,201.1
9756,=XD4fP+-L[9cq^HP(|~my!n7Vsk4F]Z},32,alphanumericSymbols,201.1
9757,"mWZt+btQ?L>&bKaCUD:!9VhbE,R(J{!h",32,alphanumericSymbols,201.1
9758,+hUKt&q#+>2XN7%CuqV$t|gn[w~Ei~2M,32,alphanumericSymbols,201.1
9759,ks?eM&2p3#^Rtya.<$_+y(#[L+L*.wtt,32,alphanumericSymbols,201.1
9760,siE[z?)R4}E-J;~du}{AAJfyHzJ^}~D_,32,alphanumericSymbols,201.1
9761,"ZX|/Cs;4eK;4z~qz;WY:PMXj,?Wpm{WW",32,alphanumericSymbols,201.1
9762,"xPK%dx{w//}Eq!z,<m33H%2QkAm&L4Kw",32,alphanumericSymbols,201.1
9763,jN#Kj>/~F&?74>FH*tH<T%wc7ug2mafr,32,alphanumericSymbols,201.1
9764,"_&gL$Me#,.v,abDk4sjk.9L3.|cm~94y",32,alphanumericSymbols,201.1
9765,h!.{CJdH(Tu|-?q~~2$>q=te.%jdhFYJ,32,alphanumericSymbols,201.1
9766,YFvy*!A|KqZn4DWU7wUe<+[.=q*)NbL%,32,alphanumericSymbols,201.1
9767,M^&2;:sq)QvwKA{V3m/4gb%LgNAA/:#t,32,alphanumericSymbols,201.1
9768,"b/wr)%H+Dt[,3|ykmF^{;aDfk?jn?-J^",32,alphanumericSymbols,201.1
9769,+*|a+}_>;N}E[=7LW<)2tib/L*a}m$L7,32,alphanumericSymbols,201.1
9770,"@UN!ma$9dE>Ue-XC&LM&&}-?,F}@_QF*",32,alphanumericSymbols,201.1
9771,<<-;|j!@+D2fT~CNbq2QRfmC{+pd~<([,32,alphanumericSymbols,201.1
9772,;THJZn.3i;s}ZJyg>D~TiLi?&aXj)/yz,32,alphanumericSymbols,201.1
9773,wF$V^dHr^;A?Cu;YtfgR#zn>9g&^%-==,32,alphanumericSymbols,201.1
9774,"h@J<q=j{)}vL3:&z(qY7cN{vu,),[*fr",32,alphanumericSymbols,201.1
9775,"[drcMJ@/pXZRJ<p|(7q@Mtp?NAZMa2a,",32,alphanumericSymbols,201.1
9776,"AJ9xq(H(>3&$(whQ2bJ@u}([,R<dx.Zd",32,alphanumericSymbols,201.1
9777,"#YJ^a?DH.xc2QmH&u!&v-m#A!txAZ%,z",32,alphanumericSymbols,201.1
9778,"(NYzF>Nvd<g|fF3k~|,xvW)TdF3)4zVE",32,alphanumericSymbols,201.1
9779,"-xCiPt%a>f]4qd,RX,rssR>f}R~[H_Pn",32,alphanumericSymbols,201.1
9780,"/D9e?TUNEKF-q<#e[2.A;C[#2Ms,dyr]",32,alphanumericSymbols,201.1
9781,)e)>4}gC:L.hL3C!7w$T[tUe)vpTf2&;,32,alphanumericSymbols,201.1
9782,"[Zz{$9+WwP,i_g7$&jrW/WEYNRWR,aU_",32,alphanumericSymbols,201.1
9783,.Cb[4wxCP9%=@rCWW!mLD:.hsx#%$N:D,32,alphanumericSymbols,201.1
9784,UAM[/<s*RR<}k=2Ab((9%e>y4Eg:*+kT,32,alphanumericSymbols,201.1
9785,E[4Z&zY-P?kF]HVa.*CrgU.YZcM(hrE=,32,alphanumericSymbols,201.1
9786,dyfV=ZUfMPs$AAspx*W#;_aj7.LD+jDC,32,alphanumericSymbols,201.1
9787,)wMZZkbx4ikt%CCJNaiDF#+V(_e4PRVs,32,alphanumericSymbols,201.1
9788,N/LKh7./2!(@QC}U_K%cEttm[qs!e!w9,32,alphanumericSymbols,201.1
9789,>.ZJ2WdZqyuTu{F)mz-c>TWr2>)}MWiX,32,alphanumericSymbols,201.1
9790,(fQDxPxjA=+naR?z(VMP-9*whN_vu7[&,32,alphanumericSymbols,201.1
9791,7+}3zX?ws+DMEcX/V_qXR.K_.!7ykD&t,32,alphanumericSymbols,201.1
9792,^VgwM>is7-(#YDM)=APVK4x)Rbf&&#g},32,alphanumericSymbols,201.1
9793,"{FjNQ^]A-*.%q;LFQV,t2q7ydgz(,p%{",32,alphanumericSymbols,201.1
9794,(zL=%#4Y!U>m_PJwy!2>ty/U[qQ)r~#A,32,alphanumericSymbols,201.1
9795,w)4<iv)t.QWvD]}D#~7enfk~mJ|K%kzR,32,alphanumericSymbols,201.1
9796,Wek%|V?cFa7Mx]U2-M#f/A.Uyn!9?gF+,32,alphanumericSymbols,201.1
9797,K>?uJ{(/~J$37D9]9M>f]u2A|}k2zfPz,32,alphanumericSymbols,201.1
9798,-c)nT.}_7~C*2R*qt[2~/Xr%AzVWm=rz,32,alphanumericSymbols,201.1
9799,^h%n2uMgzP^7gZ-u(^3TRcz7XpJJ%yb$,32,alphanumericSymbols,201.1
9800,R}>Wdu/g_#K]tCZ{Jvv4_nb](4Jid/E{,32,alphanumericSymbols,201.1
9801,"m{(Us9Pt>/WwpQ,K-La%rWP</E{ZU=t_",32,alphanumericSymbols,201.1
9802,z7*-AP<jc)x{px2x-|PV_zq)p4+mQLFM,32,alphanumericSymbols,201.1
9803,scc#V2E}M2sm|t(!$!EqpXU9Cd~F^wc~,32,alphanumericSymbols,201.1
9804,:@UM._)NX927bebvg*^s*>:LMg=gaE*d,32,alphanumericSymbols,201.1
9805,}**9)~^CLnu=e:j:b*mjVYKqVsb}DDpZ,32,alphanumericSymbols,201.1
9806,sb!n//)kiaEL4f:c/njDnpZhb_YvqE+[,32,alphanumericSymbols,201.1
9807,AH^ZU@${d9tcv(EuAWws!~<X>)z?~b!T,32,alphanumericSymbols,201.1
9808,"c;/{FJe7]M%9w/z,JHxDt%yD$C$Y*X<+",32,alphanumericSymbols,201.1
9809,ic@!w+kV({NVCk-TW]p=srsTWd_D/KNP,32,alphanumericSymbols,201.1
9810,TvngzWmFeM/!Jkuj/Z7=e|#{(hh/)R]/,32,alphanumericSymbols,201.1
9811,>:2Hf>zcF$(yy(9jU?H~fy$Rdmh}7&=7,32,alphanumericSymbols,201.1
9812,U7a#<Jwu)%JV{r$!jci@)u^We^k[EAbQ,32,alphanumericSymbols,201.1
9813,yuaga<_Ry]KEJ7Wk<:JHrk2:uRhd<Wmt,32,alphanumericSymbols,201.1
9814,7Pm&)|.Aq?(gQbkEs#]c+AcyH7TQnqFz,32,alphanumericSymbols,201.1
9815,-m^:Vtp)TJwcKXr2Dz|D]hU.JW43X*yr,32,alphanumericSymbols,201.1
9816,"3?T{3$r-(}Pv[@r)^-TY<e,L#%@wP?}@",32,alphanumericSymbols,201.1
9817,g!=/-AcK~#TpU<r*>[pqb>K#a!!)-FUR,32,alphanumericSymbols,201.1
9818,fhRc/H9V4zM/%nK$j<<VNmQ{Ydh:>]ER,32,alphanumericSymbols,201.1
9819,"XaeTu2+b)|j<LRh7$Q,WfaXscW7Lq9=|",32,alphanumericSymbols,201.1
9820,";4A|*@xp/ehg$2W,4eZuT3L?b-[eU#%#",32,alphanumericSymbols,201.1
9821,-|haXHLJ$zV#:tK_pWnwd43}DWVv<7ra,32,alphanumericSymbols,201.1
9822,"<erACaL^W~FfV^,~x!(}:2dMRcp^.kTv",32,alphanumericSymbols,201.1
9823,"EfjY]k*}mJH!u3,*wh4MDf+)vnz;P~Ra",32,alphanumericSymbols,201.1
9824,.!<{2DH?_/QKpq[drjHednc&J7@}K!fa,32,alphanumericSymbols,201.1
9825,)pRF?]F($p+upe<x3dmg!ka4|<(UYu7W,32,alphanumericSymbols,201.1
9826,t7u(d.|eFf;u=fgRhh]C~4Ws$^.LEK.x,32,alphanumericSymbols,201.1
9827,h_9+UJjXce$%23~bqFup!{?AX+_f#$r{,32,alphanumericSymbols,201.1
9828,}D[sdm<hk$7Rjq(heq4?-R4^hTHd/eE=,32,alphanumericSymbols,201.1
9829,!hF/p7|UX[Qed:Hj=Pk#D>3w<!.gU4(V,32,alphanumericSymbols,201.1
9830,kn+[R((mrnYtP2uNh4~_UZwhyn/=Ri@q,32,alphanumericSymbols,201.1
9831,p}fxHuk4e}+gN3b<t/#+V(P2Ab@q}>z9,32,alphanumericSymbols,201.1
9832,^!Vy>@n*FPLE*z2j$}CPw%HkXf;UYfRU,32,alphanumericSymbols,201.1
9833,u_[#m$gu@L#AQWKu7k-(Mc#.+-&;P7E4,32,alphanumericSymbols,201.1
9834,LrCspn&K;3unYHg?tL-|hH@bMd/4zah?,32,alphanumericSymbols,201.1
9835,"~@>V^i+VF7u<|JqaFcE*?#,{RdpFu;M:",32,alphanumericSymbols,201.1
9836,"gz??k/}|qW(v+K-]_,Y>iV;tL?=E/YjH",32,alphanumericSymbols,201.1
9837,v^mem3/wy~>%XW}jXH!xh~4LNVWnKT}v,32,alphanumericSymbols,201.1
9838,-7)X!w~/F]f(XE}h4?k#<;^<AMuX^_;?,32,alphanumericSymbols,201.1
9839,2<|*kWm*n>>7T*-qLp+ajFtn@>7{![<a,32,alphanumericSymbols,201.1
9840,%z(d^YQ9}q+>MCR[)rWMMb_^++A{|4b9,32,alphanumericSymbols,201.1
9841,^!TZ=7W7iwNUkvb#Z-A%]PHjacq_s4R%,32,alphanumericSymbols,201.1
9842,"9i}-}!v!Z<:_*<_YvVQv]X9KxbVKk-i,",32,alphanumericSymbols,201.1
9843,"y!@Z.i^m+pPCv]Z[d+/n>L=x2s,uC[P_",32,alphanumericSymbols,201.1
9844,Q.9XAzyPQP#~:_wd@]sym~[DVU#XhKe=,32,alphanumericSymbols,201.1
9845,pQ;wz2={t(E;N=RvUv9/3h&mW%#~W]D3,32,alphanumericSymbols,201.1
9846,z)kqLJY:rcPN^T*PA/qK*%Ucw%/+ZCR?,32,alphanumericSymbols,201.1
9847,rCMy7%vjnsZ]+qpx)h7WJtjK&!*<^QzQ,32,alphanumericSymbols,201.1
9848,HusZ_r*(u#&iktcDr$X%iFd/%~NPH!f_,32,alphanumericSymbols,201.1
9849,E~-H|T>sa@Q2!qzn|eku7JC?^d27n;X4,32,alphanumericSymbols,201.1
9850,"U_PAksj>bvgh@sk4cj,|#sC(cT(s}r(x",32,alphanumericSymbols,201.1
9851,@)iHCrwT+wE+|4gd$_$t?irg:;AXq4fa,32,alphanumericSymbols,201.1
9852,f43Vc/j7*A?tM@YQ>}z+$q^Z#kW]bYVu,32,alphanumericSymbols,201.1
9853,J:c&TAWbW;3y]FDUJQu;&rR:9KrxZ!af,32,alphanumericSymbols,201.1
9854,W}}^($>).4PDZ24Mq?_(ef9r-3XA/rni,32,alphanumericSymbols,201.1
9855,_vTip)4!EFuz3/jE[%|T{y#.|4ZxAW|$,32,alphanumericSymbols,201.1
9856,:Lw&NpAn9k.L7:-$ZpD.Xj;tLN_/9yx*,32,alphanumericSymbols,201.1
9857,"H%tH)7ue,>,gnzs>faTQ/U[juz#Lir~Q",32,alphanumericSymbols,201.1
9858,XH<U-hfUk$.)+tR)dea^j>yMkDmJuhz|,32,alphanumericSymbols,201.1
9859,ER;={baX:NJhkEd{e.CWQAa{Nk^.}2cs,32,alphanumericSymbols,201.1
9860,A<7<&.|ruZn:Hm%qd!@|qw!W]Kxg3%e;,32,alphanumericSymbols,201.1
9861,PR7XRcPz[uwqX9KN<}pX^gC_v3U[3@$b,32,alphanumericSymbols,201.1
9862,7%[^qHi!}[DJtvq2txtjyg:4q}7.q%ay,32,alphanumericSymbols,201.1
9863,",TeEA~MJ,&Ek+*rkM*F_Vw2]![@gPa{c",32,alphanumericSymbols,201.1
9864,RP_<<gyZ=ZF#rEvUQ9&w4~aCmvCZz~&$,32,alphanumericSymbols,201.1
9865,"|K_2RmZu/+!4#;[ma?HK,qP>=*e)%Wg2",32,alphanumericSymbols,201.1
9866,[}aLDPm2~LniNRcTRDcyh>:r*KJ)#=XP,32,alphanumericSymbols,201.1
9867,e3hy+^%KkT?3P>s>LzgJH.)zZ&Fi=|y},32,alphanumericSymbols,201.1
9868,/_bY:=dUq)*sN{ft@{c<iqvr]qa((^uR,32,alphanumericSymbols,201.1
9869,22bkcHZuUA[feF>z^@D3>Yu_~7F2uvcx,32,alphanumericSymbols,201.1
9870,{P?X&kv+D3qhkj.T2&zbe*R)n$!.Ae~U,32,alphanumericSymbols,201.1
9871,"_zDb@7a@:.!htMdV<!,C$^9,qT%&{,Qx",32,alphanumericSymbols,201.1
9872,Z%v}A|m}M${jk+_A(@:ej=P2qPsXLWa(,32,alphanumericSymbols,201.1
9873,yKUKfV9f?zw~kCp]UETbUD$3dC}P|d(>,32,alphanumericSymbols,201.1
9874,"JP&vx@/iL;t_hXEVNK,Ta#}pXUJ*A[dW",32,alphanumericSymbols,201.1
9875,"NQ@kn-E=u_UW9Vi]nFHY&j7x4DA~]J;,",32,alphanumericSymbols,201.1
9876,"(qXPmFxA~,/n&)xK}bv2>EKcVk!~3M&n",32,alphanumericSymbols,201.1
9877,"wiP9L<~@3K/cP<s$y;aM|^=zv.;Nq/&,",32,alphanumericSymbols,201.1
9878,rNPR/:DYM(k4px@yU({ra(JiN#7.<?er,32,alphanumericSymbols,201.1
9879,ex#f^7g*&4h$A:hT2aXqk%Tu.._HhA%R,32,alphanumericSymbols,201.1
9880,"<9{;Ry(z9yHsWKK/zfLU|A,AVLF(zmnm",32,alphanumericSymbols,201.1
9881,Ebx9;/:}.AUn)JV[uZ:k$TDkiVUDV&:_,32,alphanumericSymbols,201.1
9882,}c7J2b#;HE(R9_&aqRc%#9CW7ATJpA4Y,32,alphanumericSymbols,201.1
9883,uahqxkj?N#L{~cD^wH![Agfp{_vYsitH,32,alphanumericSymbols,201.1
9884,M<diLVTAx.#z-c#)<Jm:TC<C9e#up)MC,32,alphanumericSymbols,201.1
9885,",MdT#va(k#[Y+##(jibH-=Q#4Pk*p/-v",32,alphanumericSymbols,201.1
9886,?xup~YgwEuY9yx;X.$nM[{YFFc&~}wA},32,alphanumericSymbols,201.1
9887,n];r9h?4rt{4?jvnXZDzEb.sq@]?N^Mg,32,alphanumericSymbols,201.1
9888,"N9Y{tZiHZ,wu|F}J*nmuuVr!7!^>^j<@",32,alphanumericSymbols,201.1
9889,(Jd}#fy@|>qdqRiy=^vKY&~{v)w:C3;#,32,alphanumericSymbols,201.1
9890,":7{cFYHd;:EtMXiyw-9Z[,f~NsN^w<jZ",32,alphanumericSymbols,201.1
9891,VVeqR=;*c)3[WmK2w#{E*>FC|4U3Hy_f,32,alphanumericSymbols,201.1
9892,ab]zPJPqiNhai2C$eyQE~Rz_&hg+2hK{,32,alphanumericSymbols,201.1
9893,".qHE&nV#(<[zRQ~Z32nQ,~z!^T]zzKf/",32,alphanumericSymbols,201.1
9894,",bQNbYhd4ie>*@{94h|3=-;2Kya4+_Qx",32,alphanumericSymbols,201.1
9895,>m:Md][LsaH@x%D_Nxa~^D[wX-MNK*L{,32,alphanumericSymbols,201.1
9896,"ipWsqr^U9pVhM3jjHK;Wkkfrn]K,dx22",32,alphanumericSymbols,201.1
9897,"}M4X&ms[/9*kh+E[c}]UFMZ%/C<c,bQQ",32,alphanumericSymbols,201.1
9898,Tk>HTKjmz(:)V/j[u}AV#Ug!ihJ??s?},32,alphanumericSymbols,201.1
9899,^$A+{Y=E>nW>TxdHf2mH~nbqvzAmWX!%,32,alphanumericSymbols,201.1
9900,ZAAJsk4tiw.)L.Hf4DC!cH;eWQeXTr!7,32,alphanumericSymbols,201.1
9901,"Ws(hn,~fWq**%Fe[/r;ufVRX/Ve|PV]q",32,alphanumericSymbols,201.1
9902,&i}WLZQ~yr;!<;ixf}/pu$Cf3#&+uY=s,32,alphanumericSymbols,201.1
9903,qq4Rd-2@A?vzt^_Xj#^?;N._p?Xh.X.f,32,alphanumericSymbols,201.1
9904,"?;|e,=!pzt.n2.+DNDxJ_e*+ncg>Yb>A",32,alphanumericSymbols,201.1
9905,"$,qr$QxHW2&>=y|)e#X+x!:?M&3a}:]V",32,alphanumericSymbols,201.1
9906,"uQ{$v$:vKC_K2xdv>n%N>#yP,aAsnu3!",32,alphanumericSymbols,201.1
9907,Hiy(_zH[2gDr&Rc_v+=e/_D|@PDK/u>y,32,alphanumericSymbols,201.1
9908,kDtYR{.;).2#:DXh.k2YaPZDy:n|;&Hm,32,alphanumericSymbols,201.1
9909,~:+A<#(>n^v<*#CA3_jQ4+u&s~MjQ}44,32,alphanumericSymbols,201.1
9910,t>2K+wTp!ykCs%s}wr2%D=!tQ_Tr>W^c,32,alphanumericSymbols,201.1
9911,"(3iX43Z|f:LbtP4}/9p&:PHC>,)}dF^)",32,alphanumericSymbols,201.1
9912,AR-EN(j-%L]:cj;%yE/]m!g_s_+Z]z$-,32,alphanumericSymbols,201.1
9913,"Cr?/rV<X?YXTRF:[=s&,vsiE_tc[YjVU",32,alphanumericSymbols,201.1
9914,9x%XKHm}Ka|xazKLbDa[}Re/{4~b(gR%,32,alphanumericSymbols,201.1
9915,"UtTt!;?WWVLd.4u,hs)zyDXwFC]!cnAC",32,alphanumericSymbols,201.1
9916,"Y3${x,{Q/FW{XQNDYuzXL<aRQiPXQHWX",32,alphanumericSymbols,201.1
9917,"Eucj,fzD%9%<|d~EF{nJQFRtQy.-#NDZ",32,alphanumericSymbols,201.1
9918,Vs2{*gWZK<$)Hh<PK$qJMCR~^wy?#Li=,32,alphanumericSymbols,201.1
9919,RfWL/JH&vJE+w33u3U&b}&Y-YDUDJ^K],32,alphanumericSymbols,201.1
9920,"{fXnMAHAXZ=tcpC#P{Qhm9,@e<Pk#9XJ",32,alphanumericSymbols,201.1
9921,"CmEFL#trjp]hH,nni~<,_hspvs&reJ}C",32,alphanumericSymbols,201.1
9922,T}w9DuzMq<=c&4hH]CE#YtKWk*uaZJp;,32,alphanumericSymbols,201.1
9923,x_u.99ntC+kvK$vge:Dr^v}4?{VPqZz+,32,alphanumericSymbols,201.1
9924,"!f[qz{d*bDX[!cqKrvtMNsH/dd.|kY,w",32,alphanumericSymbols,201.1
9925,"ULinuyF%Qp,)WxM2aPk<^_=QC({fXPa,",32,alphanumericSymbols,201.1
9926,":|@(xnbap@4-s%,Ai]hi%*!Nr,W{3@hy",32,alphanumericSymbols,201.1
9927,">{Dz=r*vM|D}T=9yzs:,vDka4!ZL4tcF",32,alphanumericSymbols,201.1
9928,qU!z!?-}r2&3?&XU_~:yZqeMt^/JZ>pv,32,alphanumericSymbols,201.1
9929,:::&zg:.=|DZK&&NR!C&N_fJY/n;m3UJ,32,alphanumericSymbols,201.1
9930,=W^x3n#4!=@}wC]u#%QxPNE-9w%$&pU@,32,alphanumericSymbols,201.1
9931,4{<Aa+F4f*U&.R#;W;t>(L&#=<.McbR4,32,alphanumericSymbols,201.1
9932,.:%4MLji@wn![sL)^qjzeyF}YR&e|}>(,32,alphanumericSymbols,201.1
9933,<WccCsPyQ&^qeF>7_b|N${qDvDtQ3?2F,32,alphanumericSymbols,201.1
9934,Xi7:_Rvj2yp&Cs%=7vt^z{M!Wk_u||x2,32,alphanumericSymbols,201.1
9935,"j-F.LPPjbPz/kfCDZNME,W7zsC=.>Ma:",32,alphanumericSymbols,201.1
9936,"yNh7(7s!C,(b[njA+h.aLmvJe:KV^+h3",32,alphanumericSymbols,201.1
9937,"Pk,cz7=Mw2J#|RHPg*;=;a<)MU#x+3K#",32,alphanumericSymbols,201.1
9938,"HKAxy2RQ>}+hJ^V$mK>spxq4yic,m>su",32,alphanumericSymbols,201.1
9939,"@}+PuzeQZ$/~+,!i?/g-)Djy=maRVAhC",32,alphanumericSymbols,201.1
9940,H$iK.qhz&n%>r+XL_&$.LH%A$F%=h?gs,32,alphanumericSymbols,201.1
9941,fF;F^k*irN&mT@7X=e[AH97~bqjz@7f9,32,alphanumericSymbols,201.1
9942,h}kXN@bWZJ^jX^NF+mL:UzyH]P%*L].b,32,alphanumericSymbols,201.1
9943,J-MU:yDz=d3;w[k;y_).^~&RqCHXCP=d,32,alphanumericSymbols,201.1
9944,">NY.@Lp|,+[k&2?bz~n92y>9f>v~X*jE",32,alphanumericSymbols,201.1
9945,Uv)h=&FcY-&={/jYZ|q3g2=VKy/L*q2?,32,alphanumericSymbols,201.1
9946,WNz9xX-f>9:<[LZ;-#u-7X?EDwU@u<!k,32,alphanumericSymbols,201.1
9947,kViaTv;c~7WL^T]!Z:JVx~2p(;<|~h3a,32,alphanumericSymbols,201.1
9948,DM$-X9@CvC?%Tp;Put!(ta-9QurU>^Rr,32,alphanumericSymbols,201.1
9949,"b;Av%z_~.PTix%Tdwe+@,39M~MKix<+U",32,alphanumericSymbols,201.1
9950,";w@[-L$&%[Wr[~z^}DC/,p74c(9}*[N#",32,alphanumericSymbols,201.1
9951,T>}TMEwY;Ktps4-Dz:}2w-]2X~+Xqhyf,32,alphanumericSymbols,201.1
9952,U?=p=[.m7)xV${$Me>>^L9ei9qTbPF:i,32,alphanumericSymbols,201.1
9953,$P?Ka_UJ<7)p+V-:@u=<y#g}A[x~+pak,32,alphanumericSymbols,201.1
9954,"y@>,Tbf7f2:~JN9aEsCs[-y}z[+~&F@D",32,alphanumericSymbols,201.1
9955,",Vs]fc%%R}@-4*,{z&@np*QALJV$*^h>",32,alphanumericSymbols,201.1
9956,"n@+,9Z.i3t7K|@@{:q&,E#)D)[Ct;k.m",32,alphanumericSymbols,201.1
9957,ZJzwMzi!Dv|gE%n{bHVXV!zCfY!@=M!),32,alphanumericSymbols,201.1
9958,"YfK##b-,fbhb*n}HP}s]_vtZwW}TT&j-",32,alphanumericSymbols,201.1
9959,"p|Y(HccfAQp3%N)jgKu~,;+-2g_4T?s.",32,alphanumericSymbols,201.1
9960,")p<vuVQAncXnDszQeR+*}Q-<]/aN,c33",32,alphanumericSymbols,201.1
9961,P^VyYV/AKisDtCNTk+gfiM}Vm(E?Vtg7,32,alphanumericSymbols,201.1
9962,Vy=|>X^UqHnDx$w&nx-_|c}UXvq(U/+Z,32,alphanumericSymbols,201.1
9963,7JmsJb/ak4)()j^h#&N)r<y7xXdWP|f},32,alphanumericSymbols,201.1
9964,EXT|UT2~-jx.(*Uw7FpPC:D*N%&JMVgW,32,alphanumericSymbols,201.1
9965,y;t!b3;Yf}]m&3#%($*zHgv;n_r|XqX$,32,alphanumericSymbols,201.1
9966,"W4%dJH.{x=J*!,h.|CgJkWqm*NJN]E[.",32,alphanumericSymbols,201.1
9967,V]a-RNV]pLJHPN{%)|X:q$EW-w?CQ_ae,32,alphanumericSymbols,201.1
9968,_]%dTpq&dYh;VLL4p?P)Y]id>TCiF)UP,32,alphanumericSymbols,201.1
9969,(UA3*L&$3rFJYv?qqp}uW$Q&u}stUj+[,32,alphanumericSymbols,201.1
9970,CfV~pZmhU{)YNZ:a$m}Y*C^n!U#e@DV.,32,alphanumericSymbols,201.1
9971,Ui!tk?juRR}&h%w[M27-@d*f2y+-Z{N3,32,alphanumericSymbols,201.1
9972,RA=C@42V#)X<R$=d$D(^{^rfELt=9Q^D,32,alphanumericSymbols,201.1
9973,"^jDYfZ[i&=$n$@,%%d^{qp)=p;c<.m%@",32,alphanumericSymbols,201.1
9974,AFpvt/H(/*7Z$QdXcxN[@C|X7]QW_{-b,32,alphanumericSymbols,201.1
9975,"]pMgVwgKd&|9YFb9z:*d-4fYJ@,kD[-4",32,alphanumericSymbols,201.1
9976,"HAH2]^4[g;m/EYp%%$Nf?{aFgq^DF>,%",32,alphanumericSymbols,201.1
9977,>3+M(Lq#dJf;#d[([pFYU7)Rhc/EFP_y,32,alphanumericSymbols,201.1
9978,[K!e*})An7J#+7t[*?x~(r2}b*aHX_|3,32,alphanumericSymbols,201.1
9979,"cj!T=|wX,;bm7r]~H!TVr2.uqmX{g+~E",32,alphanumericSymbols,201.1
9980,9ptfs=2+XE%.R((zbQ@i7zHi=HTQw#ge,32,alphanumericSymbols,201.1
9981,Eg?TpL[<A*ZM_c?${nL#?xJNqf_Kh{sv,32,alphanumericSymbols,201.1
9982,q+k7heby7?x7czp@-YUkwdWg2iQKjg=V,32,alphanumericSymbols,201.1
9983,=&Pr?&Y2d9DZC{aKy#&3A/?yZRp:y9VD,32,alphanumericSymbols,201.1
9984,<Ru]i!(cd<=^-4Ygx[hU=!:snddN$+RW,32,alphanumericSymbols,201.1
9985,Rs/z<|N_gg*s)Y^AjRp.n2W$/d+jP2c4,32,alphanumericSymbols,201.1
9986,"j=}HhzuVx/49<;3D:gy,RN+{bKkCY^~q",32,alphanumericSymbols,201.1
9987,nfhYa]a#dpV|V+9NbjZ)Ck3W7}UUcmy9,32,alphanumericSymbols,201.1
9988,Y-.h?yTM!wY]Z)3p]UX_~dgXR<cKweQ{,32,alphanumericSymbols,201.1
9989,#&9)f)Tb@CNp)Uwr)jVdyEFhp.#4xTdA,32,alphanumericSymbols,201.1
9990,"QC~<KT.jbE-;#;a3?X,+<#9rw}Eef$]J",32,alphanumericSymbols,201.1
9991,PK>~#m;PkZU_uDX/rPDA-f>)4yQh!wD;,32,alphanumericSymbols,201.1
9992,N]Jqwf-tv=~(A[qx]_L@|+uvx-%.hqQ#,32,alphanumericSymbols,201.1
9993,"N_=z~$|gvA+4:b<i.AEA,<4Y?^hQhkd*",32,alphanumericSymbols,201.1
9994,|)NYQ;Z:Xscs&mrW~^A[<^fpfpe/ZRv},32,alphanumericSymbols,201.1
9995,"H7tPUe&NEwg|y@#En>|hL&yY_[J^,+@e",32,alphanumericSymbols,201.1
9996,".Zhf*FaW!,H$U_u;tY/!}!MC~FJ?U:F4",32,alphanumericSymbols,201.1
9997,"y|/W4XmF$zXR,n-x#[jj?=dwE&Z*2=z*",32,alphanumericSymbols,201.1
9998,"}vUhei_grV7stLg*b,vhj;-#z@HYU*Vc",32,alphanumericSymbols,201.1
9999,"V|D4+~,kP-Q]t~ia{e&?<32FF3P=H9z3",32,alphanumericSymbols,201.1
10000,@~?$Dd@LVRAP>;%v9Jke;ba*^c>LVPj~,32,alphanumericSymbols,201.1
